eli,year,pos,type,title,announcement_date,promulgation,change_date,pdf_sha256,pages,words,no_text_pages,image_pages,ocr_pages,status,error,converter,converted_at
MP/2025/1,2025,1,Komunikat,Komunikat Ministra Rozwoju i Technologii z dnia 19 grudnia 2024 r. o wydanej decyzji w sprawie pozbawienia przedsiębiorcy statusu centrum badawczo-rozwojowego,2024-12-19,2025-01-02,2025-08-18T11:38:11,9c2f09852c4618add8afb0059a9853aa22d05f98149ff2aa68aed65954e37e7e,1,88,0,0,0,ok,,eli2md 0.6.3,2026-09-29T23:17:06Z
MP/2025/2,2025,2,Postanowienie,Postanowienie Prezydenta Rzeczypospolitej Polskiej z dnia 20 listopada 2024 r. nr 115.10.2024 zmieniające postanowienie w sprawie nadania tytułu profesora,2024-11-20,2025-01-02,2025-01-21T17:06:27,32a4010e0011f95335201539bbf7f691d46dc790944ff74abec0061b3cb67ad3,1,115,0,0,0,ok,,eli2md 0.6.3,2026-09-29T23:17:06Z
MP/2025/3,2025,3,Postanowienie,Postanowienie Prezydenta Rzeczypospolitej Polskiej z dnia 6 grudnia 2024 r. nr 115.11.2024 zmieniające postanowienie w sprawie nadania tytułu profesora,2024-12-06,2025-01-02,2025-01-03T11:12:48,4b00521fa1a5e32c9c870b9dbcb680b59c860313c90977859038d42a10630751,1,115,0,0,0,ok,,eli2md 0.6.3,2026-09-29T23:17:06Z
MP/2025/4,2025,4,Uchwała,Uchwała Sejmu Rzeczypospolitej Polskiej z dnia 20 grudnia 2024 r. w sprawie wsparcia protestów obywatelskich w Gruzji oraz potępienia stosowania przemocy wobec ich uczestników,2024-12-20,2025-01-03,2025-01-07T11:34:03,05874b1b546c731a8126b96867d23e314a8d693f48df0e3805ee3246d8acf6a9,1,288,0,0,0,ok,,eli2md 0.6.3,2026-09-29T23:17:07Z
MP/2025/5,2025,5,Postanowienie,Postanowienie Prezydenta Rzeczypospolitej Polskiej z dnia 5 listopada 2024 r. nr rej. 550/2024 o nadaniu odznaczeń,2024-11-05,2025-01-07,2025-01-08T11:41:48,f37ab3543310bbfe4960fce4f72acbdf90715ff7ffa1a53e817e6abe7cf7de4d,3,359,0,0,0,ok,,eli2md 0.6.3,2026-09-29T23:17:07Z
MP/2025/6,2025,6,Postanowienie,Postanowienie Prezydenta Rzeczypospolitej Polskiej z dnia 30 października 2024 r. nr rej. 555/2024 o nadaniu odznaczeń,2024-10-30,2025-01-07,2025-01-08T11:41:49,4ac09d3282090426270c91e512d6a275c0f75fd05260a11c0c6967483e764ab5,1,118,0,0,0,ok,,eli2md 0.6.3,2026-09-29T23:17:07Z
MP/2025/7,2025,7,Postanowienie,Postanowienie Prezydenta Rzeczypospolitej Polskiej z dnia 6 listopada 2024 r. nr rej. 556/2024 o nadaniu odznaczeń,2024-11-06,2025-01-07,2025-01-08T11:41:49,7d1cba08ff5e42f022b2f822ce1211c16c8e409523957ec70b725aeea5a7eaaf,1,142,0,0,0,ok,,eli2md 0.6.3,2026-09-29T23:17:07Z
MP/2025/8,2025,8,Postanowienie,Postanowienie Prezydenta Rzeczypospolitej Polskiej z dnia 5 listopada 2024 r. nr rej. 564/2024 o nadaniu orderu,2024-11-05,2025-01-07,2025-01-08T11:41:49,63a27ead266bff653b2c4cf11926170d805b472c39372a523f18c5ec2c18fbd4,1,81,0,0,0,ok,,eli2md 0.6.3,2026-09-29T23:17:07Z
MP/2025/9,2025,9,Postanowienie,Postanowienie Prezydenta Rzeczypospolitej Polskiej z dnia 5 listopada 2024 r. nr rej. 571/2024 o nadaniu orderów,2024-11-05,2025-01-07,2025-01-08T11:41:49,9a4ef237083989de415f6ad425d36766d963ec2d9b74b59f7c3cd36fc18a32f3,1,81,0,0,0,ok,,eli2md 0.6.3,2026-09-29T23:17:07Z
MP/2025/10,2025,10,Zarządzenie,"Zarządzenie nr 157 Prezesa Rady Ministrów z dnia 17 grudnia 2024 r. w sprawie przeznaczenia składników majątkowych będących w posiadaniu urzędu obsługującego ministra właściwego do spraw energii, przeznaczonych do realizacji zadań i kompetencji ministra właściwego do spraw gospodarki surowcami energetycznymi",2024-12-17,2025-01-07,2025-01-08T11:41:49,5954f1cc72cc253319abadfbee3ee485bd798dfc019363f803bc58ccdb1a2b6d,77,16998,0,0,0,ok,,eli2md 0.6.3,2026-09-29T23:17:20Z
MP/2025/11,2025,11,Postanowienie,Postanowienie Prezydenta Rzeczypospolitej Polskiej z dnia 6 listopada 2024 r. nr rej. 572/2024 o nadaniu odznaczenia,2024-11-06,2025-01-08,2025-01-09T11:18:39,1e95b01a468861eafd6b8bec234e604ac308eb5c13ea5f637ecbdcb362f1db97,1,70,0,0,0,ok,,eli2md 0.6.3,2026-09-29T23:17:20Z
MP/2025/12,2025,12,Postanowienie,Postanowienie Prezydenta Rzeczypospolitej Polskiej z dnia 6 listopada 2024 r. nr rej. 573/2024 o nadaniu orderu i odznaczeń,2024-11-06,2025-01-08,2025-01-09T11:18:39,7b94f47a52730c3274384c7526bc858dbaec84084ab1168c50603f0659c5ecda,1,126,0,0,0,ok,,eli2md 0.6.3,2026-09-29T23:17:20Z
MP/2025/13,2025,13,Postanowienie,Postanowienie Prezydenta Rzeczypospolitej Polskiej z dnia 8 listopada 2024 r. nr rej. 580/2024 o nadaniu orderu,2024-11-08,2025-01-08,2025-01-09T11:18:39,dedf971d004b3d598c22c988df047673bd176697b423e151a7a895fed3f40c1e,1,71,0,0,0,ok,,eli2md 0.6.3,2026-09-29T23:17:20Z
MP/2025/14,2025,14,Postanowienie,Postanowienie Prezydenta Rzeczypospolitej Polskiej z dnia 8 listopada 2024 r. nr rej. 581/2024 o nadaniu orderu,2024-11-08,2025-01-08,2025-01-09T11:18:39,4891c613533ffccd899aa9ef04d60ec09508b2adfb3a06fca0067d45ae9914db,1,76,0,0,0,ok,,eli2md 0.6.3,2026-09-29T23:17:20Z
MP/2025/15,2025,15,Postanowienie,Postanowienie Prezydenta Rzeczypospolitej Polskiej z dnia 8 listopada 2024 r. nr rej. 582/2024 o zmianie postanowienia o nadaniu orderów,2024-11-08,2025-01-08,2025-01-09T11:18:40,6ac92e89406b7a602e6ddb656a4fbc9d97d31f49dc0eb5ddc3d6ef654e9d9189,1,128,0,0,0,ok,,eli2md 0.6.3,2026-09-29T23:17:20Z
MP/2025/16,2025,16,Postanowienie,"Postanowienie Prezydenta Rzeczypospolitej Polskiej z dnia 6 listopada 2024 r. nr 112.89.2024 w sprawie mianowania na stopnie oficerskie generała broni, generała dywizji, wiceadmirała oraz generała brygady",2024-11-06,2025-01-08,2025-01-09T11:18:40,c3c3f250087fe40ae02b50a2576ca184c763bffafb14f24259f6febdb17a05f9,1,151,0,0,0,ok,,eli2md 0.6.3,2026-09-29T23:17:20Z
MP/2025/17,2025,17,Postanowienie,Postanowienie Prezydenta Rzeczypospolitej Polskiej z dnia 8 listopada 2024 r. nr 112.92.2024 o nadaniu stopnia nadbrygadiera Państwowej Straży Pożarnej,2024-11-08,2025-01-08,2025-01-09T11:18:40,37131215d5268d536c6336e33298168bd1d3dd1683e0fff37305164c5afbfa6c,1,80,0,0,0,ok,,eli2md 0.6.3,2026-09-29T23:17:20Z
MP/2025/18,2025,18,Postanowienie,Postanowienie Prezydenta Rzeczypospolitej Polskiej z dnia 8 listopada 2024 r. nr 112.93.2024 o mianowaniu na stopień nadinspektora Policji,2024-11-08,2025-01-08,2025-02-06T11:49:19,1ac70e3a56b6fe443d480e191de5eddb566902652fa1edc8f0a8f5aeb02f80c1,1,81,0,0,0,ok,,eli2md 0.6.3,2026-09-29T23:17:20Z
MP/2025/19,2025,19,Postanowienie,Postanowienie Prezydenta Rzeczypospolitej Polskiej z dnia 13 listopada 2024 r. nr rej. 583/2024 o nadaniu orderu,2024-11-13,2025-01-08,2025-01-09T11:18:40,35bfe8eaa87046cc04a03e6efcc9fd5a68b313f0f1f76df79f3bace92b5fbe1d,1,89,0,0,0,ok,,eli2md 0.6.3,2026-09-29T23:17:20Z
MP/2025/20,2025,20,Postanowienie,Postanowienie Prezydenta Rzeczypospolitej Polskiej z dnia 14 listopada 2024 r. nr rej. 584/2024 o nadaniu orderu,2024-11-14,2025-01-08,2025-01-09T11:18:40,de04c241b5376fd6e0be94857b054cd30b6c01fc4074f713b0493957b291d3cd,1,81,0,0,0,ok,,eli2md 0.6.3,2026-09-29T23:17:20Z
MP/2025/21,2025,21,Postanowienie,Postanowienie Prezydenta Rzeczypospolitej Polskiej z dnia 20 listopada 2024 r. nr rej. 586/2024 o nadaniu orderów,2024-11-20,2025-01-08,2025-01-09T11:18:40,6dd5c2df12d17fa8337134ab23105efac5222efae58606e01ac5ff32b4054a4e,1,135,0,0,0,ok,,eli2md 0.6.3,2026-09-29T23:17:20Z
MP/2025/22,2025,22,Postanowienie,Postanowienie Prezydenta Rzeczypospolitej Polskiej z dnia 14 listopada 2024 r. nr rej. 587/2024 o nadaniu odznaczeń,2024-11-14,2025-01-08,2025-01-09T11:18:40,1ccff48ca03aaf6fd11bc39a968326cb3606c7bb924f6a18f359deb72fa7dcff,3,332,0,0,0,ok,,eli2md 0.6.3,2026-09-29T23:17:20Z
MP/2025/23,2025,23,Postanowienie,Postanowienie Prezydenta Rzeczypospolitej Polskiej z dnia 14 listopada 2024 r. nr rej. 589/2024 o nadaniu orderu i odznaczeń,2024-11-14,2025-01-08,2025-01-09T11:18:40,7f8ce6501ac20b9faa729c37549cf1c8d8d85bdccb03fb26792eaed4e56dcaa0,1,121,0,0,0,ok,,eli2md 0.6.3,2026-09-29T23:17:20Z
MP/2025/24,2025,24,Postanowienie,Postanowienie Prezydenta Rzeczypospolitej Polskiej z dnia 15 listopada 2024 r. nr rej. 590/2024 o nadaniu orderu,2024-11-15,2025-01-08,2025-01-09T11:18:40,677ac076c2d4341207dce972bf4095168d1c6ebf3d6ea0221353d656c8557081,1,84,0,0,0,ok,,eli2md 0.6.3,2026-09-29T23:17:20Z
MP/2025/25,2025,25,Postanowienie,Postanowienie Prezydenta Rzeczypospolitej Polskiej z dnia 15 listopada 2024 r. nr rej. 591/2024 o nadaniu odznaczeń,2024-11-15,2025-01-08,2025-01-09T11:18:40,6b640204cd544037d2266d65b5e29cf9dc4b911f9271afcc145bd542fc948b9a,1,77,0,0,0,ok,,eli2md 0.6.3,2026-09-29T23:17:20Z
MP/2025/26,2025,26,Postanowienie,Postanowienie Prezydenta Rzeczypospolitej Polskiej z dnia 14 listopada 2024 r. nr rej. 592/2024 o nadaniu orderu,2024-11-14,2025-01-08,2025-01-09T11:18:40,432ba1b29965b9849eb942dd4f9a34d32a16b4ff4f97ab3731ce777561768e68,1,82,0,0,0,ok,,eli2md 0.6.3,2026-09-29T23:17:20Z
MP/2025/27,2025,27,Postanowienie,Postanowienie Prezydenta Rzeczypospolitej Polskiej z dnia 15 listopada 2024 r. nr rej. 593/2024 o nadaniu odznaczenia,2024-11-15,2025-01-08,2025-01-09T11:18:40,fd596b2822cd2adb2e6383106be5e5a600d5911a6c9181d3b2d7b00fc4acbcee,1,71,0,0,0,ok,,eli2md 0.6.3,2026-09-29T23:17:20Z
MP/2025/28,2025,28,Postanowienie,Postanowienie Prezydenta Rzeczypospolitej Polskiej z dnia 15 listopada 2024 r. nr rej. 594/2024 o nadaniu orderu,2024-11-15,2025-01-08,2025-01-09T11:18:40,b7d2f79cc9f59084a900c7503afe00eb3dd11318fc7d7eb0f3452224f2da753e,1,78,0,0,0,ok,,eli2md 0.6.3,2026-09-29T23:17:20Z
MP/2025/29,2025,29,Uchwała,"Uchwała nr 166 Rady Ministrów z dnia 31 grudnia 2024 r. zmieniająca uchwałę w sprawie ustanowienia programu wieloletniego - ""Program inwestycyjny Centralny Port Komunikacyjny. Etap II. 2024-2030""",2024-12-31,2025-01-09,2025-01-10T11:17:15,3fbc4d6e5e1170d85588d635e11a31ff71a670b5e94ed90139184d89edd17353,47,16354,42,0,41,ok,,eli2md 0.6.3,2026-09-29T23:19:53Z
MP/2025/30,2025,30,Postanowienie,Postanowienie Prezydenta Rzeczypospolitej Polskiej z dnia 20 listopada 2024 r. nr rej. 595/2024 o nadaniu odznaczeń,2024-11-20,2025-01-09,2025-01-10T11:17:15,8d3cd1df30bd297ec8ac6e4f95640f1ff6f3ddfbadccd0838e4152ccb2513a73,2,189,0,0,0,ok,,eli2md 0.6.3,2026-09-29T23:19:53Z
MP/2025/31,2025,31,Postanowienie,Postanowienie Prezydenta Rzeczypospolitej Polskiej z dnia 20 listopada 2024 r. nr rej. 596/2024 o nadaniu orderów i odznaczeń,2024-11-20,2025-01-09,2025-01-10T11:17:15,3e25c8d1e53e6b38ae51c9e171bf6231d177daca260defedb857c2e93b48fe02,2,246,0,0,0,ok,,eli2md 0.6.3,2026-09-29T23:19:53Z
MP/2025/32,2025,32,Postanowienie,Postanowienie Prezydenta Rzeczypospolitej Polskiej z dnia 20 listopada 2024 r. nr rej. 599/2024 o nadaniu odznaczeń,2024-11-20,2025-01-09,2025-01-10T11:17:15,fc1c416cadddfddda9062de39943596725354b738537f4a1bf537227c9d942a7,1,125,0,0,0,ok,,eli2md 0.6.3,2026-09-29T23:19:53Z
MP/2025/33,2025,33,Postanowienie,Postanowienie Prezydenta Rzeczypospolitej Polskiej z dnia 21 listopada 2024 r. nr rej. 602/2024 o nadaniu orderu,2024-11-21,2025-01-09,2025-01-10T11:17:15,9c7dcc35ad8277072fbec2fc2133f2ba8d4925b133ad0251f2fe3fa9abebca71,1,76,0,0,0,ok,,eli2md 0.6.3,2026-09-29T23:19:53Z
MP/2025/34,2025,34,Postanowienie,Postanowienie Prezydenta Rzeczypospolitej Polskiej z dnia 27 listopada 2024 r. nr rej. 603/2024 o nadaniu orderów i odznaczeń,2024-11-27,2025-01-09,2025-01-10T11:17:15,6f58e984f72610f348c99a8567fdb706d141f654de26c08359b0cd5f8856ddd2,3,462,0,0,0,ok,,eli2md 0.6.3,2026-09-29T23:19:53Z
MP/2025/35,2025,35,Zarządzenie,Zarządzenie nr 1 Prezesa Rady Ministrów z dnia 8 stycznia 2025 r. w sprawie Zespołu do spraw Migracji,2025-01-08,2025-01-09,2025-01-10T11:17:15,07de059fda0fccc5043c1a43f1656340d66e59cc937de9836414dd1bf776cac0,3,856,0,0,0,ok,,eli2md 0.6.3,2026-09-29T23:19:53Z
MP/2025/36,2025,36,Postanowienie,Postanowienie Prezydenta Rzeczypospolitej Polskiej z dnia 27 listopada 2024 r. nr rej. 605/2024 o nadaniu odznaczeń,2024-11-27,2025-01-09,2025-01-10T11:17:15,2c5cab4a1982ced45f15612ff24aeb5c5df1e583b89487bf58736d2a5b73c49b,2,294,0,0,0,ok,,eli2md 0.6.3,2026-09-29T23:19:53Z
MP/2025/37,2025,37,Postanowienie,Postanowienie Prezydenta Rzeczypospolitej Polskiej z dnia 27 listopada 2024 r. nr rej. 606/2024 o nadaniu orderu i odznaczeń,2024-11-27,2025-01-09,2025-01-10T11:17:15,44477b6dcebdb2e3096033a070116be9142b967264a9b49d15713987b3459059,1,117,0,0,0,ok,,eli2md 0.6.3,2026-09-29T23:19:53Z
MP/2025/38,2025,38,Postanowienie,Postanowienie Prezydenta Rzeczypospolitej Polskiej z dnia 27 listopada 2024 r. nr rej. 607/2024 o nadaniu odznaczeń,2024-11-27,2025-01-09,2025-01-10T11:17:16,f5053c593be5788a398628fdf49b52a8f797e1a7ef96c7e428bec7b501f02ee5,3,334,0,0,0,ok,,eli2md 0.6.3,2026-09-29T23:19:53Z
MP/2025/39,2025,39,Postanowienie,Postanowienie Prezydenta Rzeczypospolitej Polskiej z dnia 29 listopada 2024 r. nr rej. 610/2024 o nadaniu orderu,2024-11-29,2025-01-09,2025-01-10T11:17:16,a51d960da77f8bde738fdbcf4614746bd58503688949b8b6ae160ee07fb9ac77,1,74,0,0,0,ok,,eli2md 0.6.3,2026-09-29T23:19:53Z
MP/2025/40,2025,40,Komunikat,Komunikat Prezesa Państwowej Agencji Atomistyki z dnia 7 stycznia 2025 r. w sprawie sytuacji radiacyjnej kraju w III kwartale 2024 r.,2025-01-07,2025-01-09,2025-01-10T11:17:16,50194cec32d302c9df977a47f79a1909448f3fdbfd02890cd1ed9780560f5a36,1,168,0,0,0,ok,,eli2md 0.6.3,2026-09-29T23:19:53Z
MP/2025/41,2025,41,Obwieszczenie,Obwieszczenie Ministra Zdrowia z dnia 3 stycznia 2025 r. w sprawie wykazu jednostek organizacyjnych podległych Ministrowi Zdrowia lub przez niego nadzorowanych,2025-01-03,2025-01-09,2025-01-10T11:17:16,58dc935f45fd6ab22c41369d4f296eece51c9738f2ee5f92c7eef3adaef5d5f4,3,627,0,0,0,ok,,eli2md 0.6.3,2026-09-29T23:19:53Z
MP/2025/42,2025,42,Obwieszczenie,"Obwieszczenie Ministra Sportu i Turystyki z dnia 26 listopada 2024 r. w sprawie włączenia kwalifikacji wolnorynkowej ""Planowanie i prowadzenie procesu treningowego w szermierce"" do Zintegrowanego Systemu Kwalifikacji",2024-11-26,2025-01-10,2025-01-13T11:07:41,89b60ae6cab7018ed9e9653ae522eeaded95d2cc9ec12ad149a641d64b260242,8,2314,0,0,0,ok,,eli2md 0.6.3,2026-09-29T23:19:53Z
MP/2025/43,2025,43,Uchwała,Uchwała Senatu Rzeczypospolitej Polskiej z dnia 8 stycznia 2025 r. w 80. rocznicę Tragedii Górnośląskiej,2025-01-08,2025-01-10,2026-05-12T09:01:27,20f4a19d0192aba8cf03beb461a9295704c9d444546291aea87e8a9ffb29e56c,1,304,0,0,0,ok,,eli2md 0.6.3,2026-09-29T23:19:53Z
MP/2025/44,2025,44,Obwieszczenie,Obwieszczenie Prezesa Głównego Urzędu Statystycznego z dnia 9 stycznia 2025 r. w sprawie wskaźników zmian cen dla lokali mieszkalnych w trzecim kwartale 2024 r. z podziałem na województwa,2025-01-09,2025-01-10,2025-07-08T11:14:16,c6fa0052eaa0f34adf9b2820b0ee6f2f6152ed048d654156557db8e1f5bc7a66,2,158,0,0,0,ok,,eli2md 0.6.3,2026-09-29T23:19:53Z
MP/2025/45,2025,45,Obwieszczenie,"Obwieszczenie Prezesa Rady Ministrów z dnia 17 grudnia 2024 r. w sprawie ogłoszenia jednolitego tekstu uchwały Rady Ministrów w sprawie ustanowienia programu wieloletniego pod nazwą ""Program wspierania inwestycji infrastrukturalnych w związku z realizacją kluczowych inwestycji w zakresie strategicznej infrastruktury energetycznej, w tym elektrowni jądrowej, w województwie pomorskim""",2024-12-17,2025-01-15,2026-03-03T10:10:59,9a5711bb7738368d225e7f8384e8a04b5d175245eb64803bf08131da80b49231,25,5512,0,0,0,ok,,eli2md 0.6.3,2026-09-29T23:19:53Z
MP/2025/46,2025,46,Obwieszczenie,"Obwieszczenie Ministra Sportu i Turystyki z dnia 26 listopada 2024 r. w sprawie włączenia kwalifikacji wolnorynkowej ""Planowanie i prowadzenie procesu kształcenia instruktorów i trenerów w szermierce"" do Zintegrowanego Systemu Kwalifikacji",2024-11-26,2025-01-16,2025-01-17T09:34:45,781006bb8c353c38f711b978aa4b333db06419dbd30c5c1e54b738b0dfa603d6,6,1608,0,0,0,ok,,eli2md 0.6.3,2026-09-29T23:19:53Z
MP/2025/47,2025,47,Obwieszczenie,"Obwieszczenie Ministra Sportu i Turystyki z dnia 26 listopada 2024 r. w sprawie włączenia kwalifikacji wolnorynkowej ""Monitorowanie procesu treningowego i koordynowanie zespołami szkoleniowymi w procesie treningu sportowego w szermierce"" do Zintegrowanego Systemu Kwalifikacji",2024-11-26,2025-01-16,2025-01-17T09:35:13,e1a4a850989db052fafbbaeef97790b62fd0d90e2274099e102ebaf45216fdf3,7,1942,0,0,0,ok,,eli2md 0.6.3,2026-09-29T23:19:53Z
MP/2025/48,2025,48,Obwieszczenie,"Obwieszczenie Ministra Kultury i Dziedzictwa Narodowego z dnia 27 grudnia 2024 r. w sprawie włączenia kwalifikacji rynkowej ""Wykonywanie działań didżeja"" do Zintegrowanego Systemu Kwalifikacji",2024-11-26,2025-01-16,2025-01-17T09:35:37,327a7aeb891b93273a7fe1e3517344bda8f811686ca160111279dc7f7fd263b4,4,676,0,0,0,ok,,eli2md 0.6.3,2026-09-29T23:19:53Z
MP/2025/49,2025,49,Obwieszczenie,Obwieszczenie Ministra Spraw Zagranicznych z dnia 13 stycznia 2025 r. w sprawie wykazu jednostek organizacyjnych podległych Ministrowi Spraw Zagranicznych lub przez niego nadzorowanych,2025-01-13,2025-01-17,2025-01-20T11:23:15,27889e2f32f369294e74af46944882c721ea1c98d9923bc7f10cb65f083ab0de,11,3262,0,0,0,ok,,eli2md 0.6.3,2026-09-29T23:19:53Z
MP/2025/50,2025,50,Komunikat,Komunikat Prezesa Głównego Urzędu Statystycznego z dnia 15 stycznia 2025 r. w sprawie wskaźnika cen towarów i usług konsumpcyjnych ogółem w IV kwartale 2024 r.,2025-01-15,2025-01-17,2025-01-20T11:23:15,17c880ae500910d70b9a66f74b3c1eeff27b42ae4073d613f17c055c9b425d59,1,90,0,0,0,ok,,eli2md 0.6.3,2026-09-29T23:19:53Z
MP/2025/51,2025,51,Komunikat,Komunikat Prezesa Głównego Urzędu Statystycznego z dnia 15 stycznia 2025 r. w sprawie średniorocznego wskaźnika cen konsumpcyjnych nośników energii w 2024 r.,2025-01-15,2025-01-17,2025-01-20T11:23:15,0bbcb766f88450750f7e6953f4447720033633a6085ed482778cb0cb2f7c03f6,1,84,0,0,0,ok,,eli2md 0.6.3,2026-09-29T23:19:53Z
MP/2025/52,2025,52,Komunikat,Komunikat Prezesa Głównego Urzędu Statystycznego z dnia 15 stycznia 2025 r. w sprawie przeciętnej średniorocznej ceny detalicznej 1000 kg węgla kamiennego w 2024 r.,2025-01-15,2025-01-17,2025-01-20T11:23:15,ebce392856fdbb136d184dea0031c4548f7717a61bc2feba5ab4d458ac4b9dcd,1,76,0,0,0,ok,,eli2md 0.6.3,2026-09-29T23:19:53Z
MP/2025/53,2025,53,Komunikat,Komunikat Prezesa Głównego Urzędu Statystycznego z dnia 15 stycznia 2025 r. w sprawie wskaźnika cen towarów nieżywnościowych trwałego użytku w IV kwartale 2024 r.,2025-01-15,2025-01-17,2025-01-20T11:23:15,9fef3b8da69b7e8ae07feafd4ae70e0fbc34c14ea94ee16414106d15619d812e,1,85,0,0,0,ok,,eli2md 0.6.3,2026-09-29T23:19:53Z
MP/2025/54,2025,54,Uchwała,Uchwała Sejmu Rzeczypospolitej Polskiej z dnia 9 stycznia 2025 r. w sprawie upamiętnienia 80. rocznicy Tragedii Górnośląskiej,2025-01-09,2025-01-17,2026-05-12T09:01:27,251738f4244a6e179670f73697f26c44c127dda4fac2bbdb30de16918f805c5f,1,296,0,0,0,ok,,eli2md 0.6.3,2026-09-29T23:19:53Z
MP/2025/55,2025,55,Postanowienie,Postanowienie Prezydenta Rzeczypospolitej Polskiej z dnia 16 stycznia 2025 r. nr 1131.1.2025 o zmianie w składzie Rady Ministrów,2025-01-16,2025-01-17,2025-01-20T11:23:15,8ac4b610dc8469ada840d1c686a04f10c45494e01c391dd4e98ac990d7da51ec,1,64,0,0,0,ok,,eli2md 0.6.3,2026-09-29T23:19:53Z
MP/2025/56,2025,56,Postanowienie,Postanowienie Prezydenta Rzeczypospolitej Polskiej z dnia 16 stycznia 2025 r. nr 1131.2.2025 o powołaniu w skład Rady Ministrów,2025-01-16,2025-01-17,2025-01-20T11:23:15,c4aa121d6b0352c1d282830414d6c3cc9ef2bedf628fdebc5950142fb9e2563d,1,68,0,0,0,ok,,eli2md 0.6.3,2026-09-29T23:19:53Z
MP/2025/57,2025,57,Obwieszczenie,Obwieszczenie Prezesa Głównego Urzędu Statystycznego z dnia 17 stycznia 2025 r. w sprawie średniej krajowej ceny skupu pszenicy za okres 11 kwartałów poprzedzających I półrocze 2025 r.,2025-01-17,2025-01-20,2025-01-21T11:48:46,aeb0c47186e9a5e06e457c84ec6ca706ae5cc6a4aa74734d56287f22cfc9a015,1,85,0,0,0,ok,,eli2md 0.6.3,2026-09-29T23:19:53Z
MP/2025/58,2025,58,Obwieszczenie,"Obwieszczenie Ministra Sportu i Turystyki z dnia 26 listopada 2024 r. w sprawie włączenia kwalifikacji wolnorynkowej ""Prowadzenie procesu treningowego w szermierce"" do Zintegrowanego Systemu Kwalifikacji",2024-11-26,2025-01-20,2025-01-21T11:48:46,e7891288928ee07f44ac8a1f214e1aaabb2e78a3aa179f0597ca359cf8546447,7,1726,0,0,0,ok,,eli2md 0.6.3,2026-09-29T23:19:53Z
MP/2025/59,2025,59,Obwieszczenie,Obwieszczenie Prezesa Głównego Urzędu Statystycznego z dnia 17 stycznia 2025 r. w sprawie wskaźnika zmian cen skupu podstawowych produktów rolnych w II półroczu 2024 r.,2025-01-17,2025-01-20,2025-01-21T11:48:46,1661034d2d1858504d3c0fbdec36e25aba9d31feb403cf67097b098853eda55a,1,88,0,0,0,ok,,eli2md 0.6.3,2026-09-29T23:19:53Z
MP/2025/60,2025,60,Postanowienie,Postanowienie Prezydenta Rzeczypospolitej Polskiej z dnia 12 września 2024 r. nr 1130.35.2024 o powołaniu do pełnienia urzędu na stanowisku sędziego,2024-09-12,2025-01-20,2025-01-21T11:48:46,2c43656821949223de4fa1d1fe03a4f0b3f9ec1739da97532dc8372d0e3d63c7,1,56,0,0,0,ok,,eli2md 0.6.3,2026-09-29T23:19:53Z
MP/2025/61,2025,61,Postanowienie,Postanowienie Prezydenta Rzeczypospolitej Polskiej z dnia 18 września 2024 r. nr 1130.36.2024 o powołaniu do pełnienia urzędu na stanowisku sędziego,2024-09-18,2025-01-20,2025-01-21T11:48:46,287c852c9e7673d26bd19936589b7f75424ffd09331ca17682e7debb7cd5fbdc,1,58,0,0,0,ok,,eli2md 0.6.3,2026-09-29T23:19:53Z
MP/2025/62,2025,62,Postanowienie,Postanowienie Prezydenta Rzeczypospolitej Polskiej z dnia 12 września 2024 r. nr 1130.39.2024 o powołaniu do pełnienia urzędu na stanowisku sędziego,2024-09-12,2025-01-20,2025-01-21T11:48:47,a562d4288f5b796c159c05949984dca3a7a865f314fc48deb211188260b5c506,1,56,0,0,0,ok,,eli2md 0.6.3,2026-09-29T23:19:53Z
MP/2025/63,2025,63,Postanowienie,Postanowienie Prezydenta Rzeczypospolitej Polskiej z dnia 26 września 2024 r. nr 1130.40.2024 o powołaniu do pełnienia urzędu na stanowisku sędziego,2024-09-26,2025-01-20,2025-01-21T11:48:47,48ba88a7a859ac29bad10e9698e933d9604a130b2f33a2ac7e55003f9066f252,1,57,0,0,0,ok,,eli2md 0.6.3,2026-09-29T23:19:53Z
MP/2025/64,2025,64,Postanowienie,Postanowienie Prezydenta Rzeczypospolitej Polskiej z dnia 26 września 2024 r. nr 1130.41.2024 o powołaniu do pełnienia urzędu na stanowisku sędziego,2024-09-26,2025-01-20,2025-01-21T11:48:47,9cb9586c39cb1dada1b18e3b6cd5cb07e94df7e1631aeb56b3d5c939f2f49885,1,68,0,0,0,ok,,eli2md 0.6.3,2026-09-29T23:19:53Z
MP/2025/65,2025,65,Postanowienie,Postanowienie Prezydenta Rzeczypospolitej Polskiej z dnia 16 października 2024 r. nr 1130.46.2024 o powołaniu do pełnienia urzędu na stanowisku sędziego,2024-10-16,2025-01-20,2025-01-21T11:48:47,da6d4fbfd035b52df7e514ec9da4aab8964b6407ef83a89e9272e29654c85da3,1,81,0,0,0,ok,,eli2md 0.6.3,2026-09-29T23:19:53Z
MP/2025/66,2025,66,Komunikat,"Komunikat Państwowej Komisji Wyborczej z dnia 16 stycznia 2025 r. o łącznej liczbie wyborców w kraju ujętych w Centralnym Rejestrze Wyborców w obwodach głosowania, w związku z wyborami Prezydenta Rzeczypospolitej Polskiej zarządzonymi na dzień 18 maja 2025 r.",2025-01-16,2025-01-20,2025-01-21T11:48:47,05bbf7debfebe8831adb13266fe751a86b466fe70ac2de2a9145d92f763d9f3b,1,122,0,0,0,ok,,eli2md 0.6.3,2026-09-29T23:19:53Z
MP/2025/67,2025,67,Komunikat,"Komunikat Państwowej Komisji Wyborczej z dnia 16 stycznia 2025 r. o łącznej liczbie wyborców w kraju ujętych w Centralnym Rejestrze Wyborców w obwodach głosowania, w związku z wyborami uzupełniającymi do Senatu Rzeczypospolitej Polskiej zarządzonymi na dzień 16 marca 2025 r.",2025-01-16,2025-01-20,2025-01-21T11:48:47,7c2153cc1777bd07143421af8a54a577ed9e6908125d9f92805523e98fbe26ad,1,139,0,0,0,ok,,eli2md 0.6.3,2026-09-29T23:19:53Z
MP/2025/68,2025,68,Komunikat,Komunikat Prezesa Głównego Urzędu Statystycznego z dnia 15 stycznia 2025 r. w sprawie średniorocznego wskaźnika cen towarów i usług konsumpcyjnych ogółem w 2024 r.,2025-01-15,2025-01-20,2025-07-01T00:00:00,c949b69ee580776615825ec5844848de5612af0dad8175bdd025ed72427b1187,1,90,0,0,0,ok,,eli2md 0.6.3,2026-09-29T23:19:53Z
MP/2025/69,2025,69,Komunikat,Komunikat Prezesa Głównego Urzędu Statystycznego z dnia 15 stycznia 2025 r. w sprawie średniorocznego wskaźnika cen towarów i usług konsumpcyjnych dla gospodarstw domowych emerytów i rencistów w 2024 r.,2025-01-15,2025-01-20,2025-01-21T11:48:47,e4246633f2b142560d6cb7bdb497c45d4a0b0477a9b052f509c71fbf6c300bf2,1,100,0,0,0,ok,,eli2md 0.6.3,2026-09-29T23:19:53Z
MP/2025/70,2025,70,Obwieszczenie,"Obwieszczenie Ministra Przemysłu z dnia 20 stycznia 2025 r. w sprawie ceny zbytu 1 Mg węgla kamiennego w sortymencie Orzech ustalonej według ceny średniej z IV kwartału 2024 r., skorygowanej o przewidywany wskaźnik wzrostu cen towarów i usług konsumpcyjnych na 2025 r.",2025-01-20,2025-01-20,2025-01-21T11:48:47,5a3f70ff67c58cc03064b42704e4702ec1136b6335f315706ae856c8b0b29808,1,113,0,0,0,ok,,eli2md 0.6.3,2026-09-29T23:19:53Z
MP/2025/71,2025,71,Obwieszczenie,"Obwieszczenie Ministra Przemysłu z dnia 20 stycznia 2025 r. w sprawie przeciętnej średniorocznej ceny zbytu 1 Mg węgla kamiennego w asortymencie Orzech z 2024 r., skorygowanej o przewidywany wskaźnik wzrostu cen towarów i usług konsumpcyjnych na 2025 r.",2025-01-20,2025-01-20,2025-01-21T11:48:47,d5eec68682a7c6b3b8176e439b7255bb4a698bf9bb452a63b9c875bbfb0677ca,1,116,0,0,0,ok,,eli2md 0.6.3,2026-09-29T23:19:53Z
MP/2025/72,2025,72,Postanowienie,Postanowienie Prezydenta Rzeczypospolitej Polskiej z dnia 15 października 2024 r. nr 1130.50.2024 o powołaniu do pełnienia urzędu na stanowisku sędziego,2024-10-15,2025-01-21,2025-01-22T11:54:11,3ebb423eea9d7d20c9e83fb7bb5b523575fae1347f54355e3b6ca5a863571630,1,94,0,0,0,ok,,eli2md 0.6.3,2026-09-29T23:19:53Z
MP/2025/73,2025,73,Postanowienie,Postanowienie Prezydenta Rzeczypospolitej Polskiej z dnia 5 listopada 2024 r. nr 1130.51.2024 o powołaniu do pełnienia urzędu na stanowisku sędziego,2024-11-05,2025-01-21,2025-01-22T11:54:11,aa3ad72f271732549f308b95e7c580fa2d73474ce819f2cbcf9bf79bd6c0eb12,1,133,0,0,0,ok,,eli2md 0.6.3,2026-09-29T23:19:53Z
MP/2025/74,2025,74,Postanowienie,Postanowienie Prezydenta Rzeczypospolitej Polskiej z dnia 29 listopada 2024 r. nr 1130.58.2024 o powołaniu do pełnienia urzędu na stanowisku sędziego,2024-11-29,2025-01-21,2025-01-22T11:54:11,bbb6b8f9f370608fac3b9eab227e38ac48d5d4b93c4659101b5512dcbd743b39,1,138,0,0,0,ok,,eli2md 0.6.3,2026-09-29T23:19:53Z
MP/2025/75,2025,75,Postanowienie,Postanowienie Prezydenta Rzeczypospolitej Polskiej z dnia 29 listopada 2024 r. nr 1130.59.2024 o powołaniu do pełnienia urzędu na stanowisku sędziego,2024-11-29,2025-01-21,2025-01-22T11:54:11,74623df94152dc97c127c62fd7b98be658c36434639eebcb8c4dd428fff8b115,1,67,0,0,0,ok,,eli2md 0.6.3,2026-09-29T23:19:53Z
MP/2025/76,2025,76,Postanowienie,Postanowienie Prezydenta Rzeczypospolitej Polskiej z dnia 5 grudnia 2024 r. nr 1130.63.2024 o powołaniu do pełnienia urzędu na stanowisku sędziego,2024-12-05,2025-01-21,2025-01-22T11:54:11,e38f87a27866be60c1f4512f8faa5e89722b5b24c99e1454b93d8bb7045b593f,1,60,0,0,0,ok,,eli2md 0.6.3,2026-09-29T23:19:53Z
MP/2025/77,2025,77,Obwieszczenie,Obwieszczenie Ministra Funduszy i Polityki Regionalnej z dnia 16 stycznia 2025 r. w sprawie wykazu jednostek organizacyjnych podległych Ministrowi Funduszy i Polityki Regionalnej lub przez niego nadzorowanych,2025-01-16,2025-01-22,2025-01-23T10:53:00,5c4628df359da168307740471a14b708bc744cf28d6d08fca2b29132297eb2ba,2,153,0,0,0,ok,,eli2md 0.6.3,2026-09-29T23:19:53Z
MP/2025/78,2025,78,Komunikat,Komunikat Szefa Urzędu do Spraw Kombatantów i Osób Represjonowanych z dnia 16 stycznia 2025 r. w sprawie kwoty ryczałtu energetycznego,2025-01-16,2025-01-22,2025-01-23T10:43:21,41ca814a0d6b99606cdad45afd097f8fc5fb2eaef5b5b91192348ad7d91ad1a4,1,77,0,0,0,ok,,eli2md 0.6.3,2026-09-29T23:19:53Z
MP/2025/79,2025,79,Obwieszczenie,Obwieszczenie Prezesa Głównego Urzędu Statystycznego z dnia 22 stycznia 2025 r. w sprawie przeciętnego miesięcznego wynagrodzenia w sektorze przedsiębiorstw w 2024 r.,2025-01-22,2025-01-23,2025-01-24T11:13:55,c98064aa1ce9f37e103844675f530ba7ba695f383b6668eb705ce7233799a13a,1,69,0,0,0,ok,,eli2md 0.6.3,2026-09-29T23:19:53Z
MP/2025/80,2025,80,Obwieszczenie,Obwieszczenie Prezesa Głównego Urzędu Statystycznego z dnia 22 stycznia 2025 r. w sprawie przeciętnego miesięcznego wynagrodzenia w sektorze przedsiębiorstw w grudniu 2024 r.,2025-01-22,2025-01-23,2025-01-24T11:13:55,3a3295f51ca3ff40cce585b2ae0cbb66bc8fce3020b4421775af0470088766f1,1,79,0,0,0,ok,,eli2md 0.6.3,2026-09-29T23:19:53Z
MP/2025/81,2025,81,Obwieszczenie,Obwieszczenie Prezesa Głównego Urzędu Statystycznego z dnia 22 stycznia 2025 r. w sprawie przeciętnego miesięcznego wynagrodzenia w sektorze przedsiębiorstw bez wypłaty nagród z zysku w 2024 r.,2025-01-22,2025-01-24,2025-01-27T11:38:56,ca228deeff682b8577941785478c34fe0ff9210bfcd9740e3a48368cd71f4eb0,1,81,0,0,0,ok,,eli2md 0.6.3,2026-09-29T23:19:53Z
MP/2025/82,2025,82,Zarządzenie,"Zarządzenie nr 1/2025 Prezesa Narodowego Banku Polskiego z dnia 20 stycznia 2025 r. w sprawie ustalenia wzoru, próby, masy i wielkości emisji monety o wartości nominalnej 20 zł, upamiętniającej 100-lecie zawarcia Konkordatu między Stolicą Apostolską a Rzecząpospolitą Polską",2025-01-22,2025-01-24,2026-08-31T13:34:24,cf6b332f5175cc17680904f0df693d4e82a31d1d4357b7756396318a72afbf05,2,211,0,0,0,ok,,eli2md 0.6.3,2026-09-29T23:19:53Z
MP/2025/83,2025,83,Komunikat,Komunikat Ministra Funduszy i Polityki Regionalnej z dnia 21 stycznia 2025 r. o podjęciu przez Komisję Europejską decyzji zmieniającej program współpracy (Interreg VI-A) NEXT Polska-Ukraina,2025-01-21,2025-01-24,2025-01-27T11:38:56,c032cf14220b6798562e11c76c581f3eac6af7f322f216570db3bb805a8d72b7,1,211,0,0,0,ok,,eli2md 0.6.3,2026-09-29T23:19:53Z
MP/2025/84,2025,84,Obwieszczenie,"Obwieszczenie Prezesa Głównego Urzędu Statystycznego z dnia 22 stycznia 2025 r. w sprawie przeciętnego miesięcznego wynagrodzenia w sektorze przedsiębiorstw, włącznie z wypłatami z zysku, w czwartym kwartale 2024 r.",2025-01-22,2025-01-24,2025-01-27T11:38:56,f54de0f8570f7a72e4c60537b528c11866ccfd621557e92c0b4154931de7818e,1,93,0,0,0,ok,,eli2md 0.6.3,2026-09-29T23:19:53Z
MP/2025/85,2025,85,Uchwała,Uchwała Senatu Rzeczypospolitej Polskiej z dnia 22 stycznia 2025 r. w sprawie nieuczciwych wyborów prezydenckich w Białorusi,2025-01-22,2025-01-24,2025-01-27T11:38:56,bfd52a1924f6d253508bc8013eb3508516594dae45664f5e1556c2225bd9aa71,1,324,0,0,0,ok,,eli2md 0.6.3,2026-09-29T23:19:53Z
MP/2025/86,2025,86,Uchwała,Uchwała Senatu Rzeczypospolitej Polskiej z dnia 22 stycznia 2025 r. w 80. rocznicę wyzwolenia obozu koncentracyjnego Auschwitz,2025-01-22,2025-01-24,2026-05-12T09:01:27,756e00f43639985ec5c1dc6f0d704f7e1720697c8f7256907a820468b71bcf8a,1,207,0,0,0,ok,,eli2md 0.6.3,2026-09-29T23:19:53Z
MP/2025/87,2025,87,Uchwała,"Uchwała nr 7 Rady Ministrów z dnia 24 stycznia 2025 r. w sprawie wyrażenia zgody na przekazanie Komisji Europejskiej dokumentu ""Lista zmian w sieci obszarów Natura 2000""",2025-01-24,2025-01-27,2025-01-28T10:41:40,d179b30c921047e1662754cb144f0f60fedc8c47f46e0ec13d24065988fe8e65,2,324,0,0,0,ok,,eli2md 0.6.3,2026-09-29T23:19:53Z
MP/2025/88,2025,88,Umowa międzynarodowa,"Porozumienie między Rządem Rzeczypospolitej Polskiej a Rządem Zjednoczonej Republiki Tanzanii w sprawie zmiany Umowy między Rządem Rzeczypospolitej Polskiej a Rządem Zjednoczonej Republiki Tanzanii o udzieleniu kredytu w ramach pomocy wiązanej, podpisanej w Dar es Salaam dnia 28 września 2015 r., zmienionej Porozumieniem podpisanym w Dar es Salaam dnia 12 września 2017 r., podpisane w Dar es Salaam dnia 21 maja 2024 r.",2024-05-21,2025-01-28,2026-01-07T11:24:13,bfd966b6a2048a72633dc49b41a871d6c87a9c7bb703239d3024715671308323,4,1193,3,1,3,ok,,eli2md 0.6.3,2026-09-29T23:19:53Z
MP/2025/89,2025,89,Oświadczenie rządowe,"Oświadczenie rządowe z dnia 7 listopada 2024 r. w sprawie związania Rzeczypospolitej Polskiej Porozumieniem między Rządem Rzeczypospolitej Polskiej a Rządem Zjednoczonej Republiki Tanzanii w sprawie zmiany Umowy między Rządem Rzeczypospolitej Polskiej a Rządem Zjednoczonej Republiki Tanzanii o udzieleniu kredytu w ramach pomocy wiązanej, podpisanej w Dar es Salaam dnia 28 września 2015 r., zmienionej Porozumieniem podpisanym w Dar es Salaam dnia 12 września 2017 r., podpisanym w Dar es Salaam dnia 21 maja 2024 r.",2024-11-07,2025-01-28,2025-01-29T11:38:27,7282b65a7728bb9aebdd6ef5bd520b996e8ae6ab2174b85fdba129c72be4a16a,1,269,0,0,0,ok,,eli2md 0.6.3,2026-09-29T23:19:53Z
MP/2025/90,2025,90,Postanowienie,Postanowienie Prezydenta Rzeczypospolitej Polskiej z dnia 3 grudnia 2024 r. nr rej. 554/2024 o nadaniu odznaczeń,2024-12-03,2025-01-28,2025-01-29T11:38:27,de79bcdcca5bdc154b9a9e66d65f2bdbff68ec61254f3308107711f2c97931b6,2,268,0,0,0,ok,,eli2md 0.6.3,2026-09-29T23:19:53Z
MP/2025/91,2025,91,Postanowienie,Postanowienie Prezydenta Rzeczypospolitej Polskiej z dnia 31 grudnia 2024 r. nr rej. 575/2024 o nadaniu odznaczenia,2024-12-31,2025-01-28,2025-01-29T11:38:27,0a345335db0cda1b9abfd203afbc3674afd02fce0c2ff0364122f73380cc0118,1,82,0,0,0,ok,,eli2md 0.6.3,2026-09-29T23:19:53Z
MP/2025/92,2025,92,Postanowienie,Postanowienie Prezydenta Rzeczypospolitej Polskiej z dnia 12 grudnia 2024 r. nr rej. 576/2024 o nadaniu odznaczeń,2024-12-12,2025-01-28,2025-01-29T11:38:27,fb8fae7243d28bde2606051e1dcbc308ed00590543c67105e8beb7c1dc2b0be8,2,174,0,0,0,ok,,eli2md 0.6.3,2026-09-29T23:19:53Z
MP/2025/93,2025,93,Postanowienie,Postanowienie Prezydenta Rzeczypospolitej Polskiej z dnia 12 grudnia 2024 r. nr rej. 588/2024 o nadaniu odznaczeń,2024-12-12,2025-01-28,2025-01-29T11:38:27,563889d1c2148fc586dbb2169a50f1c2f49aa7b28ce8863113cc5ffce788eef3,2,168,0,0,0,ok,,eli2md 0.6.3,2026-09-29T23:19:53Z
MP/2025/94,2025,94,Postanowienie,Postanowienie Prezydenta Rzeczypospolitej Polskiej z dnia 5 grudnia 2024 r. nr rej. 608/2024 o nadaniu odznaczeń,2024-12-05,2025-01-28,2025-01-29T11:38:27,e3875f406523ace8a626cf4880d8151941fe25d84fb81032418657de51fb9f08,1,92,0,0,0,ok,,eli2md 0.6.3,2026-09-29T23:19:53Z
MP/2025/95,2025,95,Postanowienie,Postanowienie Prezydenta Rzeczypospolitej Polskiej z dnia 5 grudnia 2024 r. nr rej. 609/2024 o nadaniu orderu,2024-12-05,2025-01-28,2025-01-29T11:38:27,a29441cd9cc4fc6cceed79017bd8d4ea3154ce90b3f2f7ed39da4187220141ce,1,74,0,0,0,ok,,eli2md 0.6.3,2026-09-29T23:19:53Z
MP/2025/96,2025,96,Postanowienie,Postanowienie Prezydenta Rzeczypospolitej Polskiej z dnia 3 grudnia 2024 r. nr rej. 612/2024 o nadaniu odznaczeń,2024-12-03,2025-01-28,2025-01-29T11:38:27,a6add6bb5a145db9a13c2c2e0ec405a7744fb1b3a199569cb52444e479ba04e7,3,319,0,0,0,ok,,eli2md 0.6.3,2026-09-29T23:19:53Z
MP/2025/97,2025,97,Postanowienie,Postanowienie Prezydenta Rzeczypospolitej Polskiej z dnia 3 grudnia 2024 r. nr rej. 613/2024 o nadaniu orderu,2024-12-03,2025-01-28,2025-01-29T11:38:27,c75889e3e7bf2371ac5f25282d8323b6323302fadfa87df115efc08994374dc9,1,80,0,0,0,ok,,eli2md 0.6.3,2026-09-29T23:19:53Z
MP/2025/98,2025,98,Postanowienie,Postanowienie Prezydenta Rzeczypospolitej Polskiej z dnia 5 grudnia 2024 r. nr rej. 615/2024 o nadaniu orderów i odznaczeń,2024-12-05,2025-01-28,2025-01-29T11:38:27,7de66616cdf465019ce267bb31db1384577e5e09ec2aa6b791ad7a04adea4aaf,1,145,0,0,0,ok,,eli2md 0.6.3,2026-09-29T23:19:53Z
MP/2025/99,2025,99,Postanowienie,Postanowienie Prezydenta Rzeczypospolitej Polskiej z dnia 11 grudnia 2024 r. nr rej. 616/2024 o nadaniu orderu,2024-12-11,2025-01-28,2025-01-29T11:38:27,c1e05acb4fbc24c2fc24376ddb289860f031c898f17b60f91220ad5cadc804fb,1,78,0,0,0,ok,,eli2md 0.6.3,2026-09-29T23:19:53Z
MP/2025/100,2025,100,Postanowienie,Postanowienie Prezydenta Rzeczypospolitej Polskiej z dnia 11 grudnia 2024 r. nr rej. 617/2024 o nadaniu odznaczenia,2024-12-11,2025-01-29,2025-01-30T10:39:02,49aebd8e0144295fd7aecc9e0a0bbe68e9af451b8fe192499fbaec1f767ccfd3,1,72,0,0,0,ok,,eli2md 0.6.3,2026-09-29T23:19:53Z
MP/2025/101,2025,101,Postanowienie,Postanowienie Prezydenta Rzeczypospolitej Polskiej z dnia 12 grudnia 2024 r. nr rej. 618/2024 o nadaniu orderu,2024-12-12,2025-01-29,2025-01-30T10:39:02,2f04872d71ac8797f57d64377ee127f81030723a25d57f61a20ae86408c3a541,1,83,0,0,0,ok,,eli2md 0.6.3,2026-09-29T23:19:53Z
MP/2025/102,2025,102,Postanowienie,Postanowienie Prezydenta Rzeczypospolitej Polskiej z dnia 12 grudnia 2024 r. nr rej. 619/2024 o nadaniu orderów,2024-12-12,2025-01-29,2025-01-30T10:39:02,6a34cfb158ae6be1ee1bfef1789598217fbd1351cba7b3a58efc0bcbd1c91c66,1,79,0,0,0,ok,,eli2md 0.6.3,2026-09-29T23:19:53Z
MP/2025/103,2025,103,Postanowienie,Postanowienie Prezydenta Rzeczypospolitej Polskiej z dnia 18 grudnia 2024 r. nr rej. 620/2024 o nadaniu orderów,2024-12-18,2025-01-29,2025-01-30T10:39:02,160e897e5421d24c45a10db5394174ed1d9dbbbd16a6ccffe6804d7fca0fd166,1,82,0,0,0,ok,,eli2md 0.6.3,2026-09-29T23:19:53Z
MP/2025/104,2025,104,Postanowienie,Postanowienie Prezydenta Rzeczypospolitej Polskiej z dnia 17 grudnia 2024 r. nr rej. 621/2024 o nadaniu odznaczenia,2024-12-17,2025-01-29,2025-01-30T10:39:02,5384487f7d1adf1b02bb4146f2caebca4beda0de1cb9cb565a2bba5f5b97712e,1,75,0,0,0,ok,,eli2md 0.6.3,2026-09-29T23:19:53Z
MP/2025/105,2025,105,Postanowienie,Postanowienie Prezydenta Rzeczypospolitej Polskiej z dnia 19 grudnia 2024 r. nr rej. 622/2024 o nadaniu orderów i odznaczeń,2024-12-19,2025-01-29,2025-01-30T10:39:02,fca66217919029221f5131c1ac9dcfee6fb618ee9fba9b691272398ff4105deb,1,145,0,0,0,ok,,eli2md 0.6.3,2026-09-29T23:19:53Z
MP/2025/106,2025,106,Obwieszczenie,Obwieszczenie Ministra Edukacji z dnia 27 stycznia 2025 r. w sprawie prognozy zapotrzebowania na pracowników w zawodach szkolnictwa branżowego na krajowym i wojewódzkim rynku pracy,2025-01-27,2025-01-30,2025-01-31T11:14:48,a2731bb1dc3e3078e630637a1ddf8867ff69ea12a2a53e0559544ede930b7fe5,74,14629,0,0,0,ok,,eli2md 0.6.3,2026-09-29T23:19:53Z
MP/2025/107,2025,107,Obwieszczenie,Obwieszczenie Ministra Sprawiedliwości z dnia 26 stycznia 2025 r. w sprawie ogłoszenia wykazu zarejestrowanych kancelarii notarialnych,2025-01-26,2025-01-30,2025-01-31T11:14:48,101cd86c477f8a24d51fe19bf78e86fca6301a4ce820476c4fa0a48e81ab6f05,115,17506,0,0,0,ok,,eli2md 0.6.3,2026-09-29T23:19:53Z
MP/2025/108,2025,108,Zarządzenie,Zarządzenie nr 2 Prezesa Rady Ministrów z dnia 30 stycznia 2025 r. w sprawie zniesienia Zespołu do spraw opracowania propozycji rozwiązań normatywnych w zakresie zastąpienia instytucji ubezwłasnowolnienia modelem wspieranego podejmowania decyzji,2025-01-30,2025-01-31,2025-02-03T11:10:10,8665fa1977f4fc3b5a6569f689ae66fcd763f6622eb9cd063812549745a50c35,1,145,0,0,0,ok,,eli2md 0.6.3,2026-09-29T23:19:53Z
MP/2025/109,2025,109,Komunikat,Komunikat Ministra Rolnictwa i Rozwoju Wsi z dnia 30 stycznia 2025 r. w sprawie zmienionych wytycznych w zakresie zasad ustalania kwoty dostępnych środków w ramach niektórych interwencji Planu Strategicznego dla Wspólnej Polityki Rolnej na lata 2023-2027,2025-01-30,2025-02-03,2025-02-04T10:40:31,32b5544872dbbd1211f5c722c6e72e20233db457b7a387bdf33855115e415e12,1,155,0,0,0,ok,,eli2md 0.6.3,2026-09-29T23:19:53Z
MP/2025/110,2025,110,Komunikat,"Komunikat Ministra Rolnictwa i Rozwoju Wsi z dnia 3 lutego 2025 r. w sprawie zmienionych wytycznych szczegółowych w zakresie przyznawania, wypłaty i zwrotu pomocy finansowej w ramach Planu Strategicznego dla Wspólnej Polityki Rolnej na lata 2023-2027 dla interwencji I.14.2 Kompleksowe doradztwo rolnicze - moduł 2 Doradztwo grupowe",2025-02-03,2025-02-04,2025-02-05T11:30:11,8bcee684186574882f24c62488ed185e6163d54d7320e8ec762d877e23e4aae8,1,177,0,0,0,ok,,eli2md 0.6.3,2026-09-29T23:19:53Z
MP/2025/111,2025,111,Zarządzenie,Zarządzenie Prezydenta Rzeczypospolitej Polskiej z dnia 3 lutego 2025 r. zmieniające zarządzenie w sprawie nadania statutu Kancelarii Prezydenta Rzeczypospolitej Polskiej,2025-02-03,2025-02-05,2025-02-06T11:20:45,161f807d3f059067bfdcb35e28a3882c645659cb3d1742dde80ff8302ca4cb7a,1,267,0,0,0,ok,,eli2md 0.6.3,2026-09-29T23:19:53Z
MP/2025/112,2025,112,Zarządzenie,Zarządzenie Prezydenta Rzeczypospolitej Polskiej z dnia 3 lutego 2025 r. zmieniające zarządzenie w sprawie organizacji oraz zakresu działania Biura Bezpieczeństwa Narodowego,2025-02-03,2025-02-05,2025-12-05T11:20:45,e099a5c90cab02ad8fe2c9c504200ef093ac35e2d50660151f71b37ea2e10b00,1,136,0,0,0,ok,,eli2md 0.6.3,2026-09-29T23:19:53Z
MP/2025/113,2025,113,Uchwała,"Uchwała nr 5 Rady Ministrów z dnia 17 stycznia 2025 r. zmieniająca uchwałę w sprawie programu kompleksowego wsparcia dla rodzin ""Za życiem""",2025-01-17,2025-02-05,2025-11-04T11:47:43,fbaf1459b9530cd96fd82b21787f14b15dfd18414d2210f45b3286a63c8f51e0,37,9278,0,0,0,ok,,eli2md 0.6.3,2026-09-29T23:19:53Z
MP/2025/114,2025,114,Zarządzenie,Zarządzenie Prezydenta Rzeczypospolitej Polskiej z dnia 3 lutego 2025 r. zmieniające zarządzenie w sprawie zasad wynagradzania pracowników Biura Bezpieczeństwa Narodowego,2025-02-03,2025-02-06,2025-02-07T11:16:04,ddc8fed3e87c8c48f75f27a6d67c8f8ad7b35fb3955c82fee25946e6df099875,2,344,0,0,0,ok,,eli2md 0.6.3,2026-09-29T23:19:53Z
MP/2025/115,2025,115,Obwieszczenie,"Obwieszczenie Ministra Rolnictwa i Rozwoju Wsi z dnia 30 stycznia 2025 r. w sprawie zaktualizowanego wykazu podmiotów uprawnionych do prowadzenia oceny wartości użytkowej lub oceny genetycznej bydła, świń, owiec, kóz i koni",2025-01-30,2025-02-06,2025-02-07T11:16:04,086a6913ae4b19a2dca5ab737117a9d7355f616e1103663510b8f6ab79c3ceaf,3,659,0,0,0,ok,,eli2md 0.6.3,2026-09-29T23:19:53Z
MP/2025/116,2025,116,Komunikat,Komunikat Państwowej Komisji Wyborczej z dnia 3 lutego 2025 r. o komitetach wyborczych utworzonych w wyborach uzupełniających do Senatu Rzeczypospolitej Polskiej zarządzonych na dzień 16 marca 2025 r.,2025-02-03,2025-02-06,2025-02-07T11:16:04,bcd6d9a9051c845a5705743353f9797b49989b87fcb2329683b3d0382156299d,3,583,0,0,0,ok,,eli2md 0.6.3,2026-09-29T23:19:53Z
MP/2025/117,2025,117,Zarządzenie,"Zarządzenie nr 2/2025 Prezesa Narodowego Banku Polskiego z dnia 30 stycznia 2025 r. w sprawie ustalenia wzoru, próby, masy i wielkości emisji monety o wartości nominalnej 50 zł, z serii ""Polskie banknoty obiegowe"" - Banknot o nominale 50 zł",2025-01-30,2025-02-06,2025-02-07T11:16:04,ed557aa907d905416da2f4386a388162425c9bf00a04b9050b4287c96ccd21f0,2,212,0,0,0,ok,,eli2md 0.6.3,2026-09-29T23:19:53Z
MP/2025/118,2025,118,Obwieszczenie,"Obwieszczenie Ministra Zdrowia z dnia 5 lutego 2025 r. w sprawie maksymalnej wysokości opłaty za pobyt w izbie wytrzeźwień, placówce lub jednostce Policji, po waloryzacji",2025-02-05,2025-02-06,2025-02-07T11:16:04,85e271b660cf00af6717c3c40a919a4e646b8451796db5697f706c525a3a34e4,1,77,0,0,0,ok,,eli2md 0.6.3,2026-09-29T23:19:53Z
MP/2025/119,2025,119,Obwieszczenie,"Obwieszczenie Ministra Zdrowia z dnia 4 lutego 2025 r. w sprawie wysokości kwoty uprawdopodobnionych skutków finansowych kontroli realizacji umowy na wydanie refundowanego leku, środka spożywczego specjalnego przeznaczenia żywieniowego oraz wyrobu medycznego na receptę, od której Prezes Narodowego Funduszu Zdrowia przeprowadza kontrolę bez obowiązku poinformowania podmiotu kontrolowanego w terminie 7 dni przed rozpoczęciem czynności kontrolnych o rozpoczęciu tych czynności",2025-02-04,2025-02-07,2025-02-10T11:48:44,4bf09b2955b1c76fa6787bd7d4a144ac988655ad00fe620c90343efcf4add8a8,1,149,0,0,0,ok,,eli2md 0.6.3,2026-09-29T23:19:53Z
MP/2025/120,2025,120,Obwieszczenie,"Obwieszczenie Ministra Zdrowia z dnia 4 lutego 2025 r. w sprawie wysokości jednorazowej kwoty kar określonych w wystąpieniu pokontrolnym dla danego podmiotu kontrolowanego, w dniu podpisania wystąpienia pokontrolnego, powyżej której Prezes Narodowego Funduszu Zdrowia pobiera lub dochodzi należności wynikających z kar w nim określonych oraz w sprawie wysokości łącznej kwoty należności niepobranych lub niedochodzonych określonych dla danego podmiotu kontrolowanego w okresie roku kalendarzowego, po przekroczeniu której Prezes Narodowego Funduszu Zdrowia pobiera lub dochodzi należności wynikających z kar określonych w wystąpieniu pokontrolnym w pełnej wysokości",2025-02-04,2025-02-07,2025-02-10T11:48:44,7dd8102f47282edebe5fddcd566e8ec5f20cf4d74e01609da909ecb8a5d7bd89,1,213,0,0,0,ok,,eli2md 0.6.3,2026-09-29T23:19:53Z
MP/2025/121,2025,121,Obwieszczenie,Obwieszczenie Ministra Infrastruktury z dnia 3 lutego 2025 r. w sprawie ogłoszenia stawek opłat lotniczych obowiązujących w 2025 r.,2025-02-03,2025-02-11,2025-02-12T11:33:22,d69849c94adc7a5c58e1865d01af76eec50e71071b99522741bcd6c5182d12d6,30,11085,0,0,0,ok,,eli2md 0.6.3,2026-09-29T23:19:53Z
MP/2025/122,2025,122,Obwieszczenie,"Obwieszczenie Ministra Zdrowia z dnia 3 lutego 2025 r. w sprawie włączenia kwalifikacji wolnorynkowej ""Kształtowanie zachowań prozdrowotnych w środowisku edukacyjnym"" do Zintegrowanego Systemu Kwalifikacji",2025-02-03,2025-02-11,2025-02-12T11:33:22,56e2ad0d9432bfd6c0a850160e53520c2694f6350c9033687629b652b7d8ef10,7,2110,0,0,0,ok,,eli2md 0.6.3,2026-09-29T23:19:53Z
MP/2025/123,2025,123,Komunikat,Komunikat Prezesa Głównego Urzędu Statystycznego z dnia 11 lutego 2025 r. w sprawie kwoty bazowej w 2024 r.,2025-02-11,2025-02-11,2025-02-12T11:33:22,b242a0d39df0c0f7bbbfad8ee6ab4813c450ed41fcfa84c403be721f971167b5,1,75,0,0,0,ok,,eli2md 0.6.3,2026-09-29T23:19:53Z
MP/2025/124,2025,124,Komunikat,Komunikat Prezesa Głównego Urzędu Statystycznego z dnia 11 lutego 2025 r. w sprawie przeciętnego wynagrodzenia w czwartym kwartale 2024 r.,2025-02-11,2025-02-11,2025-02-12T11:33:22,23292d38fdb77c42414be6cd6d128f7cdfceeea01fcf7133e9ac927a2bbf0dfb,1,69,0,0,0,ok,,eli2md 0.6.3,2026-09-29T23:19:53Z
MP/2025/125,2025,125,Komunikat,Komunikat Prezesa Głównego Urzędu Statystycznego z dnia 11 lutego 2025 r. w sprawie przeciętnego wynagrodzenia w gospodarce narodowej w 2024 r.,2025-02-11,2025-02-11,2025-02-12T11:33:22,9e857b857367cc1e2270179c6a3775ff89b6fb6a37177514dc8b3def3aba8c0a,1,73,0,0,0,ok,,eli2md 0.6.3,2026-09-29T23:19:53Z
MP/2025/126,2025,126,Komunikat,Komunikat Prezesa Głównego Urzędu Statystycznego z dnia 11 lutego 2025 r. w sprawie realnego wzrostu przeciętnego wynagrodzenia w 2024 r. w stosunku do 2023 r.,2025-02-11,2025-02-11,2025-02-12T11:33:22,b35050b0a7c05c8a8ac1954e989e3a79f2aa5e76750034451b252aba0f210500,1,81,0,0,0,ok,,eli2md 0.6.3,2026-09-29T23:19:53Z
MP/2025/127,2025,127,Zarządzenie,Zarządzenie nr 3 Prezesa Rady Ministrów z dnia 10 lutego 2025 r. zmieniające zarządzenie w sprawie Zespołu do spraw Semestru Europejskiego,2025-02-10,2025-02-12,2025-02-13T12:02:38,4cd84e9bf9f7561e1a9a4185e4492721fd158db3b8176baf8fd6a8796def8a9c,1,242,0,0,0,ok,,eli2md 0.6.3,2026-09-29T23:19:53Z
MP/2025/128,2025,128,Obwieszczenie,"Obwieszczenie Ministra Finansów z dnia 7 lutego 2025 r. w sprawie wykazu jurysdykcji innych niż Rzeczpospolita Polska, które wdrożyły kwalifikowaną zasadę włączenia dochodu do opodatkowania lub kwalifikowany krajowy podatek wyrównawczy lub spełniają wymagania bezpiecznych przystani dla kwalifikowanego krajowego podatku wyrównawczego",2025-02-07,2025-02-12,2025-02-13T12:02:38,4499f8072675883f973c22d0606acec35794534085a9f38f38a17c4fca1025a2,4,785,0,0,0,ok,,eli2md 0.6.3,2026-09-29T23:19:53Z
MP/2025/129,2025,129,Komunikat,"Komunikat Ministra Rodziny, Pracy i Polityki Społecznej z dnia 14 lutego 2025 r. w sprawie wskaźnika waloryzacji emerytur i rent w 2025 r.",2025-02-14,2025-02-14,2025-02-17T11:13:36,79ee77f73b70aff2d137657948438a310d2f00b453abc339e9d793ceab5ded0f,1,76,0,0,0,ok,,eli2md 0.6.3,2026-09-29T23:19:53Z
MP/2025/130,2025,130,Komunikat,"Komunikat Ministra Funduszy i Polityki Regionalnej z dnia 13 lutego 2025 r. o podjęciu przez Komisję Europejską decyzji zmieniającej program ""Fundusze Europejskie na Infrastrukturę, Klimat, Środowisko 2021-2027""",2025-02-13,2025-02-18,2025-02-19T11:12:26,520dad79c7a01e5dfb1ac789d5bf69a3f2c1742e5ae0fdbcb22ee7f618133c20,1,170,0,0,0,ok,,eli2md 0.6.3,2026-09-29T23:19:53Z
MP/2025/131,2025,131,Obwieszczenie,Obwieszczenie Ministra Finansów z dnia 6 lutego 2025 r. w sprawie ogłoszenia rejestru aktuariuszy,2025-02-06,2025-02-18,2025-02-19T11:12:26,f8b30ee5275e90f8d1aa6565efe379cf91ebd939cb63767908ed32ec750b71ec,13,3467,0,0,0,ok,,eli2md 0.6.3,2026-09-29T23:19:53Z
MP/2025/132,2025,132,Komunikat,Komunikat Prezesa Zakładu Ubezpieczeń Społecznych z dnia 14 lutego 2025 r. w sprawie kwot przychodu odpowiadających 70 % i 130 % przeciętnego miesięcznego wynagrodzenia ogłoszonego za IV kwartał 2024 r. stosowanych przy zmniejszaniu albo zawieszaniu emerytur i rent,2025-02-14,2025-02-18,2025-02-19T11:12:26,1bb8a78dd5096d581d48b316a48f7bace2c35d1b04c5602dea6700fbab7ccac1,1,120,0,0,0,ok,,eli2md 0.6.3,2026-09-29T23:19:53Z
MP/2025/133,2025,133,Komunikat,Komunikat Prezesa Zakładu Ubezpieczeń Społecznych z dnia 14 lutego 2025 r. w sprawie kwoty dodatku dopełniającego,2025-02-14,2025-02-18,2025-02-19T11:12:26,f95234bdf40dfd99567446f566e6b3ecb92633ea2d166c0c227ade70db30e9c3,1,82,0,0,0,ok,,eli2md 0.6.3,2026-09-29T23:19:53Z
MP/2025/134,2025,134,Uchwała,Uchwała nr 2/2025 Zarządu Narodowego Banku Polskiego z dnia 7 lutego 2025 r. zmieniająca uchwałę w sprawie regulaminu Zarządu Narodowego Banku Polskiego,2025-02-07,2025-02-18,2025-04-17T11:31:23,8a90a776e5f0a823ae78f99eeec2b10cd03f8f4938f2baff10e99dc69cb910ce,1,165,0,0,0,ok,,eli2md 0.6.3,2026-09-29T23:19:53Z
MP/2025/135,2025,135,Obwieszczenie,Obwieszczenie Ministra Rolnictwa i Rozwoju Wsi z dnia 30 stycznia 2025 r. w sprawie wykazu jednostek organizacyjnych podległych Ministrowi Rolnictwa i Rozwoju Wsi lub przez niego nadzorowanych,2025-01-30,2025-02-19,2025-02-20T11:41:01,f1b39bbd2f07afe6e7744f9f29606088009acc83f2532210eb95db8b020f887f,4,1137,0,0,0,ok,,eli2md 0.6.3,2026-09-29T23:19:53Z
MP/2025/136,2025,136,Komunikat,Komunikat Ministra Rolnictwa i Rozwoju Wsi z dnia 14 lutego 2025 r. o zatwierdzeniu przez Komisję Europejską zmian Programu Rozwoju Obszarów Wiejskich na lata 2014-2020,2025-02-14,2025-02-19,2025-02-20T11:41:01,8d66fee8855a77aac79867f8f4560beed0c30ddf0e965e1e7a7bd67ae67bb3b9,1,127,0,0,0,ok,,eli2md 0.6.3,2026-09-29T23:19:53Z
MP/2025/137,2025,137,Komunikat,Komunikat Prezesa Kasy Rolniczego Ubezpieczenia Społecznego z dnia 17 lutego 2025 r. w sprawie kwoty świadczenia pieniężnego z tytułu pełnienia funkcji sołtysa,2025-02-17,2025-02-19,2025-02-20T11:41:01,f51901c875ef93f4b848a7a7376a5e8f83feede4f564399fa2f266f4d0225217,1,77,0,0,0,ok,,eli2md 0.6.3,2026-09-29T23:19:53Z
MP/2025/138,2025,138,Komunikat,Komunikat Prezesa Zakładu Ubezpieczeń Społecznych z dnia 18 lutego 2025 r. w sprawie kwoty świadczenia honorowego z tytułu ukończenia 100 lat życia,2025-02-18,2025-02-20,2025-02-21T12:03:51,c2cf7a58e2dc68a67f3d1a4906ea04754ac2c920529822a4ca7af50128c9171e,1,75,0,0,0,ok,,eli2md 0.6.3,2026-09-29T23:19:53Z
MP/2025/139,2025,139,Komunikat,Komunikat Prezesa Zakładu Ubezpieczeń Społecznych z dnia 18 lutego 2025 r. w sprawie kwoty dodatku do emerytury lub renty za tajne nauczanie,2025-02-18,2025-02-20,2025-02-21T12:03:51,583549eb4dfd16db1ff406cbebca097124ee48ec130f80cd9fbf0dd9c371ee41,1,74,0,0,0,ok,,eli2md 0.6.3,2026-09-29T23:19:53Z
MP/2025/140,2025,140,Komunikat,Komunikat Prezesa Zakładu Ubezpieczeń Społecznych z dnia 18 lutego 2025 r. w sprawie kwoty miesięcznego progu uprawniającego do świadczenia wyrównawczego,2025-02-18,2025-02-20,2025-02-21T12:03:51,4b9c385fd6f4975de69338bb44c6b2ce3bdedb91812fd5a5e02a6a5f4251ab9b,1,75,0,0,0,ok,,eli2md 0.6.3,2026-09-29T23:19:53Z
MP/2025/141,2025,141,Komunikat,"Komunikat Prezesa Zakładu Ubezpieczeń Społecznych z dnia 18 lutego 2025 r. w sprawie wysokości wskaźnika kwartalnej waloryzacji składek na ubezpieczenie emerytalne, środków, odsetek za zwłokę i opłaty prolongacyjnej, zewidencjonowanych na subkoncie, za IV kwartał 2024 r.",2025-02-18,2025-02-20,2025-02-21T12:03:51,981f84ef77309b2d108c9ddc99cacae773ee8a316e849c744569bc1cec7cb9f5,1,98,0,0,0,ok,,eli2md 0.6.3,2026-09-29T23:19:53Z
MP/2025/142,2025,142,Komunikat,"Komunikat Prezesa Zakładu Ubezpieczeń Społecznych z dnia 18 lutego 2025 r. w sprawie dopuszczalnej kwoty przychodu, granicznej kwoty przychodu oraz rocznej dopuszczalnej kwoty przychodu i rocznej granicznej kwoty przychodu, stosowanych przy zmniejszaniu lub zawieszaniu świadczeń przedemerytalnych oraz zasiłków przedemerytalnych",2025-02-18,2025-02-20,2025-02-21T12:03:51,788efd71498cbb3160ee7c392c6e22d65788df9d160eff2fffd337bc018d41bc,1,160,0,0,0,ok,,eli2md 0.6.3,2026-09-29T23:19:53Z
MP/2025/143,2025,143,Komunikat,Komunikat Ministra Rozwoju i Technologii z dnia 13 lutego 2025 r. o wydanej decyzji w sprawie nadania przedsiębiorcy statusu centrum badawczo-rozwojowego,2025-02-13,2025-02-20,2025-02-21T12:03:51,62cf17cd88bf2c4100e412e64c0c2c186ff66f7fb715a5e9b5c29dd6b724e29c,1,87,0,0,0,ok,,eli2md 0.6.3,2026-09-29T23:19:53Z
MP/2025/144,2025,144,Komunikat,Komunikat Prezesa Zakładu Ubezpieczeń Społecznych z dnia 18 lutego 2025 r. w sprawie kwoty miesięcznej uprawniającej do świadczenia uzupełniającego,2025-02-18,2025-02-20,2025-02-21T12:03:51,47339c219c7243809c2b1254c4ce267061da912018fede4a6e6b60e843cd61ec,1,72,0,0,0,ok,,eli2md 0.6.3,2026-09-29T23:19:53Z
MP/2025/145,2025,145,Obwieszczenie,Obwieszczenie Ministra Finansów z dnia 16 lutego 2025 r. w sprawie średniej ważonej detalicznej ceny sprzedaży papierosów oraz średniej ważonej detalicznej ceny sprzedaży tytoniu do palenia w roku 2024,2025-02-16,2025-02-20,2025-02-21T12:03:51,7a2550f4eaa7fee1f170b727a85cc1e3596e331a96e3d8c732af0811ee3a9ce5,1,91,0,0,0,ok,,eli2md 0.6.3,2026-09-29T23:19:53Z
MP/2025/146,2025,146,Uchwała,Uchwała Senatu Rzeczypospolitej Polskiej z dnia 12 lutego 2025 r. w 90. rocznicę narodzin krwiodawstwa w Polsce,2025-02-12,2025-02-20,2026-05-12T09:01:27,a76ecfb7a732d0a5786bc4a9f4c8a8debde23d457234352207a404be3598040d,2,603,0,0,0,ok,,eli2md 0.6.3,2026-09-29T23:19:53Z
MP/2025/147,2025,147,Komunikat,Komunikat Prezesa Zakładu Ubezpieczeń Społecznych z dnia 18 lutego 2025 r. w sprawie kwoty dodatku kombatanckiego do emerytury lub renty,2025-02-18,2025-02-20,2025-02-21T12:03:51,e64406029b095cb67036166dedd16f2e265af70cda5db675838b8a285dbe8094,1,77,0,0,0,ok,,eli2md 0.6.3,2026-09-29T23:19:53Z
MP/2025/148,2025,148,Obwieszczenie,Obwieszczenie Prezesa Głównego Urzędu Statystycznego z dnia 19 lutego 2025 r. w sprawie przeciętnego wynagrodzenia miesięcznego w gospodarce narodowej w 2024 r. i w drugim półroczu 2024 r.,2025-02-19,2025-02-20,2025-02-21T12:03:51,da46370a9dd68375d5246acd82deae03b955daaf85f237c89a10af1491dd0f6a,1,127,0,0,0,ok,,eli2md 0.6.3,2026-09-29T23:19:53Z
MP/2025/149,2025,149,Komunikat,"Komunikat Prezesa Zakładu Ubezpieczeń Społecznych z dnia 18 lutego 2025 r. w sprawie kwoty świadczenia pieniężnego przysługującego żołnierzom zastępczej służby wojskowej przymusowo zatrudnianym w kopalniach węgla, kamieniołomach, zakładach rud uranu i batalionach budowlanych",2025-02-18,2025-02-20,2025-02-21T12:03:51,3ce279dc5bbc0aa7ba8f6d614d50909140d06ade31ba35ccbf25fd4739ed60b8,1,113,0,0,0,ok,,eli2md 0.6.3,2026-09-29T23:19:53Z
MP/2025/150,2025,150,Komunikat,Komunikat Prezesa Zakładu Ubezpieczeń Społecznych z dnia 18 lutego 2025 r. w sprawie kwoty świadczenia pieniężnego przysługującego osobom deportowanym do pracy przymusowej oraz osadzonym w obozach pracy przez III Rzeszę i Związek Socjalistycznych Republik Radzieckich,2025-02-18,2025-02-20,2025-02-21T12:03:51,bda6fefb162c0c880da037ad423670d5ec6e5858fd96e49686629612d4e29be5,1,260,0,0,0,ok,,eli2md 0.6.3,2026-09-29T23:19:53Z
MP/2025/151,2025,151,Komunikat,Komunikat Prezesa Zakładu Ubezpieczeń Społecznych z dnia 18 lutego 2025 r. w sprawie miesięcznej kwoty przeciętnej emerytury wypłaconej przez Zakład Ubezpieczeń Społecznych z Funduszu Ubezpieczeń Społecznych,2025-02-18,2025-02-20,2025-02-21T12:03:51,dd35fd5ec378f1808553f0eb8fe1b50eeeb0f3ac50ced824efc2f051c4bd5b6b,1,118,0,0,0,ok,,eli2md 0.6.3,2026-09-29T23:19:53Z
MP/2025/152,2025,152,Komunikat,"Komunikat Prezesa Zakładu Ubezpieczeń Społecznych z dnia 18 lutego 2025 r. w sprawie kwoty najniższej emerytury i renty, dodatku pielęgnacyjnego i dodatku dla sierot zupełnych, kwot maksymalnych zmniejszeń emerytur i rent oraz kwot emerytur i rent wolnych od egzekucji i potrąceń",2025-02-18,2025-02-20,2025-02-21T12:03:51,69f3af6e64da8858711bdfe8b179f4015e3812d5b86ae2c9b358014cc10bbfa8,2,971,0,0,0,ok,,eli2md 0.6.3,2026-09-29T23:19:53Z
MP/2025/153,2025,153,Komunikat,Komunikat Prezesa Zakładu Ubezpieczeń Społecznych z dnia 18 lutego 2025 r. w sprawie kwoty świadczenia ratowniczego,2025-02-18,2025-02-20,2025-02-21T12:03:51,5b9f002d502a434c1b43b6732cce49942555e42200335b6a3505b34c02cfb82b,1,70,0,0,0,ok,,eli2md 0.6.3,2026-09-29T23:19:53Z
MP/2025/154,2025,154,Komunikat,Komunikat Prezesa Zakładu Ubezpieczeń Społecznych z dnia 18 lutego 2025 r. w sprawie miesięcznej kwoty przeciętnej renty rodzinnej wypłaconej przez Zakład Ubezpieczeń Społecznych z Funduszu Ubezpieczeń Społecznych,2025-02-18,2025-02-20,2025-02-21T12:03:51,89a474e58d4136fcbfca583e4056e81994378566c258b8d2bf1c940f4929435a,1,120,0,0,0,ok,,eli2md 0.6.3,2026-09-29T23:19:53Z
MP/2025/155,2025,155,Komunikat,Komunikat Prezesa Zakładu Ubezpieczeń Społecznych z dnia 18 lutego 2025 r. w sprawie miesięcznej kwoty przeciętnej renty z tytułu niezdolności do pracy wypłaconej przez Zakład Ubezpieczeń Społecznych z Funduszu Ubezpieczeń Społecznych,2025-02-18,2025-02-20,2025-02-21T12:03:52,7a5ce6affbe3b8bc04e327a9f67ad06f51278bcf193c5c43dfe27be2856709e7,1,128,0,0,0,ok,,eli2md 0.6.3,2026-09-29T23:19:53Z
MP/2025/156,2025,156,Uchwała,Uchwała Senatu Rzeczypospolitej Polskiej z dnia 12 lutego 2025 r. w sprawie upamiętnienia 105. rocznicy zaślubin Polski z morzem,2025-02-12,2025-02-21,2026-05-12T09:01:27,2b3ac79fa7dca65d8705751d15b147b18034e826e33594c2b996576a1685f257,1,240,0,0,0,ok,,eli2md 0.6.3,2026-09-29T23:19:53Z
MP/2025/157,2025,157,Komunikat,Komunikat Prezesa Państwowej Agencji Atomistyki z dnia 14 lutego 2025 r. w sprawie sytuacji radiacyjnej kraju w IV kwartale 2024 r.,2025-02-14,2025-02-21,2025-02-24T11:07:55,cf93e16280b1baade026526a88f9ed5b0d50db2b8f4a06ac32c92f5b19cbda0c,1,168,0,0,0,ok,,eli2md 0.6.3,2026-09-29T23:19:53Z
MP/2025/158,2025,158,Uchwała,Uchwała Sejmu Rzeczypospolitej Polskiej z dnia 24 stycznia 2025 r. w sprawie upamiętnienia bohaterów rewolucji 1905 roku w 120. rocznicę jej wybuchu,2025-01-24,2025-02-24,2026-05-12T09:01:27,e5dc4e437c52d41fbade98c6fce3d7207868b867d7b46a388fd15b96386732c5,1,479,0,0,0,ok,,eli2md 0.6.3,2026-09-29T23:19:53Z
MP/2025/159,2025,159,Postanowienie,Postanowienie Prezydenta Rzeczypospolitej Polskiej z dnia 27 grudnia 2024 r. nr 110.8.2024 w sprawie odwołania Ambasadora Rzeczypospolitej Polskiej,2024-12-27,2025-02-24,2025-02-25T10:17:00,05b4c92083a410066ee4670d802a4db4335accf03a30b9ceae961797049edcbd,1,69,0,0,0,ok,,eli2md 0.6.3,2026-09-29T23:19:53Z
MP/2025/160,2025,160,Obwieszczenie,Obwieszczenie Ministra Klimatu i Środowiska z dnia 24 lutego 2025 r. w sprawie parametrów aukcji uzupełniającej na drugą połowę 2025 r. obejmującą okres od dnia 1 lipca do dnia 31 grudnia,2025-02-24,2025-02-24,2025-02-25T10:17:00,ac062e01467a878566f297b4ce3ddf1e6cac9fefd87fc2178de8046a6a746135,2,611,0,0,0,ok,,eli2md 0.6.3,2026-09-29T23:19:53Z
MP/2025/161,2025,161,Obwieszczenie,Obwieszczenie Prezesa Zakładu Ubezpieczeń Społecznych z dnia 18 lutego 2025 r. w sprawie wskaźnika waloryzacji podstawy wymiaru zasiłku chorobowego przyjętej do obliczenia świadczenia rehabilitacyjnego w II kwartale 2025 r.,2025-02-18,2025-02-25,2025-02-26T11:35:48,73f28106c6289104aa2bd816e97b98a5be2983e05e44a748f0d1f4d667327e8e,1,95,0,0,0,ok,,eli2md 0.6.3,2026-09-29T23:19:53Z
MP/2025/162,2025,162,Uchwała,"Uchwała nr 74/2025 Państwowej Komisji Wyborczej z dnia 11 lutego 2025 r. zmieniająca uchwałę w sprawie określenia szczegółowego zakresu zadań urzędników wyborczych, sposobu ich realizacji oraz zasad wynagradzania za ich realizację, a także zasad zwolnienia od pracy zawodowej na czas wykonywania obowiązków urzędnika wyborczego",2025-02-11,2025-02-25,2025-02-26T11:35:49,3e5d4cd50deb86f516906b8366fb6d342383390857af117f9609d12cbc7ca5c1,1,317,0,0,0,ok,,eli2md 0.6.3,2026-09-29T23:19:53Z
MP/2025/163,2025,163,Postanowienie,Postanowienie Prezydenta Rzeczypospolitej Polskiej z dnia 7 stycznia 2025 r. nr rej. 23/2025 o nadaniu orderów,2025-01-07,2025-02-25,2025-02-26T11:35:49,2a65b8e2491941c22736861cac6973f09ff1bbdc0789a39f5606ff9c260391b8,2,358,0,0,0,ok,,eli2md 0.6.3,2026-09-29T23:19:53Z
MP/2025/164,2025,164,Postanowienie,Postanowienie Prezydenta Rzeczypospolitej Polskiej z dnia 8 stycznia 2025 r. nr rej. 28/2025 o nadaniu odznaczeń,2025-01-08,2025-02-25,2025-02-26T11:35:50,04c64882998f9976f549f442b88548cfd913383080cd4ee697d6d1b8a36a5cca,1,104,0,0,0,ok,,eli2md 0.6.3,2026-09-29T23:19:53Z
MP/2025/165,2025,165,Postanowienie,Postanowienie Prezydenta Rzeczypospolitej Polskiej z dnia 28 stycznia 2025 r. nr rej. 29/2025 o nadaniu odznaczeń,2025-01-28,2025-02-25,2025-02-26T11:35:51,6c938fe478a242d648c7264b4177bf9a1d1084d2423ce5874066e3a232c8a891,2,155,0,0,0,ok,,eli2md 0.6.3,2026-09-29T23:19:53Z
MP/2025/166,2025,166,Postanowienie,Postanowienie Prezydenta Rzeczypospolitej Polskiej z dnia 8 stycznia 2025 r. nr rej. 32/2025 o nadaniu orderu,2025-01-08,2025-02-25,2025-02-26T11:35:51,e40a143e3067e4b203a40e89e538c96ddd46fe1dd0c7cf8897fd66679d1ce3ed,1,83,0,0,0,ok,,eli2md 0.6.3,2026-09-29T23:19:53Z
MP/2025/167,2025,167,Postanowienie,Postanowienie Prezydenta Rzeczypospolitej Polskiej z dnia 10 stycznia 2025 r. nr rej. 33/2025 o nadaniu odznaczeń,2025-01-10,2025-02-25,2025-02-26T11:35:52,46092d190a38d715ac6b1736d44d7755685e13ddefb041f9478317fb9aa44917,1,80,0,0,0,ok,,eli2md 0.6.3,2026-09-29T23:19:53Z
MP/2025/168,2025,168,Postanowienie,Postanowienie Prezydenta Rzeczypospolitej Polskiej z dnia 8 stycznia 2025 r. nr rej. 34/2025 o nadaniu odznaczenia,2025-01-08,2025-02-25,2025-02-26T11:35:53,01ae520fca9656af0308a96423fc92bb5c4394009621e45556653fad734a83e0,1,70,0,0,0,ok,,eli2md 0.6.3,2026-09-29T23:19:53Z
MP/2025/169,2025,169,Postanowienie,Postanowienie Prezydenta Rzeczypospolitej Polskiej z dnia 9 stycznia 2025 r. nr rej. 35/2025 o nadaniu orderu,2025-01-09,2025-02-25,2025-02-26T11:35:54,d0145568982ea6ef5027332cecc33fc501be0537176a2b277427b1d60a5de07c,1,78,0,0,0,ok,,eli2md 0.6.3,2026-09-29T23:19:53Z
MP/2025/170,2025,170,Postanowienie,Postanowienie Prezydenta Rzeczypospolitej Polskiej z dnia 9 stycznia 2025 r. nr rej. 36/2025 o nadaniu orderu,2025-01-09,2025-02-25,2025-02-26T11:35:55,01455ca65ce0f8bb8f4295d459d6e732be8414db902bff98af12e7bf2712b808,1,80,0,0,0,ok,,eli2md 0.6.3,2026-09-29T23:19:53Z
MP/2025/171,2025,171,Postanowienie,Postanowienie Prezydenta Rzeczypospolitej Polskiej z dnia 16 stycznia 2025 r. nr rej. 37/2025 o nadaniu orderów i odznaczeń,2025-01-16,2025-02-25,2025-02-26T11:35:55,15c8913c68917da25015b7771e4eef3bb059bdcdb31e84a4d4b1b3198a46e7cd,2,306,0,0,0,ok,,eli2md 0.6.3,2026-09-29T23:19:53Z
MP/2025/172,2025,172,Postanowienie,Postanowienie Prezydenta Rzeczypospolitej Polskiej z dnia 16 stycznia 2025 r. nr rej. 38/2025 o nadaniu odznaczeń,2025-01-16,2025-02-25,2025-02-26T11:35:56,2179089d39e9ff3b379eba1cc3c81f181c9db048d87c25b4c0701d855ac16047,1,157,0,0,0,ok,,eli2md 0.6.3,2026-09-29T23:19:53Z
MP/2025/173,2025,173,Postanowienie,Postanowienie Prezydenta Rzeczypospolitej Polskiej z dnia 28 stycznia 2025 r. nr rej. 41/2025 o nadaniu odznaczeń,2025-01-28,2025-02-26,2025-02-27T11:28:03,4a9823297b3153e937c353aef5c1456b92477a2cebd3498ce39d1f5593886217,1,89,0,0,0,ok,,eli2md 0.6.3,2026-09-29T23:19:53Z
MP/2025/174,2025,174,Postanowienie,Postanowienie Prezydenta Rzeczypospolitej Polskiej z dnia 15 stycznia 2025 r. nr rej. 42/2025 o nadaniu odznaczeń,2025-01-15,2025-02-26,2025-02-27T11:28:03,19cecf75bd9f1f376ca9c310f7d1a4fc145a242a8c18b3add4eb4366fe39762d,1,86,0,0,0,ok,,eli2md 0.6.3,2026-09-29T23:19:53Z
MP/2025/175,2025,175,Postanowienie,Postanowienie Prezydenta Rzeczypospolitej Polskiej z dnia 16 stycznia 2025 r. nr rej. 43/2025 o nadaniu orderu i odznaczeń,2025-01-16,2025-02-26,2025-02-27T11:28:03,883fdd21edfc72080e6e7ccda90a76134df5e81a64bc2356211038481d72e3bd,1,126,0,0,0,ok,,eli2md 0.6.3,2026-09-29T23:19:53Z
MP/2025/176,2025,176,Postanowienie,Postanowienie Prezydenta Rzeczypospolitej Polskiej z dnia 16 stycznia 2025 r. nr rej. 44/2025 o nadaniu orderu,2025-01-16,2025-02-26,2025-02-27T11:28:03,3a47ee469eab29a4b14d05eecbc4b53ee20fd02661789acd50bd2dc2e6bfbe87,1,80,0,0,0,ok,,eli2md 0.6.3,2026-09-29T23:19:53Z
MP/2025/177,2025,177,Postanowienie,Postanowienie Prezydenta Rzeczypospolitej Polskiej z dnia 16 stycznia 2025 r. nr rej. 45/2025 o nadaniu orderu,2025-01-16,2025-02-26,2025-02-27T11:28:03,75d6148466c4e52578d9115195955953f3dde7d3dd9cbd849a9d6fc79308cacc,1,70,0,0,0,ok,,eli2md 0.6.3,2026-09-29T23:19:53Z
MP/2025/178,2025,178,Postanowienie,Postanowienie Prezydenta Rzeczypospolitej Polskiej z dnia 28 stycznia 2025 r. nr rej. 46/2025 o nadaniu odznaczeń,2025-01-28,2025-02-26,2025-02-27T11:28:03,092f89ef1b058a77c690cd7b0a70ab2285bc08a84ee3f0c87dab79fdf0e8356c,2,273,0,0,0,ok,,eli2md 0.6.3,2026-09-29T23:19:53Z
MP/2025/179,2025,179,Postanowienie,Postanowienie Prezydenta Rzeczypospolitej Polskiej z dnia 28 stycznia 2025 r. nr rej. 47/2025 o nadaniu odznaczeń,2025-01-28,2025-02-26,2025-02-27T11:28:03,52c06c24a6efe8af0e4f45ecac0755a1faf92daf28126865e2ef3804be93f037,1,139,0,0,0,ok,,eli2md 0.6.3,2026-09-29T23:19:53Z
MP/2025/180,2025,180,Postanowienie,Postanowienie Prezydenta Rzeczypospolitej Polskiej z dnia 28 stycznia 2025 r. nr rej. 48/2025 o nadaniu orderów i odznaczeń,2025-01-28,2025-02-26,2025-02-27T11:28:03,a4aff94ace5d4f498ed39b17de53d26bb967ea12b766ee23569be0ea83a067cf,1,200,0,0,0,ok,,eli2md 0.6.3,2026-09-29T23:19:53Z
MP/2025/181,2025,181,Postanowienie,Postanowienie Prezydenta Rzeczypospolitej Polskiej z dnia 28 stycznia 2025 r. nr rej. 51/2025 o nadaniu odznaczeń,2025-01-28,2025-02-26,2025-02-27T11:28:03,3fc471671c1ea88b8c55330424c4fd88302ef34fbb9fb346e8b442d354f8c35f,4,549,0,0,0,ok,,eli2md 0.6.3,2026-09-29T23:19:53Z
MP/2025/182,2025,182,Postanowienie,Postanowienie Prezydenta Rzeczypospolitej Polskiej z dnia 30 stycznia 2025 r. nr rej. 52/2025 o nadaniu orderów,2025-01-30,2025-02-26,2025-02-27T11:28:03,b11c3d71cc400bec53485634c1dcdc220c7fdf0ec780bceab15d9cf5c2845f0c,1,104,0,0,0,ok,,eli2md 0.6.3,2026-09-29T23:19:53Z
MP/2025/183,2025,183,Postanowienie,Postanowienie Prezydenta Rzeczypospolitej Polskiej z dnia 30 stycznia 2025 r. nr rej. 53/2025 o nadaniu orderu,2025-01-30,2025-02-26,2025-02-27T11:28:03,82dcde547892a787227fd6a916f5bdc3a9037a9e2c6eb10e51786d49e223fa83,1,89,0,0,0,ok,,eli2md 0.6.3,2026-09-29T23:19:53Z
MP/2025/184,2025,184,Postanowienie,Postanowienie Prezydenta Rzeczypospolitej Polskiej z dnia 30 stycznia 2025 r. nr rej. 56/2025 o nadaniu orderu,2025-01-30,2025-02-26,2025-02-27T11:28:03,d15de5d48744e7612ab2cc3ae97678a8017eed6bbdb779911ff91ec338cd0fb6,1,81,0,0,0,ok,,eli2md 0.6.3,2026-09-29T23:19:53Z
MP/2025/185,2025,185,Postanowienie,Postanowienie Prezydenta Rzeczypospolitej Polskiej z dnia 30 stycznia 2025 r. nr rej. 57/2025 o nadaniu odznaczeń,2025-01-30,2025-02-26,2025-02-27T11:28:03,c191500bc02fc2e81dd746140b5988898eaf3a920cc91bc67bd5b9ed17de5e5c,1,98,0,0,0,ok,,eli2md 0.6.3,2026-09-29T23:19:53Z
MP/2025/186,2025,186,Postanowienie,Postanowienie Prezydenta Rzeczypospolitej Polskiej z dnia 30 stycznia 2025 r. nr rej. 58/2025 o nadaniu orderów,2025-01-30,2025-02-26,2025-02-27T11:28:03,9d2eacd2da9f9b75b8df9238db3786ac929b7aa2754993a734e8ee5189259e5f,1,92,0,0,0,ok,,eli2md 0.6.3,2026-09-29T23:19:53Z
MP/2025/187,2025,187,Uchwała,Uchwała Sejmu Rzeczypospolitej Polskiej z dnia 20 lutego 2025 r. w sprawie wyrażenia przez Sejm Rzeczypospolitej Polskiej zgody na pociągnięcie do odpowiedzialności karnej posła Zbigniewa Ziobry,2025-02-20,2025-02-26,2025-02-28T10:14:49,89e3be4a061435d778d806f05c6b9f0e1e44630adac425772e12d33e95c51f08,1,99,0,0,0,ok,,eli2md 0.6.3,2026-09-29T23:19:53Z
MP/2025/188,2025,188,Uchwała,Uchwała Sejmu Rzeczypospolitej Polskiej z dnia 20 lutego 2025 r. w sprawie wyrażenia przez Sejm Rzeczypospolitej Polskiej zgody na aresztowanie w celu zapewnienia stawiennictwa na posiedzeniu Sejmowej Komisji Śledczej posła Zbigniewa Ziobry,2025-02-20,2025-02-26,2025-02-28T10:14:34,68dfb5aadc503f8616877d28fc4baa0dc40473bfef5c5a86a586474cb1f21dcc,1,147,0,0,0,ok,,eli2md 0.6.3,2026-09-29T23:19:53Z
MP/2025/189,2025,189,Uchwała,Uchwała Sejmu Rzeczypospolitej Polskiej z dnia 20 lutego 2025 r. w sprawie wyrażenia przez Sejm Rzeczypospolitej Polskiej zgody na pociągnięcie do odpowiedzialności karnej posła Jana Krzysztofa Ardanowskiego za czyn określony w punkcie pierwszym wniosku z dnia 19 grudnia 2024 r. przedłożonego przez Zastępcę Prokuratora Regionalnego w Warszawie,2025-02-20,2025-02-26,2025-02-28T10:13:21,70ccf9e4d57d2bdfb70c8cf3c5ad8570eea072c3f77751bc01c3ef2e278c6385,1,117,0,0,0,ok,,eli2md 0.6.3,2026-09-29T23:19:53Z
MP/2025/190,2025,190,Uchwała,Uchwała Sejmu Rzeczypospolitej Polskiej z dnia 20 lutego 2025 r. w sprawie wyrażenia przez Sejm Rzeczypospolitej Polskiej zgody na pociągnięcie do odpowiedzialności karnej posła Jana Krzysztofa Ardanowskiego za czyn określony w punkcie drugim wniosku z dnia 19 grudnia 2024 r. przedłożonego przez Zastępcę Prokuratora Regionalnego w Warszawie,2025-02-20,2025-02-26,2025-02-28T10:13:50,278f618065ab037daf7c8c2cc212a09fd71940d12ba3a62c69848bdd5930e2d2,1,117,0,0,0,ok,,eli2md 0.6.3,2026-09-29T23:19:53Z
MP/2025/191,2025,191,Uchwała,Uchwała Sejmu Rzeczypospolitej Polskiej z dnia 20 lutego 2025 r. w sprawie wyrażenia przez Sejm Rzeczypospolitej Polskiej zgody na pociągnięcie do odpowiedzialności karnej posła Pawła Kukiza,2025-02-20,2025-02-26,2025-02-28T10:14:07,6465670eed08da3d0ba27c651063120ce87b5a18b6a5c45820b07308aa441e45,1,93,0,0,0,ok,,eli2md 0.6.3,2026-09-29T23:19:53Z
MP/2025/192,2025,192,Zarządzenie,Zarządzenie nr 5 Prezesa Rady Ministrów z dnia 26 lutego 2025 r. zmieniające zarządzenie w sprawie nadania statutu Urzędowi Komisji Nadzoru Finansowego,2025-02-26,2025-02-27,2025-02-28T11:04:18,edca070d0eb340d6e432611fbbce8697a089b9a8d7060ee2550f44162f6d5ef0,1,115,0,0,0,ok,,eli2md 0.6.3,2026-09-29T23:19:53Z
MP/2025/193,2025,193,Uchwała,"Uchwała nr 13 Rady Ministrów z dnia 11 lutego 2025 r. w sprawie przyjęcia ""Polityki Promocji Gospodarczej Polski""",2025-02-11,2025-02-27,2025-02-28T11:04:18,2629d707c134adf13c1e18871836ebc61eac3621162c00d34edc9ad8df729ab8,221,54359,41,5,41,ok,,eli2md 0.6.3,2026-09-29T23:19:53Z
MP/2025/194,2025,194,Uchwała,Uchwała Sejmu Rzeczypospolitej Polskiej z dnia 20 lutego 2025 r. w sprawie wyrażenia przez Sejm Rzeczypospolitej Polskiej zgody na pociągnięcie do odpowiedzialności karnej posła Marcina Romanowskiego za czyn określony w punkcie pierwszym wniosku z dnia 3 lutego 2025 r. przedłożonego przez Kierownika Zespołu Śledczego Nr 2 Prokuratury Krajowej,2025-02-20,2025-02-27,2025-02-28T11:23:04,abdb2ec31375e6397992144a774d968a7beee3a657eac8421c800ee7eb0ac4eb,1,119,0,0,0,ok,,eli2md 0.6.3,2026-09-29T23:19:53Z
MP/2025/195,2025,195,Uchwała,Uchwała Sejmu Rzeczypospolitej Polskiej z dnia 20 lutego 2025 r. w sprawie wyrażenia przez Sejm Rzeczypospolitej Polskiej zgody na pociągnięcie do odpowiedzialności karnej posła Marcina Romanowskiego za czyn określony w punkcie drugim wniosku z dnia 3 lutego 2025 r. przedłożonego przez Kierownika Zespołu Śledczego Nr 2 Prokuratury Krajowej,2025-02-20,2025-02-27,2025-02-28T11:24:57,17b2e961fed7cab3f8a69abf4097572de6d42177a6df341ea166ad2556f29d66,1,119,0,0,0,ok,,eli2md 0.6.3,2026-09-29T23:19:53Z
MP/2025/196,2025,196,Uchwała,Uchwała Sejmu Rzeczypospolitej Polskiej z dnia 20 lutego 2025 r. w sprawie wyrażenia przez Sejm Rzeczypospolitej Polskiej zgody na pociągnięcie do odpowiedzialności karnej posła Marcina Romanowskiego za czyn określony w punkcie trzecim wniosku z dnia 3 lutego 2025 r. przedłożonego przez Kierownika Zespołu Śledczego Nr 2 Prokuratury Krajowej,2025-02-20,2025-02-27,2025-02-28T11:26:12,535a76c20b97350df28a5f1d09a77684224d39d60c35563ffab1aad5f36545e1,1,119,0,0,0,ok,,eli2md 0.6.3,2026-09-29T23:19:53Z
MP/2025/197,2025,197,Uchwała,Uchwała Sejmu Rzeczypospolitej Polskiej z dnia 20 lutego 2025 r. w sprawie wyrażenia przez Sejm Rzeczypospolitej Polskiej zgody na pociągnięcie do odpowiedzialności karnej posła Marcina Romanowskiego za czyn określony w punkcie czwartym wniosku z dnia 3 lutego 2025 r. przedłożonego przez Kierownika Zespołu Śledczego Nr 2 Prokuratury Krajowej,2025-02-20,2025-02-27,2025-02-28T11:27:28,7a9889969778c0e0bc7434a8eba844d45926c5bc7fb9dc90899ba5edcbd079ed,1,119,0,0,0,ok,,eli2md 0.6.3,2026-09-29T23:19:53Z
MP/2025/198,2025,198,Uchwała,Uchwała Sejmu Rzeczypospolitej Polskiej z dnia 20 lutego 2025 r. w sprawie wyrażenia przez Sejm Rzeczypospolitej Polskiej zgody na pociągnięcie do odpowiedzialności karnej posła Marcina Romanowskiego za czyn określony w punkcie piątym wniosku z dnia 3 lutego 2025 r. przedłożonego przez Kierownika Zespołu Śledczego Nr 2 Prokuratury Krajowej,2025-02-20,2025-02-27,2025-02-28T11:28:52,d33d211723a171dd68de4f42ef75ec85e496b7e66a8f2baaa439ca54bce087aa,1,119,0,0,0,ok,,eli2md 0.6.3,2026-09-29T23:19:53Z
MP/2025/199,2025,199,Uchwała,Uchwała Sejmu Rzeczypospolitej Polskiej z dnia 20 lutego 2025 r. w sprawie wyrażenia przez Sejm Rzeczypospolitej Polskiej zgody na pociągnięcie do odpowiedzialności karnej posła Marcina Romanowskiego za czyn określony w punkcie szóstym wniosku z dnia 3 lutego 2025 r. przedłożonego przez Kierownika Zespołu Śledczego Nr 2 Prokuratury Krajowej,2025-02-20,2025-02-27,2025-02-28T11:18:41,c78531a170f82f8cf2fdf85823674f4d363ed4d3585669a1b15fabb7db9a93e2,1,119,0,0,0,ok,,eli2md 0.6.3,2026-09-29T23:19:53Z
MP/2025/200,2025,200,Uchwała,Uchwała Sejmu Rzeczypospolitej Polskiej z dnia 20 lutego 2025 r. w sprawie wyrażenia przez Sejm Rzeczypospolitej Polskiej zgody na pociągnięcie do odpowiedzialności karnej posła Marcina Romanowskiego za czyn określony w punkcie siódmym wniosku z dnia 3 lutego 2025 r. przedłożonego przez Kierownika Zespołu Śledczego Nr 2 Prokuratury Krajowej,2025-02-20,2025-02-27,2025-02-28T11:18:41,5ffc18d2ec306e0eb086b12255ec43c0bc6306826b1f7916bb988fda361c3f7c,1,119,0,0,0,ok,,eli2md 0.6.3,2026-09-29T23:19:53Z
MP/2025/201,2025,201,Uchwała,Uchwała Sejmu Rzeczypospolitej Polskiej z dnia 20 lutego 2025 r. w sprawie wyrażenia przez Sejm Rzeczypospolitej Polskiej zgody na pociągnięcie do odpowiedzialności karnej posła Marcina Romanowskiego za czyn określony w punkcie ósmym wniosku z dnia 3 lutego 2025 r. przedłożonego przez Kierownika Zespołu Śledczego Nr 2 Prokuratury Krajowej,2025-02-20,2025-02-27,2025-02-28T11:04:18,5c02e1d1cd8fd4cf5f0100231e16b2cc25e7fb8d8104f8eae0accb7151f991b4,1,119,0,0,0,ok,,eli2md 0.6.3,2026-09-29T23:19:53Z
MP/2025/202,2025,202,Uchwała,Uchwała Sejmu Rzeczypospolitej Polskiej z dnia 20 lutego 2025 r. w sprawie wyrażenia przez Sejm Rzeczypospolitej Polskiej zgody na zatrzymanie i tymczasowe aresztowanie posła Marcina Romanowskiego,2025-02-20,2025-02-27,2025-02-28T11:04:18,9f3b1ce0396525fb9833120d43921543eff22fb58d975b8a081f103809c6fdce,1,93,0,0,0,ok,,eli2md 0.6.3,2026-09-29T23:19:53Z
MP/2025/203,2025,203,Uchwała,Uchwała Sejmu Rzeczypospolitej Polskiej z dnia 20 lutego 2025 r. w sprawie wyrażenia przez Sejm Rzeczypospolitej Polskiej zgody na pociągnięcie do odpowiedzialności karnej posła Waldemara Jana Sługockiego,2025-02-20,2025-02-27,2025-02-28T11:04:18,1e7f9b0bb571baa02fe425ebc52c96b80e9d004f0420fad34a0e526e886d071c,1,96,0,0,0,ok,,eli2md 0.6.3,2026-09-29T23:19:53Z
MP/2025/204,2025,204,Postanowienie,Postanowienie Prezydenta Rzeczypospolitej Polskiej z dnia 14 stycznia 2025 r. nr 115.12.2024 w sprawie nadania tytułu profesora,2025-01-14,2025-02-27,2025-02-28T11:04:18,0b2ca1e2d38447b6cf1565570fcd7f7f0e0269fa528f2af64ab3a201d40fc3e5,5,1822,0,0,0,ok,,eli2md 0.6.3,2026-09-29T23:19:53Z
MP/2025/205,2025,205,Uchwała,Uchwała Sejmu Rzeczypospolitej Polskiej z dnia 20 lutego 2025 r. w sprawie wyrażenia przez Sejm Rzeczypospolitej Polskiej zgody na pociągnięcie do odpowiedzialności karnej poseł Anity Kucharskiej-Dziedzic,2025-02-20,2025-02-27,2025-02-28T11:04:18,ed707c639a53783cad06509a6f53061c4c32c7e7bede1c139b6123f33da50c14,1,100,0,0,0,ok,,eli2md 0.6.3,2026-09-29T23:19:53Z
MP/2025/206,2025,206,Postanowienie,Postanowienie Prezydenta Rzeczypospolitej Polskiej z dnia 3 lutego 2025 r. nr 115.1.2025 w sprawie nadania tytułu profesora,2025-01-14,2025-02-27,2025-02-28T11:04:18,80fb6f1e0b1072807506b55b37a26e7b1b7ffe97780684932e89f108d5250be7,3,1130,0,0,0,ok,,eli2md 0.6.3,2026-09-29T23:19:53Z
MP/2025/207,2025,207,Obwieszczenie,Obwieszczenie Ministra Edukacji z dnia 24 lutego 2025 r. w sprawie ogólnopolskiej sieci branżowych centrów umiejętności na lata 2023-2028,2025-02-24,2025-02-27,2026-05-22T10:39:45,f7eea1a47662472e5aaf938b521477043e06a1769b54e05db187498278a7fd8d,4,923,0,0,0,ok,,eli2md 0.6.3,2026-09-29T23:19:53Z
MP/2025/208,2025,208,Zarządzenie,Zarządzenie nr 4 Prezesa Rady Ministrów z dnia 26 lutego 2025 r. w sprawie koordynowania przez ministra właściwego do spraw oświaty i wychowania działań z zakresu polityki młodzieżowej,2025-02-26,2025-02-27,2025-02-28T11:04:19,5cc4aa583d652b8cad1575be79efce11cf5e7dc725190cb5f8fb4e8b97e47183,1,363,0,0,0,ok,,eli2md 0.6.3,2026-09-29T23:19:53Z
MP/2025/209,2025,209,Uchwała,Uchwała Sejmu Rzeczypospolitej Polskiej z dnia 6 lutego 2025 r. w sprawie upamiętnienia 105. rocznicy zaślubin Polski z morzem w Pucku,2025-02-06,2025-02-28,2026-05-12T09:01:27,898411d17af4ceeb5db71d3508d8c2251e17b29f6c5611c4a553d2a3440a1693,1,247,0,0,0,ok,,eli2md 0.6.3,2026-09-29T23:19:53Z
MP/2025/210,2025,210,Obwieszczenie,"Obwieszczenie Ministra Rodziny, Pracy i Polityki Społecznej z dnia 27 lutego 2025 r. w sprawie wysokości opłaty za wydanie duplikatu Karty Dużej Rodziny oraz wysokości kosztów gminy związanych z przyznaniem tej Karty oraz wydaniem jej duplikatu",2025-02-27,2025-02-28,2025-03-03T11:15:29,4ba6bb41500582803a304a3de0f18f05a009edd1c83e390a0194394604b21d23,1,132,0,0,0,ok,,eli2md 0.6.3,2026-09-29T23:19:53Z
MP/2025/211,2025,211,Zarządzenie,Zarządzenie nr 11 Prezesa Rady Ministrów z dnia 28 lutego 2025 r. w sprawie nadania statutu Ministerstwu Rozwoju i Technologii,2025-02-28,2025-02-28,2026-01-28T10:03:57,ffbe2e1069a29d4ac8f4bdaa5f51fd90d4bded93dd86cfc8d818d9faff695fd6,3,438,0,0,0,ok,,eli2md 0.6.3,2026-09-29T23:19:53Z
MP/2025/212,2025,212,Zarządzenie,Zarządzenie nr 6 Prezesa Rady Ministrów z dnia 27 lutego 2025 r. w sprawie wyznaczenia dla członków korpusu służby cywilnej dni wolnych od pracy,2025-02-27,2025-03-03,2025-03-04T10:08:54,fc0cbe0997092be5f1b58baaa8d64a26a050b2743bf02e1e4228cddfa6d92a92,1,164,0,0,0,ok,,eli2md 0.6.3,2026-09-29T23:19:53Z
MP/2025/213,2025,213,Zarządzenie,Zarządzenie nr 10 Prezesa Rady Ministrów z dnia 28 lutego 2025 r. zmieniające zarządzenie w sprawie nadania statutu Ministerstwu Nauki i Szkolnictwa Wyższego,2025-02-28,2025-03-03,2025-03-04T10:08:54,88388e01d39c5318395a7c56bb2332f685830663b2ba1a87f7aee3703f0c89f5,1,178,0,0,0,ok,,eli2md 0.6.3,2026-09-29T23:19:53Z
MP/2025/214,2025,214,Zarządzenie,"Zarządzenie nr 3/2025 Prezesa Narodowego Banku Polskiego z dnia 26 lutego 2025 r. w sprawie ustalenia wzorów, próby, masy i wielkości emisji monet o wartości nominalnej 10 zł i 500 zł, z serii ""Hetmani Rzeczypospolitej"" - Stanisław Koniecpolski",2025-02-26,2025-03-03,2025-03-04T10:08:54,567b1586ee7270bdcbb9834ac1f59e3d2c09856ed9d85b875b87f6b26ebf6aea,3,290,0,0,0,ok,,eli2md 0.6.3,2026-09-29T23:19:53Z
MP/2025/215,2025,215,Uchwała,Uchwała Senatu Rzeczypospolitej Polskiej z dnia 27 lutego 2025 r. upamiętniająca kolejarzy walczących w czasie II wojny światowej w 80. rocznicę jej zakończenia,2025-02-27,2025-03-03,2026-05-12T09:01:27,6ead8aa38c70cc8dc8117a4bd42ddd0bb85cc3ea2a0d5f24876aecc27ce19438,2,419,0,0,0,ok,,eli2md 0.6.3,2026-09-29T23:19:53Z
MP/2025/216,2025,216,Obwieszczenie,"Obwieszczenie Ministra Finansów z dnia 21 lutego 2025 r. w sprawie określenia wysokości kwot rekompensat wypłacanych osobom, które wniosły przedpłaty na zakup samochodów osobowych marki Fiat 126p lub FSO 1500, na II kwartał 2025 r.",2025-02-21,2025-03-03,2025-03-04T10:08:55,5183034562e927cb23336f75138bc7d72006fcd8618a342ad5859236e0007545,1,125,0,0,0,ok,,eli2md 0.6.3,2026-09-29T23:19:53Z
MP/2025/217,2025,217,Komunikat,Komunikat Ministra Rozwoju i Technologii z dnia 21 lutego 2025 r. o wydanej decyzji w sprawie pozbawienia przedsiębiorcy statusu centrum badawczo-rozwojowego,2025-02-21,2025-03-03,2025-03-04T10:08:55,ce0096c5bf434ea99484055a686ee424eefc54101d841c07992bb4e7e8098f06,1,88,0,0,0,ok,,eli2md 0.6.3,2026-09-29T23:19:53Z
MP/2025/218,2025,218,Uchwała,Uchwała Senatu Rzeczypospolitej Polskiej z dnia 27 lutego 2025 r. w 80. rocznicę heroicznej śmierci Patrona Polskiego Harcerstwa ks. phm. Stefana Wincentego Frelichowskiego,2025-02-27,2025-03-04,2026-05-12T09:01:27,e2c16766d830a2f0c1ee35a61cfa6dfa549d299b273f2fc02915f0d55aaa6a13,1,514,0,0,0,ok,,eli2md 0.6.3,2026-09-29T23:19:53Z
MP/2025/219,2025,219,Obwieszczenie,Obwieszczenie Prokuratora Generalnego z dnia 28 lutego 2025 r. o wolnych stanowiskach prokuratorskich,2025-02-28,2025-03-05,2025-03-06T10:49:28,94f0e77fe64755aa751cc895a62ba2a6d2065dfcb54bd5e4a6aabb10820329c8,2,280,0,0,0,ok,,eli2md 0.6.3,2026-09-29T23:19:53Z
MP/2025/220,2025,220,Obwieszczenie,"Obwieszczenie Ministra Rozwoju i Technologii z dnia 18 lutego 2025 r. w sprawie włączenia kwalifikacji wolnorynkowej ""Prowadzenie dźwiękoterapii"" do Zintegrowanego Systemu Kwalifikacji",2025-02-18,2025-03-05,2025-03-06T10:49:28,e828f4989692c51d1d9106cd0661db0d100cf9583bdee98ec269fbd2d0fa3769,5,1376,0,0,0,ok,,eli2md 0.6.3,2026-09-29T23:19:53Z
MP/2025/221,2025,221,Obwieszczenie,Obwieszczenie Prezesa Rady Ministrów z dnia 4 marca 2025 r. w sprawie ogłoszenia jednolitego tekstu zarządzenia Prezesa Rady Ministrów w sprawie nadania statutu Urzędowi Lotnictwa Cywilnego,2025-03-04,2025-03-05,2026-01-09T00:00:00,7494f53b111167e4cf92f84c428f63ab4bb935a1604a6c10693e6514d712abf7,4,742,0,0,0,ok,,eli2md 0.6.3,2026-09-29T23:19:53Z
MP/2025/222,2025,222,Obwieszczenie,"Obwieszczenie Ministra Rodziny, Pracy i Polityki Społecznej z dnia 28 lutego 2025 r. w sprawie wysokości kwot jednorazowych odszkodowań z tytułu wypadku przy pracy lub choroby zawodowej w okresie od dnia 1 kwietnia 2025 r. do dnia 31 marca 2026 r.",2025-02-28,2025-03-05,2025-03-06T10:49:28,2e96fc14b6a7ba85326691a61e152c97c79e7a09ae7bfb257e960f80602da049,1,453,0,0,0,ok,,eli2md 0.6.3,2026-09-29T23:19:53Z
MP/2025/223,2025,223,Uchwała,Uchwała nr 20 Rady Ministrów z dnia 4 marca 2025 r. w sprawie koordynacji procesu legislacyjnego wdrażającego deregulację,2025-03-04,2025-03-05,2026-09-02T00:00:00,5951e16b839bd62a90182fbe00d047222daa524762667031fb332c04fc9e92b8,3,881,0,0,0,ok,,eli2md 0.6.3,2026-09-29T23:19:53Z
MP/2025/224,2025,224,Obwieszczenie,"Obwieszczenie Ministra Rodziny, Pracy i Polityki Społecznej z dnia 4 marca 2025 r. w sprawie wskaźnika waloryzacji składek na ubezpieczenie emerytalne za IV kwartał 2024 r.",2025-03-04,2025-03-06,2025-03-07T10:59:37,d43ef3ce7652db88a6761e3631966454d119bcc49f8bb3cde46ee391c9e70d3f,1,81,0,0,0,ok,,eli2md 0.6.3,2026-09-29T23:19:53Z
MP/2025/225,2025,225,Postanowienie,Postanowienie Prezydenta Rzeczypospolitej Polskiej z dnia 20 grudnia 2024 r. nr 1130.60.2024 o powołaniu do pełnienia urzędu na stanowisku sędziego,2024-12-20,2025-03-06,2025-03-07T10:59:37,833e79df71cf4b2f266f3dd33338f27890b0aaef583c8b76bb8d40100cb085fa,1,127,0,0,0,ok,,eli2md 0.6.3,2026-09-29T23:19:53Z
MP/2025/226,2025,226,Postanowienie,Postanowienie Prezydenta Rzeczypospolitej Polskiej z dnia 17 grudnia 2024 r. nr 1130.61.2024 o powołaniu do pełnienia urzędu na stanowisku sędziego,2024-12-17,2025-03-06,2025-03-07T10:59:37,36f9565513a068c57a159296fb783ed2f47e00c52f7fec4b6c208be3e8bf942e,1,139,0,0,0,ok,,eli2md 0.6.3,2026-09-29T23:19:53Z
MP/2025/227,2025,227,Postanowienie,Postanowienie Prezydenta Rzeczypospolitej Polskiej z dnia 14 stycznia 2025 r. nr 1130.2.2025 o powołaniu do pełnienia urzędu na stanowisku sędziego,2025-01-14,2025-03-06,2025-03-07T10:59:37,1576908fd21b27d797f058add654813f1e5f05f8013161fe1a1962938ee4a491,1,142,0,0,0,ok,,eli2md 0.6.3,2026-09-29T23:19:53Z
MP/2025/228,2025,228,Obwieszczenie,"Obwieszczenie Ministra Sportu i Turystyki z dnia 25 lutego 2025 r. w sprawie włączenia kwalifikacji wolnorynkowej ""Kierowanie procesem odnowy biologicznej w sporcie"" do Zintegrowanego Systemu Kwalifikacji",2025-02-25,2025-03-06,2025-03-07T10:59:37,25821b7823519bb16f50910dd3c318ad70d5b231df48707634fe02dfb5f9dfe6,5,1181,0,0,0,ok,,eli2md 0.6.3,2026-09-29T23:19:53Z
MP/2025/229,2025,229,Uchwała,Uchwała Sejmu Rzeczypospolitej Polskiej z dnia 6 marca 2025 r. w sprawie wyrażenia przez Sejm Rzeczypospolitej Polskiej zgody na pociągnięcie do odpowiedzialności karnej posła Mariusza Błaszczaka,2025-03-06,2025-03-07,2025-03-10T11:23:55,3b9085efc09a30387d3327aef5bac3199f967e38f24355ac071006118d30da42,1,98,0,0,0,ok,,eli2md 0.6.3,2026-09-29T23:19:53Z
MP/2025/230,2025,230,Uchwała,Uchwała Sejmu Rzeczypospolitej Polskiej z dnia 6 marca 2025 r. w sprawie wyrażenia przez Sejm Rzeczypospolitej Polskiej zgody na pociągnięcie do odpowiedzialności karnej posła Jarosława Kaczyńskiego,2025-03-06,2025-03-07,2025-03-10T11:23:55,43debade6868173eb42ef86e516cc5bf59e7dcc4f80643c41f5b63d8defdb163,1,92,0,0,0,ok,,eli2md 0.6.3,2026-09-29T23:19:53Z
MP/2025/231,2025,231,Uchwała,Uchwała Sejmu Rzeczypospolitej Polskiej z dnia 6 marca 2025 r. w sprawie wyrażenia przez Sejm Rzeczypospolitej Polskiej zgody na zatrzymanie i tymczasowe aresztowanie posła Dariusza Mateckiego,2025-03-06,2025-03-07,2025-03-10T11:23:55,6b28c0475fc654e6ec4c4f33fcbb27f0f13f85993d36ff7bac39b30d440a5822,1,93,0,0,0,ok,,eli2md 0.6.3,2026-09-29T23:19:53Z
MP/2025/232,2025,232,Obwieszczenie,"Obwieszczenie Prezesa Kasy Rolniczego Ubezpieczenia Społecznego z dnia 6 marca 2025 r. w sprawie wysokości miesięcznej składki na ubezpieczenie wypadkowe, chorobowe i macierzyńskie w II kwartale 2025 r.",2025-03-06,2025-03-10,2025-03-11T11:19:02,bc902866859575681fa50581791217afee64e1e4fb7d59718a332d84e4140a0e,1,82,0,0,0,ok,,eli2md 0.6.3,2026-09-29T23:19:53Z
MP/2025/233,2025,233,Postanowienie,"Postanowienie Prezydenta Rzeczypospolitej Polskiej z dnia 6 marca 2025 r. o użyciu Polskiego Kontyngentu Wojskowego w składzie Sił Sojuszniczych Organizacji Traktatu Północnoatlantyckiego w misji wojskowego nadzoru przestrzeni powietrznej Republiki Estońskiej, Republiki Litewskiej i Republiki Łotewskiej",2025-03-06,2025-03-10,2025-03-11T11:19:02,c721f033b7050fc2b01e1acdfb829eb49a61e7d366e1d265ecd55df007ae6fb9,1,217,0,0,0,ok,,eli2md 0.6.3,2026-09-29T23:19:53Z
MP/2025/234,2025,234,Obwieszczenie,"Obwieszczenie Ministra Finansów z dnia 8 marca 2025 r. w sprawie ogłoszenia listy krajów i terytoriów wskazanych w unijnym wykazie jurysdykcji niechętnych współpracy do celów podatkowych przyjmowanym przez Radę Unii Europejskiej, które nie zostały ujęte w wykazie krajów i terytoriów stosujących szkodliwą konkurencję podatkową wydawanym na podstawie przepisów o podatku dochodowym od osób fizycznych oraz przepisów o podatku dochodowym od osób prawnych, oraz dnia przyjęcia tego wykazu przez Radę Unii Europejskiej",2025-03-08,2025-03-11,2025-03-12T11:08:32,89ea4319ac98262e1c0c89a848dd72516335d2f63010d3588ca40c2065d9fdec,2,269,0,0,0,ok,,eli2md 0.6.3,2026-09-29T23:19:53Z
MP/2025/235,2025,235,Uchwała,Uchwała Sejmu Rzeczypospolitej Polskiej z dnia 7 marca 2025 r. w sprawie zmiany Regulaminu Sejmu Rzeczypospolitej Polskiej,2025-03-07,2025-03-12,2026-06-10T10:18:16,581c20361bc38f836689a21ef019ff5e4d9162eb3e8c7da8d42353c6a636f69d,1,177,0,0,0,ok,,eli2md 0.6.3,2026-09-29T23:19:53Z
MP/2025/236,2025,236,Obwieszczenie,"Obwieszczenie Ministra Sportu i Turystyki z dnia 25 lutego 2025 r. w sprawie włączenia kwalifikacji wolnorynkowej ""Wykorzystywanie technik i narzędzi radzenia sobie ze stresem i emocjami w sporcie i aktywności fizycznej"" do Zintegrowanego Systemu Kwalifikacji",2025-02-25,2025-03-12,2025-03-13T11:22:36,07a5d2eaf3eaae21f075adbd80027d90e72ca413a422fa56c743f8353cab0aeb,7,2354,0,0,0,ok,,eli2md 0.6.3,2026-09-29T23:19:53Z
MP/2025/237,2025,237,Obwieszczenie,"Obwieszczenie Prezesa Urzędu Patentowego Rzeczypospolitej Polskiej z dnia 7 marca 2025 r. o wskazaniu wystaw dających pierwszeństwo do uzyskania prawa ochronnego albo prawa z rejestracji, w przypadku wystawienia na nich wzoru użytkowego albo wzoru przemysłowego",2025-03-07,2025-03-12,2025-03-13T11:22:36,e465c012f2513d41e221702cb70583f00c917e9abad488979ec9bdf01bdc9c69,1,314,0,0,0,ok,,eli2md 0.6.3,2026-09-29T23:19:53Z
MP/2025/238,2025,238,Komunikat,Komunikat Prezesa Zakładu Ubezpieczeń Społecznych z dnia 11 marca 2025 r. w sprawie wysokości odsetek należnych z tytułu nieprzekazania w terminie składek do otwartego funduszu emerytalnego,2025-03-11,2025-03-13,2025-03-14T11:40:11,b1b43762e86b57cc6938e8fa66953fa29b02ea9854ea5ea886f140ad2e4389b3,1,93,0,0,0,ok,,eli2md 0.6.3,2026-09-29T23:19:53Z
MP/2025/239,2025,239,Komunikat,Komunikat Ministra Cyfryzacji z dnia 12 marca 2025 r. w sprawie określenia dnia wdrożenia rozwiązań technicznych umożliwiających stosowanie przepisów art. 4 ust. 20 i 20c ustawy z dnia 12 marca 2022 r. o pomocy obywatelom Ukrainy w związku z konfliktem zbrojnym na terytorium tego państwa oraz art. 8 pkt 24b ustawy z dnia 24 września 2010 r. o ewidencji ludności,2025-03-12,2025-03-13,2025-04-09T14:42:19,beefd2dc57707565946ccfa734fb55e1dffda6b1f6885ab8d93f7f37dd375f38,1,177,0,0,0,ok,,eli2md 0.6.3,2026-09-29T23:19:53Z
MP/2025/240,2025,240,Obwieszczenie,"Obwieszczenie Ministra Sportu i Turystyki z dnia 25 lutego 2025 r. w sprawie włączenia kwalifikacji wolnorynkowej ""Prowadzenie zajęć z treningu mentalnego dla dzieci i młodzieży uprawiającej sport"" do Zintegrowanego Systemu Kwalifikacji",2025-02-25,2025-03-13,2025-03-14T11:40:11,d293efe4badba43a84236ac25d375ba843608a5cd4466402c8e92ab6db5869fd,6,1845,0,0,0,ok,,eli2md 0.6.3,2026-09-29T23:19:53Z
MP/2025/241,2025,241,Uchwała,"Uchwała nr 32 Rady Ministrów z dnia 13 marca 2025 r. zmieniająca uchwałę w sprawie ustanowienia programu inwestycyjnego pod nazwą ""Budowa poradni Ambulatoryjnej Opieki Szpitalnej oraz modernizacja i doposażenie infrastruktury Uniwersyteckiego Dziecięcego Szpitala Klinicznego im. L. Zamenhofa w Białymstoku""",2025-03-13,2025-03-14,2025-03-17T11:34:09,c97e9a547fa12d4aa0e62f19b119f707b4d4e8d42c9a9acdb6cb96557809cc17,24,7327,22,0,22,ok,,eli2md 0.6.3,2026-09-29T23:19:53Z
MP/2025/242,2025,242,Uchwała,"Uchwała nr 38 Rady Ministrów z dnia 13 marca 2025 r. zmieniająca uchwałę w sprawie ustanowienia programu inwestycyjnego pod nazwą ""Utworzenie interdyscyplinarnego centrum leczenia i diagnostyki Instytutu Matki i Dziecka""",2025-03-13,2025-03-14,2025-03-17T11:34:10,e57f26062b44b409424ba8869a590e77af9c9a8421243da47c717ef9c2871566,7,1295,0,0,0,ok,,eli2md 0.6.3,2026-09-29T23:19:53Z
MP/2025/243,2025,243,Uchwała,"Uchwała nr 29 Rady Ministrów z dnia 13 marca 2025 r. zmieniająca uchwałę w sprawie ustanowienia programu inwestycyjnego pod nazwą ""Pediatria PLUS - dostosowanie infrastruktury do aktualnych standardów opieki pediatrycznej i psychiatrycznej - Szpitala Klinicznego im. Karola Jonschera Uniwersytetu Medycznego im. Karola Marcinkowskiego w Poznaniu""",2025-03-13,2025-03-14,2025-03-17T11:34:10,cf8e491bd8069d95d086c2086ca0748c173e65ce50e8d109425e4f2390abda09,5,1266,4,0,4,ok,,eli2md 0.6.3,2026-09-29T23:19:53Z
MP/2025/244,2025,244,Uchwała,"Uchwała nr 36 Rady Ministrów z dnia 13 marca 2025 r. zmieniająca uchwałę w sprawie ustanowienia programu inwestycyjnego pod nazwą ""Utworzenie Zintegrowanego Centrum Pediatrycznego Uniwersyteckiego Szpitala Klinicznego im. Jana Mikulicza-Radeckiego we Wrocławiu""",2025-03-13,2025-03-14,2025-03-17T11:34:10,1182c64f8aa3402141943f67d3ae2a1c6aac80b8094f497e4f062cbde6546e36,6,1157,4,0,4,ok,,eli2md 0.6.3,2026-09-29T23:19:53Z
MP/2025/245,2025,245,Uchwała,"Uchwała nr 30 Rady Ministrów z dnia 13 marca 2025 r. zmieniająca uchwałę w sprawie ustanowienia programu inwestycyjnego pod nazwą ""Kompleksowa modernizacja wraz z rozbudową klinicznego szpitala pediatrycznego Górnośląskiego Centrum Zdrowia Dziecka im. św. Jana Pawła II Samodzielnego Publicznego Szpitala Klinicznego Nr 6 Śląskiego Uniwersytetu Medycznego w Katowicach""",2025-03-13,2025-03-14,2025-03-17T11:34:10,3fb7a578edf075983431adda178378334b8af5e2052f924e221f35994d64decb,6,1194,4,0,4,ok,,eli2md 0.6.3,2026-09-29T23:19:53Z
MP/2025/246,2025,246,Obwieszczenie,"Obwieszczenie Ministra Przemysłu z dnia 13 marca 2025 r. w sprawie wielkości średniego dziennego przywozu netto ekwiwalentu ropy naftowej, średniego dziennego zużycia krajowego brutto ekwiwalentu ropy naftowej, średniej dziennej produkcji netto gazu płynnego (LPG), średniego dziennego przywozu gazu płynnego (LPG) w 2024 r. oraz wartości współczynników określających gęstość produktów naftowych służących do ich przeliczenia z jednostek objętościowych na jednostki wagowe, stosowanych w 2025 r.",2025-03-13,2025-03-14,2025-03-17T11:34:10,a42a6b19a8742aee68944b167507c95f3475260ba6613cd57a56b8f289fdddaf,1,255,0,0,0,ok,,eli2md 0.6.3,2026-09-29T23:19:53Z
MP/2025/247,2025,247,Uchwała,"Uchwała nr 28 Rady Ministrów z dnia 13 marca 2025 r. zmieniająca uchwałę w sprawie ustanowienia programu inwestycyjnego pod nazwą ""Budowa Uniwersyteckiego Centrum Zabiegowego dla Dzieci w Samodzielnym Publicznym Szpitalu Klinicznym Nr 1 im. prof. T. Sokołowskiego Pomorskiego Uniwersytetu Medycznego w Szczecinie""",2025-03-13,2025-03-14,2025-03-17T11:34:10,95436173bb8e9379eb952d2ee9ba415be545e93d87f4fe7850172a238bed9496,8,2408,7,0,7,ok,,eli2md 0.6.3,2026-09-29T23:19:53Z
MP/2025/248,2025,248,Uchwała,"Uchwała nr 37 Rady Ministrów z dnia 13 marca 2025 r. zmieniająca uchwałę w sprawie ustanowienia programu inwestycyjnego pod nazwą ""Przebudowa i doposażenie Uniwersyteckiego Centrum Pediatrii im. M. Konopnickiej oraz Ponadregionalnego Ośrodka Onkologii Dziecięcej""",2025-03-13,2025-03-14,2025-03-17T11:34:10,10dc4376aa4115517d643d6f04c66bffa6ab44361998b23a115aea9bcc539ffb,24,6991,23,0,23,ok,,eli2md 0.6.3,2026-09-29T23:19:53Z
MP/2025/249,2025,249,Uchwała,"Uchwała nr 34 Rady Ministrów z dnia 13 marca 2025 r. zmieniająca uchwałę w sprawie ustanowienia programu inwestycyjnego pod nazwą ""Poprawa jakości i dostępności usług pediatrycznych w ramach tworzonego Centrum Leczenia Dzieci Szpitala Uniwersyteckiego nr 1 im. dr. A. Jurasza w Bydgoszczy""",2025-03-13,2025-03-14,2025-03-17T11:34:10,4b4b76f63ec60b3f3303bdcb844758a9559d6a6b605bff2bf3371100b99220ff,6,1303,5,0,5,ok,,eli2md 0.6.3,2026-09-29T23:19:53Z
MP/2025/250,2025,250,Uchwała,"Uchwała nr 33 Rady Ministrów z dnia 13 marca 2025 r. zmieniająca uchwałę w sprawie ustanowienia programu inwestycyjnego pod nazwą ""Centrum Medycyny Pediatrycznej""",2025-03-13,2025-03-14,2025-03-17T11:34:10,9efad1dd318895bdfcf9d2b3516d414e23d9a363a5e51d1b622a6097b587894f,6,1080,5,0,5,ok,,eli2md 0.6.3,2026-09-29T23:19:53Z
MP/2025/251,2025,251,Uchwała,"Uchwała nr 39 Rady Ministrów z dnia 13 marca 2025 r. zmieniająca uchwałę w sprawie ustanowienia programu inwestycyjnego pod nazwą ""Utworzenie Centrum Leczenia Wad Twarzoczaszki, Mózgoczaszki i Chorób Rzadkich w Wojewódzkim Specjalistycznym Szpitalu Dziecięcym im. prof. dr. Stanisława Popowskiego w Olsztynie""",2025-03-13,2025-03-17,2025-03-18T11:14:30,2ff7eca00c57c08e989739a1f39673854c7bac53be8db386dde580167aa5de60,14,3252,0,5,0,ok,,eli2md 0.6.3,2026-09-29T23:19:53Z
MP/2025/252,2025,252,Uchwała,"Uchwała nr 27 Rady Ministrów z dnia 13 marca 2025 r. zmieniająca uchwałę w sprawie ustanowienia programu inwestycyjnego pod nazwą ""Wzmocnienie infrastruktury do realizacji świadczeń pediatrycznych w Uniwersyteckim Centrum Klinicznym Warszawskiego Uniwersytetu Medycznego""",2025-03-13,2025-03-17,2025-03-18T11:14:30,5d1327938b19aa809aa295f1f5cce4f6210abeb1afbdefcfc12db02903abf620,17,5239,14,0,14,ok,,eli2md 0.6.3,2026-09-29T23:19:53Z
MP/2025/253,2025,253,Uchwała,"Uchwała nr 41 Rady Ministrów z dnia 13 marca 2025 r. zmieniająca uchwałę w sprawie ustanowienia programu inwestycyjnego pod nazwą ""Utworzenie kompleksu Intensywnej Terapii w Instytucie ""Centrum Zdrowia Matki Polki"" w Łodzi""",2025-03-13,2025-03-17,2025-03-18T11:14:30,d6168476862c3772bfeba5a071b0f835063a000a6d24ab34214d6b70a5e5369b,30,7536,25,0,25,ok,,eli2md 0.6.3,2026-09-29T23:19:53Z
MP/2025/254,2025,254,Uchwała,"Uchwała nr 40 Rady Ministrów z dnia 13 marca 2025 r. zmieniająca uchwałę w sprawie ustanowienia programu inwestycyjnego pod nazwą ""Przebudowa i rozbudowa Uniwersyteckiego Szpitala Dziecięcego w Krakowie""",2025-03-13,2025-03-17,2025-03-18T11:14:30,b9000e654027076fc67bcce38d12a88ae0cd6dfab5de1d939c39e5c4b14314d0,26,7422,0,4,0,ok,,eli2md 0.6.3,2026-09-29T23:19:53Z
MP/2025/255,2025,255,Uchwała,Uchwała Sejmu Rzeczypospolitej Polskiej z dnia 7 marca 2025 r. w sprawie upamiętnienia 150. rocznicy urodzin Cyryla Ratajskiego,2025-03-07,2025-03-17,2026-05-12T09:01:27,82148b23a2089ed2c4733f8602745f74f910bc84587828b080ff041fd6d0ee99,1,325,0,0,0,ok,,eli2md 0.6.3,2026-09-29T23:19:53Z
MP/2025/256,2025,256,Uchwała,"Uchwała nr 31 Rady Ministrów z dnia 13 marca 2025 r. zmieniająca uchwałę w sprawie ustanowienia programu inwestycyjnego pod nazwą ""Modernizacja oraz doposażenie infrastruktury strategicznej w Instytucie ""Pomnik-Centrum Zdrowia Dziecka"" """,2025-03-13,2025-03-17,2025-03-18T11:14:31,c2324f528b02ccb34ec665dcb59e3509f415e5eb9e0976db1428f1e0d22a8a4f,13,3401,12,0,12,ok,,eli2md 0.6.3,2026-09-29T23:19:53Z
MP/2025/257,2025,257,Uchwała,Uchwała Sejmu Rzeczypospolitej Polskiej z dnia 6 marca 2025 r. w sprawie uczczenia Macieja Kazimierza Sarbiewskiego w 430. rocznicę urodzin,2025-03-06,2025-03-18,2026-05-12T09:01:27,f3088a62f4c208f8e5a532f7090dadfd54f21e28efd258261f79b169c0b7870f,1,446,0,0,0,ok,,eli2md 0.6.3,2026-09-29T23:19:53Z
MP/2025/258,2025,258,Komunikat,Komunikat Ministra Funduszy i Polityki Regionalnej z dnia 13 marca 2025 r. w sprawie zmienionych wytycznych dotyczących realizacji zasad równościowych w ramach funduszy unijnych na lata 2021-2027,2025-03-13,2025-03-19,2025-03-24T09:47:45,eb4529bd2db9fd3b2df0200541e3907846173a05a825ea07878755dc548198fb,1,144,0,0,0,ok,,eli2md 0.6.3,2026-09-29T23:19:53Z
MP/2025/259,2025,259,Umowa międzynarodowa,"Umowa między Rządem Rzeczypospolitej Polskiej a Europejskim Bankiem Odbudowy i Rozwoju w sprawie wniesienia drugiego wkładu finansowego do Funduszu Specjalnego EBOR-UE, podpisana w Londynie dnia 9 grudnia 2024 r. oraz w Warszawie dnia 17 grudnia 2024 r.",2024-12-17,2025-03-20,2025-03-21T11:21:14,646179b5ba19b69e838cde3d021de5ccd87aa18f4dabfb3327c2f16b6371de54,21,5244,20,1,19,ok,,eli2md 0.6.3,2026-09-29T23:19:53Z
MP/2025/260,2025,260,Oświadczenie rządowe,"Oświadczenie rządowe z dnia 27 stycznia 2025 r. w sprawie związania Rzeczypospolitej Polskiej Umową między Rządem Rzeczypospolitej Polskiej a Europejskim Bankiem Odbudowy i Rozwoju w sprawie wniesienia drugiego wkładu finansowego do Funduszu Specjalnego EBOR-UE, podpisaną w Londynie dnia 9 grudnia 2024 r. oraz w Warszawie dnia 17 grudnia 2024 r.",2025-01-27,2025-03-20,2025-03-21T11:21:14,b67672e45255d9c48f53edd377fc49afc6156508dbff62545e8357376815e791,1,167,0,0,0,ok,,eli2md 0.6.3,2026-09-29T23:19:53Z
MP/2025/261,2025,261,Obwieszczenie,"Obwieszczenie Ministra Sportu i Turystyki z dnia 25 lutego 2025 r. w sprawie włączenia kwalifikacji wolnorynkowej ""Prowadzenie warsztatów z treningu mentalnego w sporcie"" do Zintegrowanego Systemu Kwalifikacji",2025-02-25,2025-03-20,2025-03-21T11:21:14,2ba579e445a2b90561572f60a994b60894bcd19a67065753796a459021d7ab0d,6,1710,0,0,0,ok,,eli2md 0.6.3,2026-09-29T23:19:53Z
MP/2025/262,2025,262,Obwieszczenie,"Obwieszczenie Prezesa Urzędu Patentowego Rzeczypospolitej Polskiej z dnia 19 marca 2025 r. o wskazaniu wystaw dających pierwszeństwo do uzyskania prawa ochronnego albo prawa z rejestracji, w przypadku wystawienia na nich wzoru użytkowego albo wzoru przemysłowego",2025-03-19,2025-03-21,2025-03-24T10:04:00,69b0dbb892ee1f2b41f37feb26e20fa10e4c66c6755648d1ffcc4e38130ca09b,1,196,0,0,0,ok,,eli2md 0.6.3,2026-09-29T23:19:53Z
MP/2025/263,2025,263,Zarządzenie,Zarządzenie nr 12 Prezesa Rady Ministrów z dnia 19 marca 2025 r. w sprawie Międzyresortowego Zespołu do spraw Przeciwdziałania Szarej Strefie,2025-03-19,2025-03-21,2025-03-24T10:04:00,df472f650cace5a672f6afc937dda248d4353fe9b2e963d0049c9121f4f2117d,3,1174,0,0,0,ok,,eli2md 0.6.3,2026-09-29T23:19:53Z
MP/2025/264,2025,264,Obwieszczenie,Obwieszczenie Ministra Spraw Zagranicznych z dnia 18 marca 2025 r. w sprawie wykazu organizacji polskich lub polonijnych uprawnionych do wystawiania zaświadczeń potwierdzających aktywne zaangażowanie w działalność na rzecz języka i kultury polskiej lub polskiej mniejszości narodowej,2025-03-18,2025-03-03,2025-04-16T10:59:18,942e9aa2b8f88cd76abc7914a08882dccc708071e51323874f0e173e322df5a9,4,856,0,0,0,ok,,eli2md 0.6.3,2026-09-29T23:19:53Z
MP/2025/265,2025,265,Obwieszczenie,"Obwieszczenie Ministra Rolnictwa i Rozwoju Wsi z dnia 20 marca 2025 r. w sprawie ogłoszenia obszarów oraz terminu, w których jest prowadzone zarybianie",2025-03-20,2025-03-24,2025-03-25T12:21:08,ae91e3a8abeeb4dd4b9eda0fdfa3e6f989bdf73ddf934a60ec1aef14143c757f,1,225,0,0,0,ok,,eli2md 0.6.3,2026-09-29T23:19:53Z
MP/2025/266,2025,266,Uchwała,Uchwała Senatu Rzeczypospolitej Polskiej z dnia 12 marca 2025 r. w 85. rocznicę zbrodni katyńskiej,2025-03-12,2025-03-24,2026-05-12T09:01:27,3306c6e9e34d4bf038b102cdd6c1d2ca2f98449bb93c2687b2672e57a0cfc4e3,1,301,0,0,0,ok,,eli2md 0.6.3,2026-09-29T23:19:53Z
MP/2025/267,2025,267,Uchwała,Uchwała nr 19 Rady Ministrów z dnia 11 marca 2025 r. zmieniająca uchwałę w sprawie ustanowienia programu wieloletniego pn. Narodowy Program Chorób Układu Krążenia na lata 2022-2032,2025-03-11,2025-03-24,2025-03-25T12:21:08,9311f86ae78f414ee33338fea9e2f33c2c8fd4192576762ce94d955b0227ed53,20,6199,0,0,0,ok,,eli2md 0.6.3,2026-09-29T23:19:53Z
MP/2025/268,2025,268,Zarządzenie,"Zarządzenie nr 4/2025 Prezesa Narodowego Banku Polskiego z dnia 19 marca 2025 r. w sprawie ustalenia wzoru, próby, masy i wielkości emisji monety o wartości nominalnej 50 zł, upamiętniającej 85. rocznicę zbrodni katyńskiej",2025-03-19,2025-03-25,2026-05-12T09:01:27,dda453ba5ecceac2cedf7732979f47658a4903311993c4236a4bd344f44c38dc,2,196,0,0,0,ok,,eli2md 0.6.3,2026-09-29T23:19:53Z
MP/2025/269,2025,269,Obwieszczenie,"Obwieszczenie Ministra Klimatu i Środowiska z dnia 7 marca 2025 r. w sprawie włączenia kwalifikacji wolnorynkowej ""Pozyskiwanie drewna pilarką łańcuchową"" do Zintegrowanego Systemu Kwalifikacji",2025-03-07,2025-03-25,2025-03-26T10:54:19,8d2e025dd89f4a547d56ee87c953b8b692e9d49ae362269bf6cb1754383e10fd,9,3193,0,0,0,ok,,eli2md 0.6.3,2026-09-29T23:19:53Z
MP/2025/270,2025,270,Komunikat,"Komunikat Ministra Rolnictwa i Rozwoju Wsi z dnia 19 marca 2025 r. w sprawie zmienionych wytycznych szczegółowych w zakresie przyznawania, wypłaty i zwrotu pomocy finansowej w ramach Planu Strategicznego dla Wspólnej Polityki Rolnej na lata 2023-2027 dla interwencji w sektorze owoców i warzyw",2025-03-19,2025-03-26,2025-03-26T10:54:19,f97ebe25ec4da3ca10a74a066848baed47431a22c7328460783bab7f27f587ad,1,175,0,0,0,ok,,eli2md 0.6.3,2026-09-29T23:19:53Z
MP/2025/271,2025,271,Obwieszczenie,Obwieszczenie Prezesa Rady Ministrów z dnia 20 marca 2025 r. w sprawie ogłoszenia jednolitego tekstu zarządzenia Prezesa Rady Ministrów w sprawie utworzenia Międzyresortowego Zespołu do spraw Funduszy Unii Europejskiej,2025-03-20,2025-03-25,2025-03-26T10:54:19,343b20be9ff0c1281f7c678fbcdb8755399feacd903ed9ce2c7c38a76ae12f51,4,1121,0,0,0,ok,,eli2md 0.6.3,2026-09-29T23:19:53Z
MP/2025/272,2025,272,Uchwała,Uchwała Senatu Rzeczypospolitej Polskiej z dnia 12 marca 2025 r. w 80. rocznicę Marszu Śmierci więźniów KL Stutthof,2025-03-12,2025-03-25,2026-05-12T09:01:27,0dca00c65e25e258fb56f6dd1e0eb9887f068e92d9bcfaa9b9483c9ff4105898,1,313,0,0,0,ok,,eli2md 0.6.3,2026-09-29T23:19:53Z
MP/2025/273,2025,273,Komunikat,Komunikat Ministra Funduszy i Polityki Regionalnej z dnia 19 marca 2025 r. w sprawie zmienionych wytycznych dotyczących kwalifikowalności wydatków na lata 2021-2027,2025-03-19,2025-03-25,2025-03-26T10:54:19,afbc3a8689788d2d336dc0aafaa0bb1d5bfc22aab08939409d5934770cf6b5f2,1,134,0,0,0,ok,,eli2md 0.6.3,2026-09-29T23:19:53Z
MP/2025/274,2025,274,Komunikat,Komunikat Ministra Rolnictwa i Rozwoju Wsi z dnia 20 marca 2025 r. o zatwierdzeniu przez Komisję Europejską zmian Planu Strategicznego dla Wspólnej Polityki Rolnej na lata 2023-2027,2025-03-20,2025-03-25,2025-03-26T10:54:19,a17c9c49f5495b5ef76dc9becb0ebca79ec238823f3704b0aa4751b0c67ebe42,1,129,0,0,0,ok,,eli2md 0.6.3,2026-09-29T23:19:53Z
MP/2025/275,2025,275,Obwieszczenie,Obwieszczenie Prezesa Rady Ministrów z dnia 21 marca 2025 r. w sprawie ogłoszenia jednolitego tekstu zarządzenia Prezesa Rady Ministrów w sprawie nadania statutu Ministerstwu Kultury i Dziedzictwa Narodowego,2025-03-21,2025-03-26,2026-06-01T09:23:11,c06c5851709438e79c7e16c797b1c674fc194dfd9ff1ee152cf7726cb8155b97,4,738,0,0,0,ok,,eli2md 0.6.3,2026-09-29T23:19:53Z
MP/2025/276,2025,276,Obwieszczenie,"Obwieszczenie Ministra Infrastruktury z dnia 25 marca 2025 r. w sprawie ogłoszenia stawek opłat za czynności związane z wyznaczaniem stref geograficznych dla systemów bezzałogowych statków powietrznych, przedłużaniem okresu ich obowiązywania i ich ponownym wyznaczaniem obowiązujących w 2025 r.",2025-03-25,2025-03-27,2025-03-28T11:06:52,e1db65f0925656f130af1c8106ea5fcbbddf20409ddc1eb6d4da746ea0c0d7de,2,486,0,0,0,ok,,eli2md 0.6.3,2026-09-29T23:19:53Z
MP/2025/277,2025,277,Postanowienie,Postanowienie Prezydenta Rzeczypospolitej Polskiej z dnia 26 marca 2025 r. o przedłużeniu okresu użycia Polskiego Kontyngentu Wojskowego w operacji wojskowej Unii Europejskiej na Morzu Śródziemnym,2025-03-26,2025-03-27,2025-03-28T11:10:01,db7aa19b9372dddfe45c3251c281b5cde3aaa4799bb7845623a66c7694bbc38f,1,184,0,0,0,ok,,eli2md 0.6.3,2026-09-29T23:19:53Z
MP/2025/278,2025,278,Obwieszczenie,Obwieszczenie Prezesa Głównego Urzędu Statystycznego z dnia 27 marca 2025 r. w sprawie przeciętnego miesięcznego dochodu rozporządzalnego na 1 osobę ogółem w 2024 r.,2025-03-27,2025-03-28,2025-03-31T11:52:36,a38a40815324869a9bf9195a52cefcaf615a07f6a7d0eb5b65bec972468a04e1,1,76,0,0,0,ok,,eli2md 0.6.3,2026-09-29T23:19:53Z
MP/2025/279,2025,279,Komunikat,Komunikat Prezesa Głównego Urzędu Statystycznego z dnia 25 marca 2025 r. w sprawie tablicy średniego dalszego trwania życia kobiet i mężczyzn,2025-03-25,2025-03-28,2025-03-31T11:52:36,de044567c134e44809d915b6e039924f47ca81dd85857e41eb8b12a066b42a57,3,903,0,0,0,ok,,eli2md 0.6.3,2026-09-29T23:19:53Z
MP/2025/280,2025,280,Uchwała,Uchwała Sejmu Rzeczypospolitej Polskiej z dnia 20 marca 2025 r. w sprawie zmiany Regulaminu Sejmu Rzeczypospolitej Polskiej,2025-03-20,2025-03-28,2026-06-10T10:18:03,c83c0d6d8eee50ead75ea0c09c48fefca73c50403c2b424db7fa17633fa92e85,1,201,0,0,0,ok,,eli2md 0.6.3,2026-09-29T23:19:53Z
MP/2025/281,2025,281,Uchwała,Uchwała Senatu Rzeczypospolitej Polskiej z dnia 26 marca 2025 r. w 50. rocznicę powstania pierwszego Uniwersytetu Trzeciego Wieku w Polsce,2025-03-26,2025-03-28,2026-05-12T09:01:27,33f32e31fef3e669aebf22fc8f50d9a69f56c9af0bed606ec05bce83ca8f6c96,1,217,0,0,0,ok,,eli2md 0.6.3,2026-09-29T23:19:53Z
MP/2025/282,2025,282,Apel,Apel Senatu Rzeczypospolitej Polskiej z dnia 26 marca 2025 r. w sprawie uwolnienia Andrzeja Poczobuta w 4. rocznicę aresztowania,2025-03-26,2025-03-28,2025-03-31T11:52:37,62b26546dfd4c6f51265f2d64da6383e97c3b73964d17e84264d07eefa38ccd9,1,282,0,0,0,ok,,eli2md 0.6.3,2026-09-29T23:19:53Z
MP/2025/283,2025,283,Obwieszczenie,"Obwieszczenie Ministra Rodziny, Pracy i Polityki Społecznej z dnia 28 marca 2025 r. w sprawie wysokości kosztu pobytu dziecka w żłobku lub klubie dziecięcym lub u dziennego opiekuna na okres od dnia 1 kwietnia 2025 r. do dnia 31 marca 2026 r.",2025-03-28,2025-03-28,2025-03-31T11:52:37,39d173e9df6d460f743ffa5bf298279c1d0947c147eb6828afd51fb0722e72b2,1,112,0,0,0,ok,,eli2md 0.6.3,2026-09-29T23:19:53Z
MP/2025/284,2025,284,Uchwała,Uchwała Senatu Rzeczypospolitej Polskiej z dnia 26 marca 2025 r. w 20. rocznicę śmierci Ojca Świętego Jana Pawła II,2025-03-26,2025-03-31,2026-05-12T09:01:27,4e1c12dff169808ad03871ead80925ea4bb11ab35dd6551a8d99b13a67c7cb04,1,305,0,0,0,ok,,eli2md 0.6.3,2026-09-29T23:19:53Z
MP/2025/285,2025,285,Obwieszczenie,Obwieszczenie Ministra Finansów z dnia 27 marca 2025 r. w sprawie listy państw i terytoriów objętych obowiązkiem raportowania za rok 2024,2025-03-27,2025-03-31,2025-04-01T10:59:09,85cfe09d7b727740c1254edafa03bcdb572e648fbbb5160cfdf6173da061e0f1,3,381,0,0,0,ok,,eli2md 0.6.3,2026-09-29T23:19:53Z
MP/2025/286,2025,286,Uchwała,"Uchwała Sejmu Rzeczypospolitej Polskiej z dnia 20 marca 2025 r. w sprawie wyrażenia przez Sejm Rzeczypospolitej Polskiej zgody na pociągnięcie do odpowiedzialności karnej poseł Anity Kucharskiej-Dziedzic za czyn określony w punkcie pierwszym wniosku z dnia 24 marca 2023 r., poprawionego w dniu 25 maja 2023 r., przedłożonego przez oskarżyciela prywatnego Łukasza Mejzę",2025-03-20,2025-03-31,2025-04-01T10:59:09,891aaab418d16edb455c16de9e51a9193e2769cdfacb796e2c12a601cddbf77d,1,128,0,0,0,ok,,eli2md 0.6.3,2026-09-29T23:19:53Z
MP/2025/287,2025,287,Uchwała,"Uchwała Sejmu Rzeczypospolitej Polskiej z dnia 20 marca 2025 r. w sprawie wyrażenia przez Sejm Rzeczypospolitej Polskiej zgody na pociągnięcie do odpowiedzialności karnej poseł Anity Kucharskiej-Dziedzic za czyn określony w punkcie drugim wniosku z dnia 24 marca 2023 r., poprawionego w dniu 25 maja 2023 r., przedłożonego przez oskarżyciela prywatnego Łukasza Mejzę",2025-03-20,2025-03-31,2025-04-01T10:59:09,1f937f1f40bf0caf695b04d0780ef74eb5134451ad2126acdde57eb97f47410c,1,128,0,0,0,ok,,eli2md 0.6.3,2026-09-29T23:19:53Z
MP/2025/288,2025,288,Uchwała,"Uchwała Sejmu Rzeczypospolitej Polskiej z dnia 20 marca 2025 r. w sprawie wyrażenia przez Sejm Rzeczypospolitej Polskiej zgody na pociągnięcie do odpowiedzialności karnej poseł Anity Kucharskiej-Dziedzic za czyn określony w punkcie trzecim wniosku z dnia 24 marca 2023 r., poprawionego w dniu 25 maja 2023 r., przedłożonego przez oskarżyciela prywatnego Łukasza Mejzę",2025-03-20,2025-03-31,2025-04-01T10:59:09,447cb5b241c0579aeb82a0db8db9a761295f649678040f539981863388b630c9,1,128,0,0,0,ok,,eli2md 0.6.3,2026-09-29T23:19:53Z
MP/2025/289,2025,289,Uchwała,"Uchwała Sejmu Rzeczypospolitej Polskiej z dnia 20 marca 2025 r. w sprawie wyrażenia przez Sejm Rzeczypospolitej Polskiej zgody na pociągnięcie do odpowiedzialności karnej poseł Anity Kucharskiej-Dziedzic za czyn określony w punkcie czwartym wniosku z dnia 24 marca 2023 r., poprawionego w dniu 25 maja 2023 r., przedłożonego przez oskarżyciela prywatnego Łukasza Mejzę",2025-03-20,2025-03-31,2025-04-01T10:59:09,69d8059d94af47875c44bf35bd5b5178043328b651dbbfb51e186eaeada440cc,1,128,0,0,0,ok,,eli2md 0.6.3,2026-09-29T23:19:53Z
MP/2025/290,2025,290,Uchwała,"Uchwała Sejmu Rzeczypospolitej Polskiej z dnia 20 marca 2025 r. w sprawie wyrażenia przez Sejm Rzeczypospolitej Polskiej zgody na pociągnięcie do odpowiedzialności karnej poseł Anity Kucharskiej-Dziedzic za czyn określony w punkcie piątym wniosku z dnia 24 marca 2023 r., poprawionego w dniu 25 maja 2023 r., przedłożonego przez oskarżyciela prywatnego Łukasza Mejzę",2025-03-20,2025-03-31,2025-04-01T10:59:09,c69ba119abb8507e29059540ff9df592eb920b4ce1813c04d672ed0b82db51a6,1,128,0,0,0,ok,,eli2md 0.6.3,2026-09-29T23:19:53Z
MP/2025/291,2025,291,Uchwała,"Uchwała Sejmu Rzeczypospolitej Polskiej z dnia 20 marca 2025 r. w sprawie wyrażenia przez Sejm Rzeczypospolitej Polskiej zgody na pociągnięcie do odpowiedzialności karnej poseł Anity Kucharskiej-Dziedzic za czyn określony w punkcie szóstym wniosku z dnia 24 marca 2023 r., poprawionego w dniu 25 maja 2023 r., przedłożonego przez oskarżyciela prywatnego Łukasza Mejzę",2025-03-20,2025-03-31,2025-04-01T10:59:09,60c871cacb3a4dc19c022c4006866c52f93e2479b7ff3fab1a705dca41a76bdf,1,128,0,0,0,ok,,eli2md 0.6.3,2026-09-29T23:19:53Z
MP/2025/292,2025,292,Uchwała,"Uchwała Sejmu Rzeczypospolitej Polskiej z dnia 20 marca 2025 r. w sprawie wyrażenia przez Sejm Rzeczypospolitej Polskiej zgody na pociągnięcie do odpowiedzialności karnej poseł Anity Kucharskiej-Dziedzic za czyn określony w punkcie siódmym wniosku z dnia 24 marca 2023 r., poprawionego w dniu 25 maja 2023 r., przedłożonego przez oskarżyciela prywatnego Łukasza Mejzę",2025-03-20,2025-03-31,2025-04-01T10:59:09,3062babdb42a6a9019615e673379fa6f0ec8632d45e1b57a664c791f78d5bd24,1,128,0,0,0,ok,,eli2md 0.6.3,2026-09-29T23:19:53Z
MP/2025/293,2025,293,Obwieszczenie,"Obwieszczenie Ministra Rozwoju i Technologii z dnia 18 lutego 2025 r. w sprawie włączenia kwalifikacji wolnorynkowej ""Prowadzenie działań Growth Hackingowych"" do Zintegrowanego Systemu Kwalifikacji",2025-02-18,2025-03-31,2025-04-01T10:59:10,a34be8b276a6310db7b62cd44ad0071e24b419204435392fc2db835eda8ff5a7,7,1618,0,0,0,ok,,eli2md 0.6.3,2026-09-29T23:19:53Z
MP/2025/294,2025,294,Obwieszczenie,Obwieszczenie Prezesa Narodowego Banku Polskiego z dnia 19 marca 2025 r. w sprawie ogłoszenia wykazu walut wymienialnych,2025-03-19,2025-04-03,2025-04-04T11:15:04,d1a503c169a9e1774b78e7790745172ecc5295e5b9b6c592e94005f8426ceb44,5,686,0,0,0,ok,,eli2md 0.6.3,2026-09-29T23:19:53Z
MP/2025/295,2025,295,Uchwała,Uchwała Sejmu Rzeczypospolitej Polskiej z dnia 20 marca 2025 r. w sprawie bezpieczeństwa Rzeczypospolitej Polskiej,2025-03-20,2025-04-03,2025-04-04T11:15:04,a5b362e487cc54cffeef4af3b37cd242c2ec0f94f8bfb24c9fb3568e0a68fe4f,1,334,0,0,0,ok,,eli2md 0.6.3,2026-09-29T23:19:53Z
MP/2025/296,2025,296,Obwieszczenie,Obwieszczenie Ministra Obrony Narodowej z dnia 27 marca 2025 r. w sprawie wykazu jednostek organizacyjnych podległych Ministrowi Obrony Narodowej lub przez niego nadzorowanych,2025-03-27,2025-04-04,2025-04-07T11:03:33,5cf60123ff47cc8003e6eaa5d2f1a9e3e3b719ce2859f2b522dbb35bc897614c,4,1026,0,0,0,ok,,eli2md 0.6.3,2026-09-29T23:19:53Z
MP/2025/297,2025,297,Zarządzenie,"Zarządzenie nr 6/2025 Prezesa Narodowego Banku Polskiego z dnia 2 kwietnia 2025 r. w sprawie ustalenia wzorów, próby, masy i wielkości emisji monet o wartości nominalnej 10 zł, 100 zł i 500 zł, upamiętniających tysiąclecie koronacji Bolesława Chrobrego",2025-04-02,2025-04-04,2025-04-07T11:03:33,a3939abaa6f37360e80fe4c246b1b6fcfe4fa8851197857cb7311bd73c70ae20,4,360,0,1,0,ok,,eli2md 0.6.3,2026-09-29T23:19:53Z
MP/2025/298,2025,298,Obwieszczenie,"Obwieszczenie Prezesa Urzędu Patentowego Rzeczypospolitej Polskiej z dnia 28 marca 2025 r. o wskazaniu wystawy dającej pierwszeństwo do uzyskania prawa ochronnego albo prawa z rejestracji, w przypadku wystawienia na niej wzoru użytkowego albo wzoru przemysłowego",2025-03-28,2025-04-04,2025-04-07T11:03:33,6e992cb29bd4cee6465a0af78c3ea07185f226437c62c83f982efdc55c5ccc93,1,133,0,0,0,ok,,eli2md 0.6.3,2026-09-29T23:19:53Z
MP/2025/299,2025,299,Postanowienie,Postanowienie Prezydenta Rzeczypospolitej Polskiej z dnia 18 lutego 2025 r. nr 115.2.2025 w sprawie nadania tytułu profesora,2025-02-18,2025-04-07,2025-04-08T11:03:31,937b540d7a5277c1024cb44727e19060c80c028afc78af764a39fc4f27b000e1,3,1047,0,0,0,ok,,eli2md 0.6.3,2026-09-29T23:19:53Z
MP/2025/300,2025,300,Postanowienie,Postanowienie Prezydenta Rzeczypospolitej Polskiej z dnia 5 marca 2025 r. nr 115.3.2025 w sprawie nadania tytułu profesora,2025-03-05,2025-04-07,2025-04-08T11:03:31,dd4a6976fe00b585cd86228f7af7c4c4d54b669091ffbd0249ff57efabdefefa,2,587,0,0,0,ok,,eli2md 0.6.3,2026-09-29T23:19:53Z
MP/2025/301,2025,301,Postanowienie,Postanowienie Prezydenta Rzeczypospolitej Polskiej z dnia 5 marca 2025 r. nr 115.5.2025 w sprawie nadania tytułu profesora,2025-03-05,2025-04-07,2025-04-08T11:03:31,35f7de253c1d85f1cc28fe9b51ce81fad78bb6a4ab379e24cf38b7dbbd14852b,1,177,0,0,0,ok,,eli2md 0.6.3,2026-09-29T23:19:53Z
MP/2025/302,2025,302,Obwieszczenie,Obwieszczenie Ministra Klimatu i Środowiska z dnia 3 kwietnia 2025 r. w sprawie wykazu jednostek organizacyjnych podległych Ministrowi Klimatu i Środowiska lub przez niego nadzorowanych,2025-04-03,2025-04-08,2025-04-09T11:36:37,5e1de4feb94d6f8713a88cd1e2841fe79af5699fff3ae76d454f9d9e69c03063,3,659,0,0,0,ok,,eli2md 0.6.3,2026-09-29T23:19:53Z
MP/2025/303,2025,303,Zarządzenie,Zarządzenie nr 14 Prezesa Rady Ministrów z dnia 4 kwietnia 2025 r. zmieniające zarządzenie w sprawie utworzenia Zespołu do spraw Zintegrowanego Zarządzania Granicą Państwową,2025-04-04,2025-04-08,2025-04-09T11:37:02,bf1124cd9e9370b948b58c925fa41a8636c3f1a431cf4fe938b776d5db04ab77,1,346,0,0,0,ok,,eli2md 0.6.3,2026-09-29T23:19:53Z
MP/2025/304,2025,304,Obwieszczenie,"Obwieszczenie Prezesa Głównego Urzędu Statystycznego z dnia 3 kwietnia 2025 r. w sprawie wskaźników zmian cen dla lokali mieszkalnych w czwartym kwartale 2024 r., z podziałem na województwa",2025-04-03,2025-04-10,2025-07-08T11:14:16,2f2d9c96b24aded075aaab6eacd8b7dca9a22281d7401fc703937fa6d60a2e71,2,158,0,0,0,ok,,eli2md 0.6.3,2026-09-29T23:19:53Z
MP/2025/305,2025,305,Uchwała,Uchwała Senatu Rzeczypospolitej Polskiej z dnia 9 kwietnia 2025 r. w 15. rocznicę katastrofy smoleńskiej,2025-04-09,2025-04-10,2026-05-12T09:01:27,fefa3ce2b62b021a226ec7c18add8c42d9d2d022bfba70bb1f26331d164965ae,1,234,0,0,0,ok,,eli2md 0.6.3,2026-09-29T23:19:53Z
MP/2025/306,2025,306,Zarządzenie,Zarządzenie nr 15 Prezesa Rady Ministrów z dnia 10 kwietnia 2025 r. w sprawie powołania Komisji do spraw wyjaśnienia mechanizmów represji wobec organizacji społeczeństwa obywatelskiego oraz działaczy społecznych w latach 2015-2023,2025-04-10,2025-04-10,2026-08-10T09:17:29,a18b96525e1d5e189910dfcc47e58b374a48cc2adff72d0781052c5cb2f48e18,3,1359,0,0,0,ok,,eli2md 0.6.3,2026-09-29T23:19:53Z
MP/2025/307,2025,307,Uchwała,Uchwała Senatu Rzeczypospolitej Polskiej z dnia 9 kwietnia 2025 r. w 500. rocznicę Hołdu Pruskiego,2025-04-09,2025-04-14,2026-05-12T09:01:27,270e2ad0d7878d249b65612bd58e62899a19e906428d9fac4c5242c2fc7e5ba1,1,300,0,0,0,ok,,eli2md 0.6.3,2026-09-29T23:19:53Z
MP/2025/308,2025,308,Postanowienie,Postanowienie Prezydenta Rzeczypospolitej Polskiej z dnia 4 lutego 2025 r. nr rej. 27/2025 o nadaniu odznaczeń,2025-02-04,2025-04-14,2025-04-15T11:06:29,a4a55d436dfbe746f406f1fd09b868c75bf274f75e4ea4b3f2a823a9c1339eb6,2,236,0,0,0,ok,,eli2md 0.6.3,2026-09-29T23:19:53Z
MP/2025/309,2025,309,Postanowienie,Postanowienie Prezydenta Rzeczypospolitej Polskiej z dnia 30 stycznia 2025 r. nr rej. 54/2025 o nadaniu orderów,2025-01-30,2025-04-14,2025-04-15T11:06:29,aeb928d3ca647f56bf89422dfdcdc027fe17fe4c2a503d703f1a3a4e86619614,2,206,0,0,0,ok,,eli2md 0.6.3,2026-09-29T23:19:53Z
MP/2025/310,2025,310,Postanowienie,Postanowienie Prezydenta Rzeczypospolitej Polskiej z dnia 18 lutego 2025 r. nr rej. 60/2025 o nadaniu orderów,2025-02-18,2025-04-14,2025-04-15T11:06:29,9f13f4a60aa54eca938ac89487138e81cc8e3a3d94a59b172116c7662ef99a70,2,225,0,0,0,ok,,eli2md 0.6.3,2026-09-29T23:19:53Z
MP/2025/311,2025,311,Postanowienie,Postanowienie Prezydenta Rzeczypospolitej Polskiej z dnia 4 lutego 2025 r. nr rej. 62/2025 o nadaniu odznaczenia,2025-02-04,2025-04-14,2025-04-15T11:06:29,6af7fb9a543a4ddcca5bb9b88fa76046a793449f6ec64d33eb744f86a8da90ca,1,73,0,0,0,ok,,eli2md 0.6.3,2026-09-29T23:19:53Z
MP/2025/312,2025,312,Postanowienie,Postanowienie Prezydenta Rzeczypospolitej Polskiej z dnia 4 lutego 2025 r. nr rej. 63/2025 o nadaniu odznaczenia,2025-02-04,2025-04-14,2025-04-15T11:06:29,f5826efa59bf1795188e739efd1f35d3a5176e7192c2f6d11a1ed4cb8107740b,1,72,0,0,0,ok,,eli2md 0.6.3,2026-09-29T23:19:53Z
MP/2025/313,2025,313,Obwieszczenie,Obwieszczenie Ministra Sprawiedliwości z dnia 3 kwietnia 2025 r. o prawomocnym złożeniu sędziego z urzędu,2025-04-03,2025-04-15,2025-04-16T10:57:34,3161336045ad5d9d5d1eeec1e887047320a008527862192a4ca85916f05cc8cb,1,69,0,0,0,ok,,eli2md 0.6.3,2026-09-29T23:19:53Z
MP/2025/314,2025,314,Ogłoszenie,Ogłoszenie Przewodniczącego Krajowej Rady Radiofonii i Telewizji z dnia 7 kwietnia 2025 r. o możliwości uzyskania koncesji na rozpowszechnianie programu radiowego,2025-04-07,2025-04-15,2025-04-16T10:57:35,d6d32d8dcf5ba969bc3c46dbc889bfb8adcab3b6b85c9ce820a6f83501a2cd0e,2,548,0,0,0,ok,,eli2md 0.6.3,2026-09-29T23:19:53Z
MP/2025/315,2025,315,Ogłoszenie,Ogłoszenie Przewodniczącego Krajowej Rady Radiofonii i Telewizji z dnia 7 kwietnia 2025 r. o możliwości uzyskania koncesji na rozpowszechnianie programu radiowego,2025-04-07,2025-04-15,2025-04-16T10:57:35,5cfbd271ad6c9ee98f8e922230e157cce9146ee8b8b1ed792d98a60bc33b0837,2,907,0,0,0,ok,,eli2md 0.6.3,2026-09-29T23:19:53Z
MP/2025/316,2025,316,Komunikat,Komunikat Ministra Rolnictwa i Rozwoju Wsi z dnia 7 kwietnia 2025 r. w sprawie zmienionych wytycznych w zakresie podziału środków dostępnych w ramach niektórych interwencji Planu Strategicznego dla Wspólnej Polityki Rolnej na lata 2023-2027,2025-04-07,2025-04-15,2025-04-16T10:57:35,37c011b9ee9f4c17af60cfa3b92cb1244d0da9d5a5971d0a658689f46c8ff410,1,157,0,0,0,ok,,eli2md 0.6.3,2026-09-29T23:19:53Z
MP/2025/317,2025,317,Komunikat,Komunikat Państwowej Komisji Wyborczej z dnia 9 kwietnia 2025 r. o komitetach wyborczych utworzonych w wyborach Prezydenta Rzeczypospolitej Polskiej zarządzonych na dzień 18 maja 2025 r.,2025-04-09,2025-04-15,2025-04-16T10:57:35,04ad41e5170e9bdcdccab6e74a1c61c8ce090ef0fb3bdc98f3b5c1e22a5d4a84,6,1280,0,0,0,ok,,eli2md 0.6.3,2026-09-29T23:19:53Z
MP/2025/318,2025,318,Obwieszczenie,Obwieszczenie Ministra Spraw Zagranicznych z dnia 2 kwietnia 2025 r. w sprawie wykazu jednostek organizacyjnych podległych Ministrowi Spraw Zagranicznych lub przez niego nadzorowanych,2025-04-02,2025-04-16,2025-04-17T11:40:39,7eecba23c6b5ae2fb48dd5cc1fce06fc2171fadf08aec215dd494ec4a2d79f11,12,3267,0,0,0,ok,,eli2md 0.6.3,2026-09-29T23:19:53Z
MP/2025/319,2025,319,Ogłoszenie,Ogłoszenie Przewodniczącego Krajowej Rady Radiofonii i Telewizji z dnia 7 kwietnia 2025 r. o możliwości uzyskania koncesji na rozpowszechnianie programu radiowego,2025-04-07,2025-04-16,2025-04-17T11:40:39,bb968ea7dec35fcab9ee86a302861b358e8fb7155f16d2b9d525195fd6fb43d1,2,556,0,0,0,ok,,eli2md 0.6.3,2026-09-29T23:19:53Z
MP/2025/320,2025,320,Ogłoszenie,Ogłoszenie Przewodniczącego Krajowej Rady Radiofonii i Telewizji z dnia 7 kwietnia 2025 r. o możliwości uzyskania koncesji na rozpowszechnianie programu radiowego,2025-04-07,2025-04-16,2025-04-17T11:40:40,444ec9588a912e5b4919c16ca16cca440860ab013c70f0cd6cd247be8ee527c7,2,771,0,0,0,ok,,eli2md 0.6.3,2026-09-29T23:19:53Z
MP/2025/321,2025,321,Komunikat,Komunikat Prezesa Głównego Urzędu Statystycznego z dnia 15 kwietnia 2025 r. w sprawie łącznej dynamiki wartości produktu krajowego brutto w cenach stałych za lata 2019-2024,2025-04-15,2025-04-16,2025-04-17T11:40:40,fc7fc3c7e5c8c8f4dcda44d9dc8f33c2ee68d20e350bee1882d2dfb337881368,1,83,0,0,0,ok,,eli2md 0.6.3,2026-09-29T23:19:53Z
MP/2025/322,2025,322,Komunikat,Komunikat Prezesa Głównego Urzędu Statystycznego z dnia 15 kwietnia 2025 r. w sprawie dynamiki wartości produktu krajowego brutto w cenach stałych za 2024 r.,2025-04-15,2025-04-16,2025-04-17T11:40:40,467ee351893b220dc02e165020f4a30da8b18c88f939d8ea9e3be9f4a22662f9,1,82,0,0,0,ok,,eli2md 0.6.3,2026-09-29T23:19:53Z
MP/2025/323,2025,323,Obwieszczenie,Obwieszczenie Prezesa Narodowego Banku Polskiego z dnia 2 kwietnia 2025 r. w sprawie ogłoszenia jednolitego tekstu uchwały Zarządu Narodowego Banku Polskiego w sprawie regulaminu Zarządu Narodowego Banku Polskiego,2025-04-02,2025-04-16,2026-02-03T08:39:24,dbb569b0dfc6b370eca24474f93ad142e4db72282b2350f50b5ab7c32e47fb2e,6,1719,0,0,0,ok,,eli2md 0.6.3,2026-09-29T23:19:53Z
MP/2025/324,2025,324,Komunikat,Komunikat Prezesa Głównego Urzędu Statystycznego z dnia 15 kwietnia 2025 r. w sprawie wskaźnika cen towarów nieżywnościowych trwałego użytku w I kwartale 2025 r.,2025-04-15,2025-04-16,2025-04-17T11:40:40,4d4cbeaefd1dcf82c645a453128e0fdfb25f138e94a614b699a674a93f8b1f77,1,86,0,0,0,ok,,eli2md 0.6.3,2026-09-29T23:19:53Z
MP/2025/325,2025,325,Komunikat,Komunikat Prezesa Głównego Urzędu Statystycznego z dnia 15 kwietnia 2025 r. w sprawie wskaźnika cen towarów i usług konsumpcyjnych ogółem w I kwartale 2025 r.,2025-04-15,2025-04-16,2025-04-17T11:40:40,b89a44c26045cba64337a894ba2d731af3bdb1397b7347b459a2a29e0769a726,1,91,0,0,0,ok,,eli2md 0.6.3,2026-09-29T23:19:53Z
MP/2025/326,2025,326,Komunikat,Komunikat Prezesa Głównego Urzędu Statystycznego z dnia 15 kwietnia 2025 r. w sprawie wskaźnika wzrostu cen towarów i usług konsumpcyjnych ogółem w marcu 2025 r. w stosunku do marca 2019 r.,2025-04-15,2025-04-16,2025-04-17T11:40:40,eb75651384c8af6fd2c0280bd122ecf19edf45c325a69498287de606b077a614,1,91,0,0,0,ok,,eli2md 0.6.3,2026-09-29T23:19:53Z
MP/2025/327,2025,327,Ogłoszenie,Ogłoszenie Przewodniczącego Krajowej Rady Radiofonii i Telewizji z dnia 7 kwietnia 2025 r. o możliwości uzyskania koncesji na rozpowszechnianie programu radiowego,2025-04-07,2025-04-17,2025-04-18T11:00:24,5c5d64dbb2c1e4f84ac3ddc1b008b7085cf223804b875e1ddea20d184ca480cc,2,773,0,0,0,ok,,eli2md 0.6.3,2026-09-29T23:19:53Z
MP/2025/328,2025,328,Postanowienie,Postanowienie Prezydenta Rzeczypospolitej Polskiej z dnia 4 lutego 2025 r. nr rej. 64/2025 o nadaniu orderów i odznaczeń,2025-02-04,2025-04-17,2025-04-18T11:00:24,d0dd3328bdae64edd12de3e422e0750896f427704df496ded9a0350bb44710c8,1,120,0,0,0,ok,,eli2md 0.6.3,2026-09-29T23:19:53Z
MP/2025/329,2025,329,Postanowienie,Postanowienie Prezydenta Rzeczypospolitej Polskiej z dnia 6 lutego 2025 r. nr rej. 69/2025 o nadaniu odznaczeń,2025-02-06,2025-04-17,2025-04-18T11:00:24,a2b69cfacd2ec22648fe20e9013e53fcc5f014f2ba0b234d3a632c32bd3d1ed9,1,94,0,0,0,ok,,eli2md 0.6.3,2026-09-29T23:19:53Z
MP/2025/330,2025,330,Postanowienie,Postanowienie Prezydenta Rzeczypospolitej Polskiej z dnia 10 lutego 2025 r. nr rej. 70/2025 o nadaniu odznaczenia,2025-02-10,2025-04-17,2025-04-18T11:00:24,3474544ed3d93adbd45e1b9ce073cfe656176aa7842e401ba297a4acecb1f191,1,73,0,0,0,ok,,eli2md 0.6.3,2026-09-29T23:19:53Z
MP/2025/331,2025,331,Postanowienie,Postanowienie Prezydenta Rzeczypospolitej Polskiej z dnia 18 lutego 2025 r. nr rej. 75/2025 o nadaniu odznaczeń,2025-02-18,2025-04-17,2025-04-18T11:00:24,76f1ab8524d8110dde8698d8ac7c64fa94358a3c48a1a803f6ad59d35373566e,3,462,0,0,0,ok,,eli2md 0.6.3,2026-09-29T23:19:53Z
MP/2025/332,2025,332,Postanowienie,Postanowienie Prezydenta Rzeczypospolitej Polskiej z dnia 12 lutego 2025 r. nr rej. 78/2025 o nadaniu odznaczenia,2025-02-12,2025-04-17,2025-04-18T11:00:24,98afa5d127f3cce7dd4e2d4b429e5702c343bd54e42c86b55e37bc91d00cef9e,1,81,0,0,0,ok,,eli2md 0.6.3,2026-09-29T23:19:53Z
MP/2025/333,2025,333,Postanowienie,Postanowienie Prezydenta Rzeczypospolitej Polskiej z dnia 13 lutego 2025 r. nr rej. 79/2025 o nadaniu orderu,2025-02-13,2025-04-17,2025-04-18T11:00:24,aeef9b3699381666d9c1ff6ce6d5926496982a6f4bbc959db9d95ea5e738d0fe,1,72,0,0,0,ok,,eli2md 0.6.3,2026-09-29T23:19:53Z
MP/2025/334,2025,334,Postanowienie,Postanowienie Prezydenta Rzeczypospolitej Polskiej z dnia 18 lutego 2025 r. nr rej. 81/2025 o nadaniu odznaczeń,2025-02-18,2025-04-17,2025-04-18T11:00:24,4a37c1900ad2e3eb82164ba1f4b59cab5bdc79276d5201528402ec05138f5f71,1,96,0,0,0,ok,,eli2md 0.6.3,2026-09-29T23:19:53Z
MP/2025/335,2025,335,Postanowienie,Postanowienie Prezydenta Rzeczypospolitej Polskiej z dnia 18 lutego 2025 r. nr rej. 82/2025 o nadaniu orderów i odznaczeń,2025-02-18,2025-04-17,2025-04-18T11:00:24,7ad6df4505ba5bbe20cc5fa475e52d8ec97f464262881f88f68876a1e1b23ecb,3,486,0,0,0,ok,,eli2md 0.6.3,2026-09-29T23:19:53Z
MP/2025/336,2025,336,Postanowienie,Postanowienie Prezydenta Rzeczypospolitej Polskiej z dnia 18 lutego 2025 r. nr rej. 84/2025 o nadaniu odznaczenia,2025-02-18,2025-04-17,2025-04-18T11:00:24,5a72b8b06ce37163268e6f718c0de87639d35146a84e38081fb31ad8ef5720f9,1,68,0,0,0,ok,,eli2md 0.6.3,2026-09-29T23:19:53Z
MP/2025/337,2025,337,Postanowienie,Postanowienie Prezydenta Rzeczypospolitej Polskiej z dnia 18 lutego 2025 r. nr rej. 85/2025 o nadaniu orderów,2025-02-18,2025-04-17,2025-04-18T11:00:24,842a88d0935fec51954b2792beac69fde30e587dd3904a62ddda3987808d526d,1,149,0,0,0,ok,,eli2md 0.6.3,2026-09-29T23:19:53Z
MP/2025/338,2025,338,Uchwała,"Uchwała nr 52 Rady Ministrów z dnia 31 marca 2025 r. w sprawie ""Rządowego programu ograniczania przestępczości i aspołecznych zachowań Razem bezpieczniej im. Władysława Stasiaka na lata 2025-2028""",2025-03-31,2025-04-17,2026-02-12T10:07:00,c1ba13f2fd55c4ce637462c9603108efb90113c61cf0162782ceb6ceb5b95e82,29,7477,0,0,0,ok,,eli2md 0.6.3,2026-09-29T23:19:53Z
MP/2025/339,2025,339,Zarządzenie,"Zarządzenie nr 8/2025 Prezesa Narodowego Banku Polskiego z dnia 14 kwietnia 2025 r. w sprawie ustalenia wzoru, próby, masy i wielkości emisji monety o wartości nominalnej 10 zł, upamiętniającej 45. rocznicę powstania NSZZ ""Solidarność""",2025-04-14,2025-04-17,2025-04-18T11:00:24,98de599c6564a3dd9a5bc5c2b47b15739eb63d39e7b25e54d3c46803035a2867,2,196,0,0,0,ok,,eli2md 0.6.3,2026-09-29T23:19:53Z
MP/2025/340,2025,340,Postanowienie,Postanowienie Prezydenta Rzeczypospolitej Polskiej z dnia 19 lutego 2025 r. nr rej. 89/2025 o nadaniu orderu,2025-02-19,2025-04-18,2025-04-22T11:01:55,93e1cc02d5ec4d28a26b08c59b694546f59bc7a1a2d28329fee5d65c243d835a,1,77,0,0,0,ok,,eli2md 0.6.3,2026-09-29T23:19:53Z
MP/2025/341,2025,341,Postanowienie,Postanowienie Prezydenta Rzeczypospolitej Polskiej z dnia 20 lutego 2025 r. nr rej. 93/2025 o nadaniu orderu,2025-02-20,2025-04-18,2025-04-22T11:01:55,42f8c58b681bc756f7d939a0c68a77b019c477405b2594c532832e493aa0536e,1,75,0,0,0,ok,,eli2md 0.6.3,2026-09-29T23:19:53Z
MP/2025/342,2025,342,Postanowienie,Postanowienie Prezydenta Rzeczypospolitej Polskiej z dnia 25 lutego 2025 r. nr rej. 95/2025 o nadaniu orderu,2025-02-25,2025-04-18,2025-04-22T11:01:55,db7f3e82a0186d072651ebd8a8630b1ba509a16087d9a547618656b376a329f1,1,85,0,0,0,ok,,eli2md 0.6.3,2026-09-29T23:19:53Z
MP/2025/343,2025,343,Postanowienie,Postanowienie Prezydenta Rzeczypospolitej Polskiej z dnia 24 lutego 2025 r. nr rej. 96/2025 o nadaniu orderu,2025-02-24,2025-04-18,2025-04-22T11:01:55,9284f00d19fa9dafec3c156caa8ebb4477d2932c80165561d6620c733fdf882c,1,71,0,0,0,ok,,eli2md 0.6.3,2026-09-29T23:19:53Z
MP/2025/344,2025,344,Postanowienie,Postanowienie Prezydenta Rzeczypospolitej Polskiej z dnia 26 lutego 2025 r. nr rej. 97/2025 o nadaniu orderów i odznaczeń,2025-02-26,2025-04-18,2025-04-22T11:01:55,91ea9797c1b7fa394cd6b4f6d5a7a5bea306c1d33dcd0684d33b047a29644a38,2,184,0,0,0,ok,,eli2md 0.6.3,2026-09-29T23:19:53Z
MP/2025/345,2025,345,Postanowienie,Postanowienie Prezydenta Rzeczypospolitej Polskiej z dnia 28 lutego 2025 r. nr rej. 102/2025 o nadaniu odznaczenia,2025-02-28,2025-04-18,2025-04-22T11:01:55,af43957187ab88238cd1b066d363882a4a25ed3a90a0b61b1f40e61517eddb64,1,79,0,0,0,ok,,eli2md 0.6.3,2026-09-29T23:19:53Z
MP/2025/346,2025,346,Ogłoszenie,Ogłoszenie Przewodniczącego Krajowej Rady Radiofonii i Telewizji z dnia 7 kwietnia 2025 r. o możliwości uzyskania koncesji na rozpowszechnianie programu radiowego,2025-04-07,2025-04-22,2025-04-23T12:18:44,74e0e3edcec831bed13c589d4cac703409cce38112a293dbb2ebbffdd32e1510,2,583,0,0,0,ok,,eli2md 0.6.3,2026-09-29T23:19:53Z
MP/2025/347,2025,347,Uchwała,Uchwała Sejmu Rzeczypospolitej Polskiej z dnia 4 kwietnia 2025 r. w sprawie upamiętnienia Hołdu Pruskiego w jego 500. rocznicę,2025-04-04,2025-04-22,2026-05-12T09:01:27,b4ab94f0ed0d86395e5ca3639a261c1cd5e60c1afdde7798515ac6339c290364,1,294,0,0,0,ok,,eli2md 0.6.3,2026-09-29T23:19:53Z
MP/2025/348,2025,348,Umowa międzynarodowa,"Umowa między Rządem Rzeczypospolitej Polskiej a Międzynarodowym Bankiem Współpracy Gospodarczej (MBWG) o ostatecznym uregulowaniu wzajemnych roszczeń i zobowiązań w związku z wypowiedzeniem przez Rzeczpospolitą Polską Porozumienia o utworzeniu i działalności MBWG i wystąpieniem z MBWG, podpisana w Moskwie dnia 22 listopada 2024 r.",2024-11-22,2025-04-22,2026-01-07T11:17:18,d36c363c1ea8f4290838e5768d10e7b15fce6face3b29cb64c173a1b05b2b296,23,3330,22,1,14,ok,,eli2md 0.6.3,2026-09-29T23:20:04Z
MP/2025/349,2025,349,Oświadczenie rządowe,"Oświadczenie rządowe z dnia 24 marca 2025 r. w sprawie związania Rzeczypospolitej Polskiej Umową między Rządem Rzeczypospolitej Polskiej a Międzynarodowym Bankiem Współpracy Gospodarczej (MBWG) o ostatecznym uregulowaniu wzajemnych roszczeń i zobowiązań w związku z wypowiedzeniem przez Rzeczpospolitą Polską Porozumienia o utworzeniu i działalności MBWG i wystąpieniem z MBWG, podpisaną w Moskwie dnia 22 listopada 2024 r.",2025-03-24,2025-04-22,2025-04-23T12:18:44,d7b7a5e35e0e43fcf6819725712b0cc39512d4818a4f40d35b8328042542f128,1,168,0,0,0,ok,,eli2md 0.6.3,2026-09-29T23:20:04Z
MP/2025/350,2025,350,Obwieszczenie,Obwieszczenie Ministra Zdrowia z dnia 17 kwietnia 2025 r. w sprawie maksymalnej wysokości kredytu na studia medyczne,2025-04-17,2025-04-22,2025-04-23T12:18:44,2ed50c508c9a34e8562860dcbe6e93d1af5103538a03faa3fa593b369f910394,1,78,0,0,0,ok,,eli2md 0.6.3,2026-09-29T23:20:04Z
MP/2025/351,2025,351,Obwieszczenie,Obwieszczenie Ministra Rolnictwa i Rozwoju Wsi z dnia 18 kwietnia 2025 r. w sprawie rocznej kwoty granicznej,2025-04-18,2025-04-23,2025-04-24T10:45:30,c76c2f33e70a2dbb5d56dc1b180cd14dc6a123620b927317f87a98cbdebc36a6,1,71,0,0,0,ok,,eli2md 0.6.3,2026-09-29T23:20:04Z
MP/2025/352,2025,352,Obwieszczenie,Obwieszczenie Prezesa Polskiego Komitetu Normalizacyjnego z dnia 20 marca 2025 r. w sprawie wykazu norm zharmonizowanych,2025-03-20,2025-04-23,2025-04-24T11:08:50,97cf1956c729a22d83a378638dacf3683aa748c3ad2bac9811229c24502c2087,395,92940,0,0,0,ok,,eli2md 0.6.3,2026-09-29T23:20:17Z
MP/2025/353,2025,353,Uchwała,"Uchwała nr 150 /2025 Państwowej Komisji Wyborczej z dnia 31 marca 2025 r. w sprawie trybu i sposobu udostępniania oraz przekazywania danych o liczbie osób ujętych w spisach wyborców oraz liczbie wyborców, którym wydano karty do głosowania w stałych obwodach głosowania utworzonych w kraju w wyborach Prezydenta Rzeczypospolitej Polskiej zarządzonych na dzień 18 maja 2025 r.",2025-03-31,2025-04-23,2025-04-24T10:45:30,78e39468c7f30c82c72fc1151b4789af424bbcef6eb6b82244c0d16acde4a8c4,4,1395,0,0,0,ok,,eli2md 0.6.3,2026-09-29T23:20:17Z
MP/2025/354,2025,354,Uchwała,Uchwała nr 146/2025 Państwowej Komisji Wyborczej z dnia 31 marca 2025 r. w sprawie powołania okręgowych komisji wyborczych w celu przeprowadzenia wyborów Prezydenta Rzeczypospolitej Polskiej zarządzonych na dzień 18 maja 2025 r.,2025-03-31,2025-04-23,2025-04-24T10:45:30,7e920c13cb7c4faefef9053dd4edad5b7a3829450fc02140cc5ff5bff03cbc39,50,1928,0,0,0,ok,,eli2md 0.6.3,2026-09-29T23:20:17Z
MP/2025/355,2025,355,Uchwała,Uchwała nr 152/2025 Państwowej Komisji Wyborczej z dnia 4 kwietnia 2025 r. w sprawie zmiany w składzie Okręgowej Komisji Wyborczej nr 34 w Suwałkach powołanej w celu przeprowadzenia wyborów Prezydenta Rzeczypospolitej Polskiej zarządzonych na dzień 18 maja 2025 r.,2025-04-04,2025-04-23,2025-04-24T10:45:30,d8f3bb7e92c0c7471ccabecf094f7568563722e6286fd5db136dd25b306cd6bc,1,129,0,0,0,ok,,eli2md 0.6.3,2026-09-29T23:20:17Z
MP/2025/356,2025,356,Uchwała,Uchwała nr 153/2025 Państwowej Komisji Wyborczej z dnia 4 kwietnia 2025 r. zmieniająca uchwałę w sprawie powołania okręgowych komisji wyborczych w celu przeprowadzenia wyborów Prezydenta Rzeczypospolitej Polskiej zarządzonych na dzień 18 maja 2025 r.,2025-04-04,2025-04-23,2025-04-24T10:45:30,cf99c4e972daa70512371348f31c50b4f3ee73a2971759b82470d986c8e39ced,1,130,0,0,0,ok,,eli2md 0.6.3,2026-09-29T23:20:17Z
MP/2025/357,2025,357,Postanowienie,Postanowienie Prezydenta Rzeczypospolitej Polskiej z dnia 24 marca 2025 r. nr 115.7.2025 w sprawie nadania tytułu profesora,2025-03-24,2025-04-23,2025-05-21T00:00:00,90500e4605190428a5b575f59e1742a7a646f36ccdfbc02085f25ab1f11a8712,2,557,0,0,0,ok,,eli2md 0.6.3,2026-09-29T23:20:17Z
MP/2025/358,2025,358,Uchwała,Uchwała nr 147/2025 Państwowej Komisji Wyborczej z dnia 31 marca 2025 r. w sprawie wytycznych dla obwodowych komisji wyborczych dotyczących sprawdzenia w systemie teleinformatycznym zgodności arytmetycznej danych zawartych w projektach protokołów głosowania i w protokołach głosowania w wyborach Prezydenta Rzeczypospolitej Polskiej zarządzonych na dzień 18 maja 2025 r.,2025-03-31,2025-04-23,2025-04-24T10:45:30,df3f86a1958da32b905267c9864bc60c4d50136366731c5e7eca99f6cf4a16db,4,1257,0,0,0,ok,,eli2md 0.6.3,2026-09-29T23:20:17Z
MP/2025/359,2025,359,Uchwała,Uchwała nr 149/2025 Państwowej Komisji Wyborczej z dnia 31 marca 2025 r. w sprawie regulaminów okręgowych i obwodowych komisji wyborczych powołanych do przeprowadzenia wyborów Prezydenta Rzeczypospolitej Polskiej,2025-03-31,2025-04-23,2025-04-24T10:45:30,94e72bd6e09c38ff028a165c2536ebdf6379116bad990ca232d9d2405738c1ac,5,1546,0,0,0,ok,,eli2md 0.6.3,2026-09-29T23:20:17Z
MP/2025/360,2025,360,Uchwała,Uchwała nr 148/2025 Państwowej Komisji Wyborczej z dnia 31 marca 2025 r. w sprawie wytycznych dla okręgowych komisji wyborczych dotyczących przygotowania i przeprowadzenia wyborów Prezydenta Rzeczypospolitej Polskiej zarządzonych na dzień 18 maja 2025 r.,2025-03-31,2025-04-23,2025-04-24T10:45:30,be4923d92d2b842def54f9c41864fef06b9b535da789ac7769c4d5f53f10cf56,8,3652,0,0,0,ok,,eli2md 0.6.3,2026-09-29T23:20:17Z
MP/2025/361,2025,361,Postanowienie,Postanowienie Prezydenta Rzeczypospolitej Polskiej z dnia 31 marca 2025 r. nr 110.1.2025 w sprawie mianowania Ambasadora Rzeczypospolitej Polskiej,2025-03-31,2025-04-24,2025-04-25T11:26:22,0aece92ec08a2895f42307fb984b9be66026a82538141f454c1b7cdedabae14e,1,63,0,0,0,ok,,eli2md 0.6.3,2026-09-29T23:20:17Z
MP/2025/362,2025,362,Obwieszczenie,Obwieszczenie Prezesa Rady Ministrów z dnia 18 kwietnia 2025 r. w sprawie ogłoszenia jednolitego tekstu zarządzenia Prezesa Rady Ministrów w sprawie nadania statutu Urzędowi Ochrony Konkurencji i Konsumentów,2025-04-18,2025-04-24,2025-04-25T11:26:22,cbe621e03c47d3ea8326dabe0741ed76c481cbc0c7d86e4d8c78c2826da6448b,6,1791,0,0,0,ok,,eli2md 0.6.3,2026-09-29T23:20:17Z
MP/2025/363,2025,363,Uchwała,"Uchwała nr 162/2025 Państwowej Komisji Wyborczej z dnia 16 kwietnia 2025 r. w sprawie wykazu gmin, w których można spodziewać się zwiększonej liczby wyborców w wyborach Prezydenta Rzeczypospolitej Polskiej zarządzonych na dzień 18 maja 2025 r.",2025-04-16,2025-04-24,2025-04-25T11:26:22,6ebb1d55610fe3509159d946afbee9ded39d1b36edbf78d33d3349b53e7dc82c,3,855,0,0,0,ok,,eli2md 0.6.3,2026-09-29T23:20:17Z
MP/2025/364,2025,364,Obwieszczenie,"Obwieszczenie Prezesa Głównego Urzędu Statystycznego z dnia 22 kwietnia 2025 r. w sprawie przeciętnego miesięcznego wynagrodzenia w sektorze przedsiębiorstw, włącznie z wypłatami z zysku, w pierwszym kwartale 2025 r.",2025-04-22,2025-04-24,2025-04-25T11:26:22,d7b8c50fa0cbf376a74f2583437095e61fdfda1b70005b91334e2df2797ff460,1,90,0,0,0,ok,,eli2md 0.6.3,2026-09-29T23:20:17Z
MP/2025/365,2025,365,Uchwała,Uchwała Sejmu Rzeczypospolitej Polskiej z dnia 4 kwietnia 2025 r. w sprawie uczczenia pamięci ofiar w 15. rocznicę katastrofy smoleńskiej,2025-04-04,2025-04-24,2026-03-12T09:43:26,c44b90430c7588909a450bfb283935284b84c872f35eae4c53d1d9841db05b0f,1,203,0,0,0,ok,,eli2md 0.6.3,2026-09-29T23:20:17Z
MP/2025/366,2025,366,Uchwała,Uchwała Sejmu Rzeczypospolitej Polskiej z dnia 4 kwietnia 2025 r. w sprawie wyborów prezydenckich na Białorusi,2025-04-04,2025-04-24,2025-04-25T11:26:22,6655dedf742aeab0409953b18f104d2ecd28328a676aea04d1349b112e7cae1f,1,365,0,0,0,ok,,eli2md 0.6.3,2026-09-29T23:20:17Z
MP/2025/367,2025,367,Komunikat,"Komunikat Ministra Rolnictwa i Rozwoju Wsi z dnia 22 kwietnia 2025 r. w sprawie wytycznych szczegółowych w zakresie przyznawania, wypłaty i zwrotu pomocy finansowej w ramach Planu Strategicznego dla Wspólnej Polityki Rolnej na lata 2023-2027 dla interwencji I.14.1 Doskonalenie zawodowe rolników - moduł 2 Szkolenia profilowane dla rolników",2025-04-22,2025-04-25,2025-04-28T11:39:27,d92f507f56ddc817be026f307a90671f489ba514e7307a8978e39686a832a8d8,1,185,0,0,0,ok,,eli2md 0.6.3,2026-09-29T23:20:17Z
MP/2025/368,2025,368,Uchwała,Uchwała Sejmu Rzeczypospolitej Polskiej z dnia 4 kwietnia 2025 r. w sprawie udziału Rzeczypospolitej Polskiej w pracach Unii Europejskiej w okresie lipiec-grudzień 2024 r. (przewodnictwo Węgier w Radzie Unii Europejskiej),2025-04-04,2025-04-25,2025-04-28T11:39:27,2de2144688e24e38a18f2d3a85fd5c9f365cebc75a661babd910673d05bd9990,1,99,0,0,0,ok,,eli2md 0.6.3,2026-09-29T23:20:17Z
MP/2025/369,2025,369,Zarządzenie,Zarządzenie nr 16 Prezesa Rady Ministrów z dnia 24 kwietnia 2025 r. zmieniające zarządzenie w sprawie nadania statutu Ministerstwu Kultury i Dziedzictwa Narodowego,2025-04-24,2025-04-25,2026-06-01T09:27:40,06350ba0a0008d7a24d27210aece6ca79d4a3b28e4f76df3b01713c65862b1c3,1,137,0,0,0,ok,,eli2md 0.6.3,2026-09-29T23:20:17Z
MP/2025/370,2025,370,Uchwała,Uchwała Senatu Rzeczypospolitej Polskiej z dnia 23 kwietnia 2025 r. w sprawie upamiętnienia Wandy Telakowskiej w 120. rocznicę urodzin,2025-04-23,2025-04-28,2026-05-12T09:01:27,d532f36a659500f3524059ee228926344d5152b3e15242cdcca4ae27472302bd,1,358,0,0,0,ok,,eli2md 0.6.3,2026-09-29T23:20:17Z
MP/2025/371,2025,371,Uchwała,Uchwała Senatu Rzeczypospolitej Polskiej z dnia 23 kwietnia 2025 r. w sprawie upamiętnienia 1000. rocznicy koronacji pierwszych królów Polski,2025-04-23,2025-04-28,2025-10-16T08:03:57,0e842b0bbadfef2667cbfbdf63469944efeb62bda349a98cdf4e9c7e6fe8dd67,1,234,0,0,0,ok,,eli2md 0.6.3,2026-09-29T23:20:17Z
MP/2025/372,2025,372,Obwieszczenie,Obwieszczenie Prezesa Rady Ministrów z dnia 22 kwietnia 2025 r. w sprawie ogłoszenia jednolitego tekstu zarządzenia Prezesa Rady Ministrów w sprawie Komitetu Rady Ministrów do spraw Bezpieczeństwa Narodowego,2025-04-22,2025-04-29,2025-04-30T11:26:22,dc1bd9b9b6ded3cd2a12c6623f59fe4c1b787b93767fff8d7c25e7bf5266890f,4,1241,0,0,0,ok,,eli2md 0.6.3,2026-09-29T23:20:17Z
MP/2025/373,2025,373,Uchwała,Uchwała Sejmu Rzeczypospolitej Polskiej z dnia 24 kwietnia 2025 r. w sprawie zmiany Regulaminu Sejmu Rzeczypospolitej Polskiej,2025-04-24,2025-04-29,2026-06-10T10:17:53,1393910f75faa625674f6c70e549aa9e333942f4fbf28f6db57a781ee956a7bb,1,248,0,0,0,ok,,eli2md 0.6.3,2026-09-29T23:20:17Z
MP/2025/374,2025,374,Obwieszczenie,"Obwieszczenie Ministra Edukacji z dnia 16 kwietnia 2025 r. w sprawie włączenia kwalifikacji wolnorynkowej ""Animowanie grupy zabawowej"" do Zintegrowanego Systemu Kwalifikacji",2025-04-16,2025-04-30,2025-05-05T11:22:03,a986a329e4ff17f0a9757cb0cc029748fe28f659d08ebf5280a382f83659b6ef,6,1581,0,0,0,ok,,eli2md 0.6.3,2026-09-29T23:20:17Z
MP/2025/375,2025,375,Zarządzenie,Zarządzenie nr 18 Prezesa Rady Ministrów z dnia 29 kwietnia 2025 r. w sprawie Międzyresortowego Zespołu do spraw Przeciwdziałania Zagranicznej Ingerencji i Manipulacji w Środowisku Informacyjnym,2025-04-29,2025-04-30,2025-05-05T11:22:03,e795110eac67df464a1f3f1de4292a275965544af1e1e12f0abe9b764980c2fb,3,1035,0,0,0,ok,,eli2md 0.6.3,2026-09-29T23:20:17Z
MP/2025/376,2025,376,Uchwała,Uchwała nr 163/2025 Państwowej Komisji Wyborczej z dnia 23 kwietnia 2025 r. w sprawie listy kandydatów na Prezydenta Rzeczypospolitej Polskiej w wyborach zarządzonych na dzień 18 maja 2025 r.,2025-04-23,2025-05-02,2025-05-05T11:22:04,efdf4e79cfba6de77c8027725dfad205996e9b7eafa0e168a12ad3d2facbb414,2,436,0,0,0,ok,,eli2md 0.6.3,2026-09-29T23:20:17Z
MP/2025/377,2025,377,Uchwała,Uchwała nr 167/2025 Państwowej Komisji Wyborczej z dnia 23 kwietnia 2025 r. w sprawie zmiany w składach okręgowych komisji wyborczych powołanych w celu przeprowadzenia wyborów Prezydenta Rzeczypospolitej Polskiej zarządzonych na dzień 18 maja 2025 r.,2025-04-23,2025-05-02,2025-05-05T11:22:04,2f52d9132f960849900c5692109b2cc3c29ced277996dfb39c9a7a3874dac8c2,1,138,0,0,0,ok,,eli2md 0.6.3,2026-09-29T23:20:17Z
MP/2025/378,2025,378,Uchwała,Uchwała Sejmu Rzeczypospolitej Polskiej z dnia 23 kwietnia 2025 r. w sprawie upamiętnienia 1000. rocznicy koronacji pierwszych królów Polski,2025-04-23,2025-05-02,2026-05-12T09:01:27,c698593106ad282b776749a920306788072e5be7d174c0bd4ccb7468a56848b1,1,224,0,0,0,ok,,eli2md 0.6.3,2026-09-29T23:20:17Z
MP/2025/379,2025,379,Uchwała,Uchwała Sejmu Rzeczypospolitej Polskiej z dnia 24 kwietnia 2025 r. w sprawie upamiętnienia Papieża Franciszka,2025-04-24,2025-05-02,2025-10-16T08:03:57,597efb96945a14065f12f1afed3ba5656717f9f9777f716d87b63557fce02d9f,1,214,0,0,0,ok,,eli2md 0.6.3,2026-09-29T23:20:17Z
MP/2025/380,2025,380,Uchwała,"Uchwała nr 158/2025 Państwowej Komisji Wyborczej z dnia 16 kwietnia 2025 r. w sprawie zasad i trybu przekazywania Okręgowej Komisji Wyborczej Nr 21 w Warszawie, właściwej dla dzielnicy Śródmieście m.st. Warszawy, wyników głosowania i protokołów głosowania z obwodów utworzonych za granicą w wyborach Prezydenta Rzeczypospolitej Polskiej zarządzonych na dzień 18 maja 2025 r.",2025-04-16,2025-05-02,2025-05-05T11:22:04,6bc0d709679ed4d29122689d406a347ed305c385e2912086205e3748b9303f8e,3,1025,0,0,0,ok,,eli2md 0.6.3,2026-09-29T23:20:17Z
MP/2025/381,2025,381,Uchwała,"Uchwała nr 159/2025 Państwowej Komisji Wyborczej z dnia 16 kwietnia 2025 r. w sprawie zasad i trybu przekazywania Okręgowej Komisji Wyborczej Nr 21 w Warszawie, właściwej dla dzielnicy Śródmieście m.st. Warszawy, wyników głosowania i protokołów głosowania z obwodów utworzonych na polskich statkach morskich w wyborach Prezydenta Rzeczypospolitej Polskiej zarządzonych na dzień 18 maja 2025 r.",2025-04-16,2025-05-02,2025-05-05T11:22:04,9f4c9c3b99be68930e47c7edff4dd8cc074bd4ed052005bf22108ba8456605ed,3,813,0,0,0,ok,,eli2md 0.6.3,2026-09-29T23:20:17Z
MP/2025/382,2025,382,Uchwała,Uchwała nr 164/2025 Państwowej Komisji Wyborczej z dnia 23 kwietnia 2025 r. w sprawie zarządzenia druku kart do głosowania w wyborach Prezydenta Rzeczypospolitej Polskiej w dniu 18 maja 2025 r.,2025-04-23,2025-05-02,2025-05-05T11:22:04,f0d267bd5bc6c5e0121fe13f533585eab7591ef63f8ba725e83b8c6133791efc,2,238,0,0,0,ok,,eli2md 0.6.3,2026-09-29T23:20:17Z
MP/2025/383,2025,383,Zarządzenie,Zarządzenie nr 10/2025 Prezesa Narodowego Banku Polskiego z dnia 28 kwietnia 2025 r. w sprawie ustalenia wzoru i wielkości emisji banknotu o wartości nominalnej 10 zł,2025-04-28,2025-05-05,2025-05-06T11:13:16,91b23d28646b6c91ab1a1f1cf3d10a549f0410941e50a85891e018da23e7bfd2,3,856,0,0,0,ok,,eli2md 0.6.3,2026-09-29T23:20:17Z
MP/2025/384,2025,384,Zarządzenie,"Zarządzenie nr 11/2025 Prezesa Narodowego Banku Polskiego z dnia 28 kwietnia 2025 r. w sprawie ustalenia wzoru, stopu, masy i wielkości emisji monety o wartości nominalnej 5 zł, z serii ""Odkryj Polskę"" - Tykocin",2025-04-28,2025-05-05,2025-05-06T11:13:16,d6aee7d97d4f2645326557886e0f39da5819885862b1c3ef3f10bc5c014a7342,2,212,0,0,0,ok,,eli2md 0.6.3,2026-09-29T23:20:17Z
MP/2025/385,2025,385,Uchwała,Uchwała nr 166/2025 Państwowej Komisji Wyborczej z dnia 23 kwietnia 2025 r. w sprawie wytycznych dla obwodowych komisji wyborczych dotyczących zadań i trybu przygotowania oraz przeprowadzenia głosowania w obwodach głosowania utworzonych za granicą i na polskich statkach morskich w wyborach Prezydenta Rzeczypospolitej Polskiej zarządzonych na dzień 18 maja 2025 r.,2025-04-23,2025-05-05,2025-05-06T11:13:16,382b2bec7d6f75fb70080be6b3ad2575fbf2eb1465a1d12fd7826c80dd6abf9f,52,12579,0,0,0,ok,,eli2md 0.6.3,2026-09-29T23:20:17Z
MP/2025/386,2025,386,Obwieszczenie,"Obwieszczenie Ministra Rolnictwa i Rozwoju Wsi z dnia 29 kwietnia 2025 r. o zmianie wykazu wymogów podstawowych z uwzględnieniem przepisów krajowych wdrażających przepisy Unii Europejskiej, w których określono te wymogi podstawowe",2025-04-29,2025-05-05,2025-05-06T11:13:16,a28e524daa196f58be68b0b66d1596df1993723a5ef8d6b13e0768b6336fe24b,1,123,0,0,0,ok,,eli2md 0.6.3,2026-09-29T23:20:17Z
MP/2025/387,2025,387,Postanowienie,Postanowienie Prezydenta Rzeczypospolitej Polskiej z dnia 13 marca 2025 r. nr rej. 24/2025 o nadaniu odznaczeń,2025-03-13,2025-05-06,2025-05-07T11:20:41,eabbeaf78a5332d6cc0c7a48185390fecdc01fba8c30f14f95a1b42cc8b88bb6,3,372,0,0,0,ok,,eli2md 0.6.3,2026-09-29T23:20:17Z
MP/2025/388,2025,388,Postanowienie,Postanowienie Prezydenta Rzeczypospolitej Polskiej z dnia 5 marca 2025 r. nr rej. 88/2025 o nadaniu orderu,2025-03-05,2025-05-06,2025-05-07T11:20:41,f46947e0ea2441532f18e73c7f026f7a63fe3aba48cd5f125f431d9451b4cdb5,1,80,0,0,0,ok,,eli2md 0.6.3,2026-09-29T23:20:17Z
MP/2025/389,2025,389,Postanowienie,Postanowienie Prezydenta Rzeczypospolitej Polskiej z dnia 11 marca 2025 r. nr rej. 103/2025 o nadaniu odznaczenia,2025-03-11,2025-05-06,2025-05-07T11:20:41,2084bf8485d5027e49a422a7b1570c2d5fbbfb0f8637146284d2b83ce4eefad2,1,75,0,0,0,ok,,eli2md 0.6.3,2026-09-29T23:20:17Z
MP/2025/390,2025,390,Postanowienie,Postanowienie Prezydenta Rzeczypospolitej Polskiej z dnia 5 marca 2025 r. nr rej. 104/2025 o nadaniu odznaczeń,2025-03-05,2025-05-06,2025-05-07T11:20:41,b635ec55e86981a670511857548089334d1322590f7d3c65fbcec3f6947549ba,2,270,0,0,0,ok,,eli2md 0.6.3,2026-09-29T23:20:17Z
MP/2025/391,2025,391,Postanowienie,Postanowienie Prezydenta Rzeczypospolitej Polskiej z dnia 5 marca 2025 r. nr rej. 107/2025 o nadaniu odznaczeń,2025-03-05,2025-05-06,2025-05-07T11:20:41,1c5cb0b3028b018c04c2e54ffcf0dfd16b9dabcfdd6d48f64152971f4dbf9169,2,210,0,0,0,ok,,eli2md 0.6.3,2026-09-29T23:20:17Z
MP/2025/392,2025,392,Postanowienie,Postanowienie Prezydenta Rzeczypospolitej Polskiej z dnia 11 kwietnia 2025 r. nr 110.2.2025 w sprawie odwołania Ambasadora Rzeczypospolitej Polskiej,2025-04-11,2025-05-05,2025-05-07T11:20:41,885edce91b2ec4ed745d39338f865279b578af71ab918ae5dca633bea9f3d8b6,1,66,0,0,0,ok,,eli2md 0.6.3,2026-09-29T23:20:17Z
MP/2025/393,2025,393,Postanowienie,Postanowienie Prezydenta Rzeczypospolitej Polskiej z dnia 11 kwietnia 2025 r. nr 110.3.2025 w sprawie mianowania Ambasadora Rzeczypospolitej Polskiej,2025-04-11,2025-05-05,2025-05-07T11:20:41,80a9702f277d02d6bb2b41216123a4e514c9868e0052153805aac6aa0d9baaea,1,64,0,0,0,ok,,eli2md 0.6.3,2026-09-29T23:20:17Z
MP/2025/394,2025,394,Postanowienie,Postanowienie Prezydenta Rzeczypospolitej Polskiej z dnia 11 kwietnia 2025 r. nr 110.4.2025 w sprawie mianowania Ambasadora Rzeczypospolitej Polskiej,2025-04-11,2025-05-05,2025-05-07T11:20:41,4b885f553c381c1a169bdb0c2c7bf9b5105e9b8c305b071e8edde025f7d7bd29,1,58,0,0,0,ok,,eli2md 0.6.3,2026-09-29T23:20:17Z
MP/2025/395,2025,395,Postanowienie,Postanowienie Prezydenta Rzeczypospolitej Polskiej z dnia 11 kwietnia 2025 r. nr 110.5.2025 w sprawie mianowania Ambasadora Rzeczypospolitej Polskiej,2025-04-11,2025-05-05,2025-05-07T11:20:41,55ce15a9a55f58c3d0a39b8b8d84c8edf008f94afe933f6cbb487153e39a2616,1,67,0,0,0,ok,,eli2md 0.6.3,2026-09-29T23:20:17Z
MP/2025/396,2025,396,Postanowienie,Postanowienie Prezydenta Rzeczypospolitej Polskiej z dnia 11 kwietnia 2025 r. nr 110.6.2025 w sprawie mianowania Ambasadora Rzeczypospolitej Polskiej,2025-04-11,2025-05-05,2025-05-07T11:20:41,5f33347e08bec5456b267187f887c5706c65cdde527bb695efdd0c8980e50697,1,58,0,0,0,ok,,eli2md 0.6.3,2026-09-29T23:20:17Z
MP/2025/397,2025,397,Postanowienie,Postanowienie Prezydenta Rzeczypospolitej Polskiej z dnia 5 marca 2025 r. nr rej. 112/2025 o nadaniu orderów i odznaczeń,2025-03-05,2025-05-06,2025-05-07T11:20:42,1c8a34cff53b17b540dcaf51fb8b33bae32dd41962a7d6cd9452d0a8c4e3373f,2,238,0,0,0,ok,,eli2md 0.6.3,2026-09-29T23:20:17Z
MP/2025/398,2025,398,Postanowienie,Postanowienie Prezydenta Rzeczypospolitej Polskiej z dnia 5 marca 2025 r. nr rej. 113/2025 o nadaniu odznaczeń,2025-03-05,2025-05-06,2025-05-07T11:20:42,67dfb39fbdd608fb6a3d9f686d515d03533c32a7a0f961339ce0e1221294a487,1,77,0,0,0,ok,,eli2md 0.6.3,2026-09-29T23:20:17Z
MP/2025/399,2025,399,Postanowienie,Postanowienie Prezydenta Rzeczypospolitej Polskiej z dnia 11 marca 2025 r. nr rej. 121/2025 o nadaniu orderu i odznaczeń,2025-03-11,2025-05-06,2025-05-07T11:20:42,daecfb1062fcdc3c637ec764de1a6c8268fdaf9899c826dbf9e256fdf3143eee,1,108,0,0,0,ok,,eli2md 0.6.3,2026-09-29T23:20:17Z
MP/2025/400,2025,400,Postanowienie,Postanowienie Prezydenta Rzeczypospolitej Polskiej z dnia 13 marca 2025 r. nr rej. 122/2025 o nadaniu orderów i odznaczeń,2025-03-13,2025-05-06,2025-05-07T11:20:42,af4dc13e88dc6539259daa9297d1f518f674c54855f770c4cc33ac71a2abf844,2,244,0,0,0,ok,,eli2md 0.6.3,2026-09-29T23:20:17Z
MP/2025/401,2025,401,Postanowienie,Postanowienie Prezydenta Rzeczypospolitej Polskiej z dnia 31 marca 2025 r. nr rej. 126/2025 o nadaniu odznaczenia,2025-03-31,2025-05-06,2025-05-07T11:20:42,20c06cb584bfbe3c25aceb2a3960591d1139d63aba09a62af53d0e62472a9613,1,69,0,0,0,ok,,eli2md 0.6.3,2026-09-29T23:20:18Z
MP/2025/402,2025,402,Obwieszczenie,Obwieszczenie Prokuratora Generalnego z dnia 30 kwietnia 2025 r. o wolnych stanowiskach prokuratorskich,2025-04-30,2025-05-06,2025-05-07T11:20:42,c73fb428f0e2dd3e4cf28010a7ff4b0a5d96f0dc8f44985379028518acef8008,2,380,0,0,0,ok,,eli2md 0.6.3,2026-09-29T23:20:18Z
MP/2025/403,2025,403,Postanowienie,Postanowienie Prezydenta Rzeczypospolitej Polskiej z dnia 11 kwietnia 2025 r. nr 110.7.2025 w sprawie mianowania Ambasadora Rzeczypospolitej Polskiej,2025-04-11,2025-05-05,2025-05-07T11:20:42,2fa9695eb64f9573eb2bb47e1fec97d26740f36d67b78d17fa659e10f01a3321,1,58,0,0,0,ok,,eli2md 0.6.3,2026-09-29T23:20:18Z
MP/2025/404,2025,404,Postanowienie,Postanowienie Prezydenta Rzeczypospolitej Polskiej z dnia 11 kwietnia 2025 r. nr 110.8.2025 w sprawie mianowania Ambasadora Rzeczypospolitej Polskiej,2025-04-11,2025-05-05,2025-05-07T11:20:42,15f08e52c048a6e79e260abe1e9826222096357a1225135dc566e288c34ca444,1,58,0,0,0,ok,,eli2md 0.6.3,2026-09-29T23:20:18Z
MP/2025/405,2025,405,Postanowienie,Postanowienie Prezydenta Rzeczypospolitej Polskiej z dnia 11 kwietnia 2025 r. nr 110.9.2025 w sprawie mianowania Ambasadora Rzeczypospolitej Polskiej,2025-04-11,2025-05-05,2025-05-07T11:20:42,4aecaf1b2d1a53490aaed4dff73c8f59eed9509c5d27965e005705b4b3925f83,1,58,0,0,0,ok,,eli2md 0.6.3,2026-09-29T23:20:18Z
MP/2025/406,2025,406,Postanowienie,Postanowienie Prezydenta Rzeczypospolitej Polskiej z dnia 11 kwietnia 2025 r. nr 110.10.2025 w sprawie mianowania Ambasadora Rzeczypospolitej Polskiej,2025-04-11,2025-05-05,2025-05-07T11:20:42,6b88706840aa661fbc573852901e52b8f880685f6afb41125b24157226fee520,1,59,0,0,0,ok,,eli2md 0.6.3,2026-09-29T23:20:18Z
MP/2025/407,2025,407,Postanowienie,Postanowienie Prezydenta Rzeczypospolitej Polskiej z dnia 11 kwietnia 2025 r. nr 110.11.2025 w sprawie mianowania Ambasadora Rzeczypospolitej Polskiej,2025-04-11,2025-05-05,2025-05-07T11:20:42,a0f8413dde3da6fcf90e4a75a8145eea5efe4341766222de2c5ecdd6c96e93a2,1,58,0,0,0,ok,,eli2md 0.6.3,2026-09-29T23:20:18Z
MP/2025/408,2025,408,Uchwała,Uchwała nr 63 Rady Ministrów z dnia 6 maja 2025 r. zmieniająca uchwałę - Regulamin pracy Rady Ministrów,2025-05-06,2025-05-07,2026-04-22T09:21:51,835cdb404e5bd998b03f43936d8cc5a2775fda87628046380e576e792855c378,1,258,0,0,0,ok,,eli2md 0.6.3,2026-09-29T23:20:18Z
MP/2025/409,2025,409,Postanowienie,Postanowienie Prezydenta Rzeczypospolitej Polskiej z dnia 11 kwietnia 2025 r. nr 110.12.2025 w sprawie mianowania Ambasadora Rzeczypospolitej Polskiej,2025-04-11,2025-05-06,2025-05-08T11:48:03,9ebcf6eafdc7118c2e74c90950f1b6eb4662ed0c9daf2a7f6cb6c59f88c197ea,1,58,0,0,0,ok,,eli2md 0.6.3,2026-09-29T23:20:18Z
MP/2025/410,2025,410,Postanowienie,Postanowienie Prezydenta Rzeczypospolitej Polskiej z dnia 11 kwietnia 2025 r. nr 110.13.2025 w sprawie mianowania Ambasadora Rzeczypospolitej Polskiej,2025-04-11,2025-05-06,2025-05-08T11:48:03,17b9fa667ef4c365071ad4af4e0dbc58d88647580a1f84551d3e17ae89ac69b0,1,58,0,0,0,ok,,eli2md 0.6.3,2026-09-29T23:20:18Z
MP/2025/411,2025,411,Postanowienie,Postanowienie Prezydenta Rzeczypospolitej Polskiej z dnia 11 kwietnia 2025 r. nr 110.14.2025 w sprawie mianowania Ambasadora Rzeczypospolitej Polskiej,2025-04-11,2025-05-06,2025-05-08T11:48:03,2210fce51c70dd8c3847d6e616103911138ed0d6496473ba9cca8f6da078ed5b,1,57,0,0,0,ok,,eli2md 0.6.3,2026-09-29T23:20:18Z
MP/2025/412,2025,412,Postanowienie,Postanowienie Prezydenta Rzeczypospolitej Polskiej z dnia 11 kwietnia 2025 r. nr 110.14.2025 w sprawie mianowania Ambasadora Rzeczypospolitej Polskiej,2025-04-11,2025-05-06,2025-05-08T11:48:03,9e3a7f7f15f3ef9b6bb6d4640f4ea4d6fc4d7007e7c2d392720579e22951c14d,1,58,0,0,0,ok,,eli2md 0.6.3,2026-09-29T23:20:18Z
MP/2025/413,2025,413,Postanowienie,Postanowienie Prezydenta Rzeczypospolitej Polskiej z dnia 11 kwietnia 2025 r. nr 110.16.2025 w sprawie mianowania Ambasadora Rzeczypospolitej Polskiej,2025-04-11,2025-05-06,2025-05-08T11:48:03,1b3e9e2ac7bbff0f64cc937a3883851d20545246a9fd67c9e8f1b1385edd2aab,1,58,0,0,0,ok,,eli2md 0.6.3,2026-09-29T23:20:18Z
MP/2025/414,2025,414,Postanowienie,Postanowienie Prezydenta Rzeczypospolitej Polskiej z dnia 11 kwietnia 2025 r. nr 110.17.2025 w sprawie mianowania Ambasadora Rzeczypospolitej Polskiej,2025-04-11,2025-05-06,2025-05-08T11:48:03,a0e315f5d3dcb557c4c702b19a091d7f20cd94a3f6985847b6d4d2f56d15f11b,1,58,0,0,0,ok,,eli2md 0.6.3,2026-09-29T23:20:18Z
MP/2025/415,2025,415,Postanowienie,Postanowienie Prezydenta Rzeczypospolitej Polskiej z dnia 11 kwietnia 2025 r. nr 110.17.2025 w sprawie mianowania Ambasadora Rzeczypospolitej Polskiej,2025-04-11,2025-05-06,2025-05-08T11:48:03,997b9d918bb32e41213cd2e1c204c018e52b7b5ef3bed3c68928f53701c03b08,1,58,0,0,0,ok,,eli2md 0.6.3,2026-09-29T23:20:18Z
MP/2025/416,2025,416,Postanowienie,Postanowienie Prezydenta Rzeczypospolitej Polskiej z dnia 11 kwietnia 2025 r. nr 110.17.2025 w sprawie mianowania Ambasadora Rzeczypospolitej Polskiej,2025-04-11,2025-05-06,2025-05-08T11:48:03,ae70333ec6bc4ad9a53bef56848fdfdcce44652748e76d33dddb410b68cdd658,1,58,0,0,0,ok,,eli2md 0.6.3,2026-09-29T23:20:18Z
MP/2025/417,2025,417,Postanowienie,Postanowienie Prezydenta Rzeczypospolitej Polskiej z dnia 11 kwietnia 2025 r. nr 110.17.2025 w sprawie mianowania Ambasadora Rzeczypospolitej Polskiej,2025-04-11,2025-05-06,2025-05-08T11:48:03,2798282ed5f24be0444bbb5143bcd9fb50e29f9c2afa86cc80f6f97ff67014c2,1,58,0,0,0,ok,,eli2md 0.6.3,2026-09-29T23:20:18Z
MP/2025/418,2025,418,Uchwała,Uchwała nr 165/2025 Państwowej Komisji Wyborczej z dnia 23 kwietnia 2025 r. w sprawie wytycznych dla obwodowych komisji wyborczych dotyczących zadań i trybu przygotowania oraz przeprowadzenia głosowania w obwodach głosowania utworzonych w kraju w wyborach Prezydenta Rzeczypospolitej Polskiej zarządzonych na dzień 18 maja 2025 r.,2025-04-23,2025-05-07,2025-05-15T00:00:00,b5bbfe6d4959d12324ccd541ae86aa2247630ae2da019402c13ce2dffb5361e5,89,22167,0,0,0,ok,,eli2md 0.6.3,2026-09-29T23:20:18Z
MP/2025/419,2025,419,Postanowienie,Postanowienie Prezydenta Rzeczypospolitej Polskiej z dnia 18 marca 2025 r. nr rej. 127/2025 o nadaniu odznaczeń,2025-03-11,2025-05-06,2025-05-08T11:48:03,7a7217de1ffe97395f782c96b73401216b51fe8effd513001949d95e3c118d3f,2,267,0,0,0,ok,,eli2md 0.6.3,2026-09-29T23:20:18Z
MP/2025/420,2025,420,Postanowienie,Postanowienie Prezydenta Rzeczypospolitej Polskiej z dnia 11 marca 2025 r. nr rej. 128/2025 o nadaniu orderów i odznaczeń,2025-03-11,2025-05-06,2025-05-08T11:48:03,f35cb0375e22ee9e6e574ea7e2f4796827ec9dee1b3ee77494d2c71b1ef50977,2,206,0,0,0,ok,,eli2md 0.6.3,2026-09-29T23:20:18Z
MP/2025/421,2025,421,Postanowienie,Postanowienie Prezydenta Rzeczypospolitej Polskiej z dnia 11 marca 2025 r. nr rej. 129/2025 o nadaniu orderów,2025-03-11,2025-05-06,2025-05-08T11:48:03,486f5758cc48734686c8e9c341d5d2f0fc384330a3980371e76970a7957911c6,1,134,0,0,0,ok,,eli2md 0.6.3,2026-09-29T23:20:18Z
MP/2025/422,2025,422,Postanowienie,Postanowienie Prezydenta Rzeczypospolitej Polskiej z dnia 17 marca 2025 r. nr rej. 130/2025 o nadaniu odznaczenia,2025-03-17,2025-05-06,2025-05-08T11:48:03,445303a88867f50882494c92d10be9feab8b9dbcea371c40e73072a021c6a053,1,73,0,0,0,ok,,eli2md 0.6.3,2026-09-29T23:20:18Z
MP/2025/423,2025,423,Postanowienie,Postanowienie Prezydenta Rzeczypospolitej Polskiej z dnia 13 marca 2025 r. nr rej. 134/2025 o nadaniu odznaczenia,2025-03-13,2025-05-06,2025-05-08T11:48:03,95100bd7287dbacb7975febccadb93ae0b6ce68030db205ba36bb6093490adfa,1,82,0,0,0,ok,,eli2md 0.6.3,2026-09-29T23:20:18Z
MP/2025/424,2025,424,Postanowienie,Postanowienie Prezydenta Rzeczypospolitej Polskiej z dnia 19 marca 2025 r. nr rej. 140/2025 o nadaniu odznaczeń,2025-03-19,2025-05-06,2025-05-08T11:48:03,5bdb8bbd4554d5920d837824964b98c597bc46beac1f4fa8aa21244b62210f8c,3,379,0,0,0,ok,,eli2md 0.6.3,2026-09-29T23:20:18Z
MP/2025/425,2025,425,Postanowienie,Postanowienie Prezydenta Rzeczypospolitej Polskiej z dnia 31 marca 2025 r. nr rej. 141/2025 o nadaniu orderu i odznaczeń,2025-03-31,2025-05-06,2025-05-08T11:48:03,cebc124d99f1f39ed12cf405a5db0ef188aa1ed42dfbe579ea2f31f52a81545a,2,239,0,0,0,ok,,eli2md 0.6.3,2026-09-29T23:20:18Z
MP/2025/426,2025,426,Postanowienie,Postanowienie Prezydenta Rzeczypospolitej Polskiej z dnia 18 marca 2025 r. nr rej. 143/2025 o nadaniu odznaczenia,2025-03-18,2025-05-06,2025-05-08T11:48:04,0e7535c651e94f268af9fa57944b11eb365dcc06dcf89a798a414e8c4e31a2a2,1,74,0,0,0,ok,,eli2md 0.6.3,2026-09-29T23:20:18Z
MP/2025/427,2025,427,Postanowienie,Postanowienie Prezydenta Rzeczypospolitej Polskiej z dnia 24 marca 2025 r. nr rej. 145/2025 o nadaniu orderów i odznaczeń,2025-03-24,2025-05-06,2025-05-08T11:48:04,51dee8cf5a308cc9f5c300b9f2be1cc710c41f753b0e9b0ba6b2c11e997abef4,1,137,0,0,0,ok,,eli2md 0.6.3,2026-09-29T23:20:18Z
MP/2025/428,2025,428,Postanowienie,Postanowienie Prezydenta Rzeczypospolitej Polskiej z dnia 19 marca 2025 r. nr rej. 146/2025 o nadaniu orderu,2025-03-19,2025-05-06,2025-05-08T11:48:04,62973509f20ffc933ccf9445e2c4beaa1915d1f83493ebc061c7ee8166e658a0,1,71,0,0,0,ok,,eli2md 0.6.3,2026-09-29T23:20:18Z
MP/2025/429,2025,429,Postanowienie,Postanowienie Prezydenta Rzeczypospolitej Polskiej z dnia 19 marca 2025 r. nr rej. 147/2025 o nadaniu orderu,2025-03-19,2025-05-06,2025-05-08T11:48:04,bed968418be6e46408f12027305414fea31ed873362d8f43742bb83a68efd1f3,1,76,0,0,0,ok,,eli2md 0.6.3,2026-09-29T23:20:18Z
MP/2025/430,2025,430,Postanowienie,Postanowienie Prezydenta Rzeczypospolitej Polskiej z dnia 20 marca 2025 r. nr rej. 148/2025 o nadaniu orderów i odznaczeń,2025-03-20,2025-05-06,2025-05-08T11:48:04,5ee49995ca893d696d0430b03b166f544ce0decdd60a891b82d7c747871666d0,1,122,0,0,0,ok,,eli2md 0.6.3,2026-09-29T23:20:18Z
MP/2025/431,2025,431,Postanowienie,Postanowienie Prezydenta Rzeczypospolitej Polskiej z dnia 22 marca 2025 r. nr rej. 149/2025 o nadaniu odznaczenia,2025-03-22,2025-05-06,2025-05-08T11:48:04,2c177732d28faefc709ed5d887b8fb7401bbf9f60864f758dc520607ad4648b3,1,69,0,0,0,ok,,eli2md 0.6.3,2026-09-29T23:20:18Z
MP/2025/432,2025,432,Postanowienie,Postanowienie Prezydenta Rzeczypospolitej Polskiej z dnia 24 marca 2025 r. nr rej. 150/2025 o nadaniu odznaczenia,2025-03-24,2025-05-06,2025-05-08T11:48:04,7a454c81f80e3585e8a3ae47f36f1360313aa791a2f3cb45a2e83f77812021df,1,85,0,0,0,ok,,eli2md 0.6.3,2026-09-29T23:20:18Z
MP/2025/433,2025,433,Postanowienie,Postanowienie Prezydenta Rzeczypospolitej Polskiej z dnia 24 marca 2025 r. nr rej. 151/2025 o nadaniu orderów i odznaczeń,2025-03-24,2025-05-06,2025-05-08T11:48:04,379de5ea0194169800488e079b7b403bbebe6398be97600e8774830846e69cce,1,142,0,0,0,ok,,eli2md 0.6.3,2026-09-29T23:20:18Z
MP/2025/434,2025,434,Postanowienie,Postanowienie Prezydenta Rzeczypospolitej Polskiej z dnia 24 marca 2025 r. nr rej. 152/2025 o nadaniu orderów,2025-03-24,2025-05-06,2025-05-08T11:48:04,3c025b1c11541b5f0d279a774abe572d545873accdc21b538cef32c959be2573,2,188,0,0,0,ok,,eli2md 0.6.3,2026-09-29T23:20:18Z
MP/2025/435,2025,435,Postanowienie,Postanowienie Prezydenta Rzeczypospolitej Polskiej z dnia 31 marca 2025 r. nr rej. 158/2025 o nadaniu orderów i odznaczeń,2025-03-31,2025-05-08,2025-05-09T11:16:19,d26dcb47f2a8446f9bb9b0561909dc51645435993fadadb014a9b3d6d3175970,1,145,0,0,0,ok,,eli2md 0.6.3,2026-09-29T23:20:18Z
MP/2025/436,2025,436,Postanowienie,Postanowienie Prezydenta Rzeczypospolitej Polskiej z dnia 27 marca 2025 r. nr rej. 162/2025 o nadaniu orderów i odznaczeń,2025-03-27,2025-05-08,2025-05-09T11:16:19,d3c0f55607f4ad5836ff69d5ecb4ef7b2582240e923fd9ff1efeef7fd64e31b9,2,243,0,0,0,ok,,eli2md 0.6.3,2026-09-29T23:20:18Z
MP/2025/437,2025,437,Postanowienie,Postanowienie Prezydenta Rzeczypospolitej Polskiej z dnia 26 marca 2025 r. nr rej. 163/2025 o nadaniu orderów,2025-03-26,2025-05-08,2025-05-09T11:16:19,097857aa088e92647f8034eeeecd878c09f3fdc3ab56bb0e4904f2f9dcad5fd9,1,95,0,0,0,ok,,eli2md 0.6.3,2026-09-29T23:20:18Z
MP/2025/438,2025,438,Postanowienie,Postanowienie Prezydenta Rzeczypospolitej Polskiej z dnia 31 marca 2025 r. nr rej. 165/2025 o nadaniu odznaczenia,2025-03-31,2025-05-08,2025-05-09T11:16:19,f35310faf58f91222074409da8caf5964868a049bb71f815c954020d9a37d1ba,1,69,0,0,0,ok,,eli2md 0.6.3,2026-09-29T23:20:18Z
MP/2025/439,2025,439,Postanowienie,Postanowienie Prezydenta Rzeczypospolitej Polskiej z dnia 31 marca 2025 r. nr rej. 184/2025 o nadaniu orderów,2025-03-31,2025-05-08,2025-05-09T11:16:19,5d805fb5e5d4063148aea1986582cbb0bde9b81a0af41933edb2d9043744332a,2,196,0,0,0,ok,,eli2md 0.6.3,2026-09-29T23:20:18Z
MP/2025/440,2025,440,Komunikat,"Komunikat Ministra Spraw Wewnętrznych i Administracji z dnia 28 kwietnia 2025 r. o podjęciu przez Radę Ministrów uchwały w sprawie ""Rządowego programu ograniczania przestępczości i aspołecznych zachowań Razem bezpieczniej na lata 2025-2028""",2025-04-28,2025-05-09,2025-05-12T11:24:43,d61096df09059a4a1eb04e3c5e01b0fe38e04b83a172c006e0a0f7913b6272d2,1,164,0,0,0,ok,,eli2md 0.6.3,2026-09-29T23:20:18Z
MP/2025/441,2025,441,Zarządzenie,Zarządzenie nr 17 Prezesa Rady Ministrów z dnia 25 kwietnia 2025 r. w sprawie przeznaczenia składników majątkowych oraz ustalenia podmiotu i sposobu przekazania spraw wszczętych i niezakończonych przekształconego Ministerstwa Edukacji i Nauki,2025-04-25,2025-05-09,2025-05-12T11:24:43,5785d417df685c5a4dc42bd335ccc0e3061028facb4ab40675655129d46526cd,1095,233885,0,0,0,ok,,eli2md 0.6.3,2026-09-29T23:24:45Z
MP/2025/442,2025,442,Umowa międzynarodowa,"Umowa między Rządem Rzeczypospolitej Polskiej a Rządem Republiki Konga o zniesieniu obowiązku wizowego dla posiadaczy paszportów dyplomatycznych, podpisana w Luandzie dnia 25 sierpnia 2022 r.",2022-08-25,2025-05-09,2025-05-12T11:24:43,3149618d0cbbe999b85be9c646d6bf7bbe80f5147df61697ff71c695a268b241,12,2817,11,1,11,ok,,eli2md 0.6.3,2026-09-29T23:24:45Z
MP/2025/443,2025,443,Oświadczenie rządowe,"Oświadczenie rządowe z dnia 26 marca 2025 r. w sprawie związania Rzeczypospolitej Polskiej Umową między Rządem Rzeczypospolitej Polskiej a Rządem Republiki Konga o zniesieniu obowiązku wizowego dla posiadaczy paszportów dyplomatycznych, podpisanej w Luandzie dnia 25 sierpnia 2022 r.",2025-03-26,2025-05-09,2025-05-12T11:24:43,d33562d0912a9e36438c6560cb7a2fddef6cc8859bd93b98552b71eee05df9f4,1,139,0,0,0,ok,,eli2md 0.6.3,2026-09-29T23:24:45Z
MP/2025/444,2025,444,Komunikat,Komunikat Prezesa Głównego Urzędu Statystycznego z dnia 9 maja 2025 r. w sprawie przeciętnego wynagrodzenia w pierwszym kwartale 2025 r.,2025-05-09,2025-05-09,2025-05-12T11:24:43,efbe1c64fb3e9e246a9e6dda14d0006f1f982e61caca4885414e12400ce434f6,1,70,0,0,0,ok,,eli2md 0.6.3,2026-09-29T23:24:45Z
MP/2025/445,2025,445,Komunikat,Komunikat Prezesa Zakładu Ubezpieczeń Społecznych z dnia 12 maja 2025 r. w sprawie kwot przychodu odpowiadających 70 % i 130 % przeciętnego miesięcznego wynagrodzenia ogłoszonego za I kwartał 2025 r. stosowanych przy zmniejszaniu albo zawieszaniu emerytur i rent,2025-05-12,2025-05-14,2025-05-15T11:00:50,f779b02fd48db0cdc0bbdc1375eecab6f289524a482d723d1cf9320ec0a283df,1,119,0,0,0,ok,,eli2md 0.6.3,2026-09-29T23:24:45Z
MP/2025/446,2025,446,Komunikat,"Komunikat Ministra Rolnictwa i Rozwoju Wsi z dnia 9 maja 2025 r. w sprawie zmienionych wytycznych szczegółowych w zakresie przyznawania, wypłaty i zwrotu pomocy finansowej w ramach Planu Strategicznego dla Wspólnej Polityki Rolnej na lata 2023-2027 dla interwencji I.11 Premie dla młodych rolników",2025-05-09,2025-05-14,2025-05-15T11:00:50,b518836bc6309bbcf40890f15beb9b327f2c7f4e600db151a6b968ee7fea3337,1,176,0,0,0,ok,,eli2md 0.6.3,2026-09-29T23:24:45Z
MP/2025/447,2025,447,Uchwała,Uchwała nr 67 Rady Ministrów z dnia 13 maja 2025 r. w sprawie wyznaczenia koordynatora do spraw usług cyfrowych,2025-05-13,2025-05-14,2025-05-15T11:00:50,6369a1a47a522b819582b33126f67cf46935dd0e3fee83c4624df9a065a596b5,1,148,0,0,0,ok,,eli2md 0.6.3,2026-09-29T23:24:45Z
MP/2025/448,2025,448,Obwieszczenie,Obwieszczenie Prezesa Głównego Urzędu Statystycznego z dnia 13 maja 2025 r. w sprawie pierwszego szacunku wartości produktu krajowego brutto w 2024 r.,2025-05-13,2025-05-14,2025-05-15T11:00:50,1bb65e3ff594af23159402d5f897e31c0faa3b626a3288e70ecf8f2fccc8771c,1,73,0,0,0,ok,,eli2md 0.6.3,2026-09-29T23:24:45Z
MP/2025/449,2025,449,Obwieszczenie,"Obwieszczenie Ministra Rodziny, Pracy i Polityki Społecznej z dnia 9 maja 2025 r. w sprawie wskaźnika waloryzacji składek na ubezpieczenie emerytalne za 2024 r.",2025-05-09,2025-05-14,2025-05-15T11:00:50,b3e484e891779bcb3b741772ab5abcb2b9087fa106a630fc6b349b42c26b5bca,1,77,0,0,0,ok,,eli2md 0.6.3,2026-09-29T23:24:45Z
MP/2025/450,2025,450,Obwieszczenie,Obwieszczenie Prezesa Zakładu Ubezpieczeń Społecznych z dnia 12 maja 2025 r. w sprawie wskaźnika waloryzacji podstawy wymiaru zasiłku chorobowego przyjętej do obliczenia świadczenia rehabilitacyjnego w III kwartale 2025 r.,2025-05-12,2025-05-15,2025-05-16T10:49:11,db893e1dc1539376b4dd1da6542ca3c29a47a7c503b268524ab23d9cec235266,1,89,0,0,0,ok,,eli2md 0.6.3,2026-09-29T23:24:45Z
MP/2025/451,2025,451,Ogłoszenie,Ogłoszenie Przewodniczącego Krajowej Rady Radiofonii i Telewizji z dnia 5 maja 2025 r. o możliwości uzyskania koncesji na rozpowszechnianie programu telewizyjnego w ogólnopolskim multipleksie telewizyjnym MUX-8,2025-05-05,2025-05-15,2025-05-16T10:49:11,5ca1f37bee8827b8e67159b859de6089dd878e5140e63c21d5f99920ed101109,3,1091,0,0,0,ok,,eli2md 0.6.3,2026-09-29T23:24:45Z
MP/2025/452,2025,452,Komunikat,"Komunikat Ministra Rolnictwa i Rozwoju Wsi z dnia 9 maja 2025 r. w sprawie zmienionych wytycznych szczegółowych w zakresie przyznawania, wypłaty i zwrotu pomocy finansowej w ramach Planu Strategicznego dla Wspólnej Polityki Rolnej na lata 2023-2027 dla interwencji I.13.3 Promowanie, informowanie i marketing dotyczący żywności wytwarzanej w ramach systemów jakości żywności",2025-05-09,2025-05-15,2025-05-16T10:49:11,19fcd43b984db9f555dc33ffa9736ef8c7e5cda8d4d27ad920db9de02388155b,1,192,0,0,0,ok,,eli2md 0.6.3,2026-09-29T23:24:45Z
MP/2025/453,2025,453,Komunikat,Komunikat Prezesa Głównego Urzędu Statystycznego z dnia 14 maja 2025 r. w sprawie wskaźnika rocznej waloryzacji,2025-05-14,2025-05-15,2025-05-16T10:49:11,ec93ec820bc8db9ea00c4117df13b314b8fa2e7a613f60952b97c567203fa347,1,92,0,0,0,ok,,eli2md 0.6.3,2026-09-29T23:24:45Z
MP/2025/454,2025,454,Uchwała,Uchwała Sejmu Rzeczypospolitej Polskiej z dnia 9 maja 2025 r. w sprawie powołania członka Komisji do spraw reprywatyzacji nieruchomości warszawskich,2025-05-09,2025-05-15,2025-05-16T10:49:11,8be81bad51462f8d752bd110f56819e35dd7c66ca4dba7d5606f16aeac365c09,1,92,0,0,0,ok,,eli2md 0.6.3,2026-09-29T23:24:45Z
MP/2025/455,2025,455,Uchwała,Uchwała nr 189/2025 Państwowej Komisji Wyborczej z dnia 8 maja 2025 r. zmieniająca uchwałę w sprawie wytycznych dla obwodowych komisji wyborczych dotyczących zadań i trybu przygotowania oraz przeprowadzenia głosowania w obwodach głosowania utworzonych w kraju w wyborach Prezydenta Rzeczypospolitej Polskiej zarządzonych na dzień 18 maja 2025 r.,2025-05-08,2025-05-15,2025-05-16T10:49:11,1d7355f12fd6b2da4ca136f7101a9aa0a8a6f7c4b4f7b2faa5e23c1186a2bef9,2,769,0,0,0,ok,,eli2md 0.6.3,2026-09-29T23:24:45Z
MP/2025/456,2025,456,Obwieszczenie,"Obwieszczenie Ministra Finansów z dnia 7 maja 2025 r. w sprawie określenia wysokości kwot rekompensat wypłacanych osobom, które wniosły przedpłaty na zakup samochodów osobowych marki Fiat 126p lub FSO 1500, na III kwartał 2025 r.",2025-05-07,2025-05-16,2025-05-19T11:37:48,29d632a5512d12ef10ea62bc650e589e27ee6743e459dffc0c19ad78e7928004,1,125,0,0,0,ok,,eli2md 0.6.3,2026-09-29T23:24:45Z
MP/2025/457,2025,457,Obwieszczenie,"Obwieszczenie Ministra Finansów z dnia 9 maja 2025 r. w sprawie stawki odsetek za zwłokę od zaległości podatkowych, obniżonej stawki odsetek za zwłokę od zaległości podatkowych oraz podwyższonej stawki odsetek za zwłokę od zaległości podatkowych",2025-05-09,2025-05-16,2025-05-19T11:37:48,d180f240c59682d56ed27bce270b76e618a5a2ad4ab2e01f0b5b9f3dc16ca80f,1,117,0,0,0,ok,,eli2md 0.6.3,2026-09-29T23:24:45Z
MP/2025/458,2025,458,Uchwała,Uchwała Sejmu Rzeczypospolitej Polskiej z dnia 9 maja 2025 r. w sprawie upamiętnienia Haliny Poświatowskiej w 90. rocznicę urodzin,2025-05-09,2025-05-19,2026-05-12T09:01:27,372bdf89cca0bc68a792d6f31a7a3a0155a50d1013ba2454f7fa71a13685254c,1,343,0,0,0,ok,,eli2md 0.6.3,2026-09-29T23:24:45Z
MP/2025/459,2025,459,Uchwała,Uchwała Sejmu Rzeczypospolitej Polskiej z dnia 9 maja 2025 r. w sprawie uczczenia Marszałka Józefa Piłsudskiego w 90. rocznicę śmierci,2025-05-09,2025-05-19,2026-05-12T09:01:27,9f048eae9cdc2a0f56052f3e60877721ed85cf68426958d6140eadc06d9f0476,1,391,0,0,0,ok,,eli2md 0.6.3,2026-09-29T23:24:45Z
MP/2025/460,2025,460,Uchwała,Uchwała Senatu Rzeczypospolitej Polskiej z dnia 14 maja 2025 r. w sprawie ustanowienia roku 2026 Rokiem Błogosławionej Matki Elżbiety Róży Czackiej - prekursorki polskiej tyflologii,2025-05-14,2025-05-19,2026-05-12T09:01:27,6ea5e681426386923348c506cb6c5bdc0cc52afef3c87350689374c644923cff,1,436,0,0,0,ok,,eli2md 0.6.3,2026-09-29T23:24:45Z
MP/2025/461,2025,461,Uchwała,Uchwała Senatu Rzeczypospolitej Polskiej z dnia 14 maja 2025 r. w sprawie ustanowienia roku 2026 Rokiem Andrzeja Wajdy,2025-05-14,2025-05-19,2026-05-12T09:01:27,7d43be571b608e3b8cca51758512019e6a4a63991c2102427f09d6ee363d347c,2,551,0,0,0,ok,,eli2md 0.6.3,2026-09-29T23:24:45Z
MP/2025/462,2025,462,Uchwała,Uchwała Senatu Rzeczypospolitej Polskiej z dnia 14 maja 2025 r. w sprawie ustanowienia roku 2026 Rokiem Miasta Gdyni,2025-05-14,2025-05-19,2026-05-12T09:01:27,3344253c3004242f3fccb9d76244e58745e0faa84e6065c07662784e20dd0eb5,2,794,0,0,0,ok,,eli2md 0.6.3,2026-09-29T23:24:45Z
MP/2025/463,2025,463,Zarządzenie,"Zarządzenie nr 12/2025 Prezesa Narodowego Banku Polskiego z dnia 13 maja 2025 r. w sprawie ustalenia wzoru, próby, masy i wielkości emisji monety o wartości nominalnej 10 zł, z serii ""W Polskę wierzę"" - Jasna Góra - duchowa stolica Polski",2025-05-13,2025-05-19,2025-05-20T10:45:44,de8bee115572ba58cb9dcac4b72644a74e6bad01aec9930fbf6484332de2a7c1,2,206,0,0,0,ok,,eli2md 0.6.3,2026-09-29T23:24:45Z
MP/2025/464,2025,464,Uchwała,Uchwała Senatu Rzeczypospolitej Polskiej z dnia 14 maja 2025 r. w 80. rocznicę zakończenia II wojny światowej w Europie,2025-05-14,2025-05-20,2026-05-12T09:01:27,1a94f7e37ffb1c055ca7808473d7f668c7f91224e199b40c28ba3a542ff1fe94,2,652,0,0,0,ok,,eli2md 0.6.3,2026-09-29T23:24:45Z
MP/2025/465,2025,465,Uchwała,Uchwała nr 190/2025 Państwowej Komisji Wyborczej z dnia 16 maja 2025 r. w sprawie zmiany w składzie Okręgowej Komisji Wyborczej nr 26 w Siedlcach powołanej w celu przeprowadzenia wyborów Prezydenta Rzeczypospolitej Polskiej zarządzonych na dzień 18 maja 2025 r.,2025-05-16,2025-05-20,2025-05-21T10:49:09,2dd27d0530e97a4b63744930f97d291b3691e0b6a5035288936d21f5597451dc,1,131,0,0,0,ok,,eli2md 0.6.3,2026-09-29T23:24:45Z
MP/2025/466,2025,466,Uchwała,Uchwała nr 191/2025 Państwowej Komisji Wyborczej z dnia 19 maja 2025 r. w sprawie zarządzenia druku kart do głosowania w ponownym głosowaniu w wyborach Prezydenta Rzeczypospolitej Polskiej w dniu 1 czerwca 2025 r.,2025-05-19,2025-05-20,2025-05-21T10:49:09,c087b295e4de08cfbd8ba3dd5c1dce3a5baa2cde181c392b01b0053e7a89179e,2,203,0,0,0,ok,,eli2md 0.6.3,2026-09-29T23:24:45Z
MP/2025/467,2025,467,Ogłoszenie,Ogłoszenie Przewodniczącego Krajowej Rady Radiofonii i Telewizji z dnia 19 maja 2025 r. w sprawie wysokości opłaty za wpis programu do rejestru programów telewizyjnych rozpowszechnianych wyłącznie w systemie teleinformatycznym i programów rozprowadzanych w 2026 r.,2025-05-19,2025-05-21,2025-05-22T11:33:21,c0688bb9c18122d32c35c171166469d96ec601a8e62186c0e68815ee2a4324af,1,138,0,0,0,ok,,eli2md 0.6.3,2026-09-29T23:24:45Z
MP/2025/468,2025,468,Postanowienie,Postanowienie Prezydenta Rzeczypospolitej Polskiej z dnia 28 kwietnia 2025 r. nr 115.8.2025 zmieniające postanowienie w sprawie nadania tytułu profesora,2025-04-28,2025-05-21,2025-05-22T11:33:21,04e9df4c39e82de4b59a5b135155f8f9e2a33248422718e592c9930619c992b4,1,118,0,0,0,ok,,eli2md 0.6.3,2026-09-29T23:24:45Z
MP/2025/469,2025,469,Postanowienie,Postanowienie Prezydenta Rzeczypospolitej Polskiej z dnia 29 kwietnia 2025 r. nr 110.21.2025 w sprawie odwołania Ambasadora Rzeczypospolitej Polskiej,2025-04-29,2025-05-21,2025-05-22T11:33:21,a4f06b0fd6dce6dd7faf53ac183e0eddbe5da704c7f1499ba08ba6d546f70c82,1,66,0,0,0,ok,,eli2md 0.6.3,2026-09-29T23:24:45Z
MP/2025/470,2025,470,Postanowienie,Postanowienie Prezydenta Rzeczypospolitej Polskiej z dnia 29 kwietnia 2025 r. nr 110.22.2025 w sprawie mianowania Ambasadora Rzeczypospolitej Polskiej,2025-04-29,2025-05-21,2025-05-22T11:33:21,0fc4f0a65d8889d2e5cf417c909ac062d508b4ebfd2e75d1304b4efd46dd851c,1,64,0,0,0,ok,,eli2md 0.6.3,2026-09-29T23:24:45Z
MP/2025/471,2025,471,Postanowienie,Postanowienie Prezydenta Rzeczypospolitej Polskiej z dnia 29 kwietnia 2025 r. nr 110.23.2025 w sprawie odwołania Ambasadora Rzeczypospolitej Polskiej,2025-04-29,2025-05-21,2025-05-22T11:33:21,c277594da88040598a59e47fa67e59ef9df6b2f54d904aad17d64916d233bbcb,1,60,0,0,0,ok,,eli2md 0.6.3,2026-09-29T23:24:45Z
MP/2025/472,2025,472,Postanowienie,Postanowienie Prezydenta Rzeczypospolitej Polskiej z dnia 29 kwietnia 2025 r. nr 110.24.2025 w sprawie odwołania Ambasadora Rzeczypospolitej Polskiej,2025-04-29,2025-05-21,2025-05-22T11:33:21,cf345f484e1ef85868ebdd5df847f027596e09d2a99b14b70e47602cb19b02f8,1,61,0,0,0,ok,,eli2md 0.6.3,2026-09-29T23:24:45Z
MP/2025/473,2025,473,Postanowienie,Postanowienie Prezydenta Rzeczypospolitej Polskiej z dnia 29 kwietnia 2025 r. nr 110.25.2025 w sprawie odwołania Ambasadora Rzeczypospolitej Polskiej,2025-04-29,2025-05-21,2025-05-22T11:33:21,65f3bc1e5c3eecbacfead44ff5d5ed96273a9d6c29f2f2d99523fd34c8a61bba,1,60,0,0,0,ok,,eli2md 0.6.3,2026-09-29T23:24:45Z
MP/2025/474,2025,474,Postanowienie,Postanowienie Prezydenta Rzeczypospolitej Polskiej z dnia 5 maja 2025 r. nr 115.9.2025 w sprawie nadania tytułu profesora,2025-05-05,2025-05-21,2025-05-22T11:33:21,def98b1f775907034592b0cfccfca87bd31b0afe48d3da61bc2053e500a78817,3,767,0,0,0,ok,,eli2md 0.6.3,2026-09-29T23:24:45Z
MP/2025/475,2025,475,Postanowienie,Postanowienie Prezydenta Rzeczypospolitej Polskiej z dnia 29 kwietnia 2025 r. nr 110.26.2025 w sprawie mianowania Ambasadora Rzeczypospolitej Polskiej,2025-04-29,2025-05-21,2025-05-22T11:33:21,8e4cd3782c6409fcf8a2c5c555f7a6fe801046c3b8fa59fd790d761f54455af0,1,58,0,0,0,ok,,eli2md 0.6.3,2026-09-29T23:24:45Z
MP/2025/476,2025,476,Postanowienie,Postanowienie Prezydenta Rzeczypospolitej Polskiej z dnia 29 kwietnia 2025 r. nr 110.27.2025 w sprawie mianowania Ambasadora Rzeczypospolitej Polskiej,2025-04-29,2025-05-21,2025-05-22T11:33:21,0633bf1a7f44f7de07cc9244ad9e67b23b386e8220e587c855c0ecca8f579a71,1,59,0,0,0,ok,,eli2md 0.6.3,2026-09-29T23:24:45Z
MP/2025/477,2025,477,Postanowienie,Postanowienie Prezydenta Rzeczypospolitej Polskiej z dnia 29 kwietnia 2025 r. nr 110.28.2025 w sprawie mianowania Ambasadora Rzeczypospolitej Polskiej,2025-04-29,2025-05-21,2025-05-22T11:33:21,4f73bb1bf2dff54f08a7efbfc7e5c145f84a832ffefc2f62906a0aa0659c0a80,1,58,0,0,0,ok,,eli2md 0.6.3,2026-09-29T23:24:45Z
MP/2025/478,2025,478,Postanowienie,Postanowienie Prezydenta Rzeczypospolitej Polskiej z dnia 29 kwietnia 2025 r. nr 110.29.2025 w sprawie odwołania Ambasadora Rzeczypospolitej Polskiej,2025-04-29,2025-05-21,2025-05-22T11:33:21,038f2636028065f8d5e3947552c039070f800e626193c1d70942a1b6107fb674,1,61,0,0,0,ok,,eli2md 0.6.3,2026-09-29T23:24:45Z
MP/2025/479,2025,479,Postanowienie,Postanowienie Prezydenta Rzeczypospolitej Polskiej z dnia 29 kwietnia 2025 r. nr 110.30.2025 w sprawie odwołania Ambasadora Rzeczypospolitej Polskiej,2025-04-29,2025-05-21,2025-05-22T11:33:21,2e1743dc5352b43b38a77a46f9549be5dc84997ed77192f62e30a445492a6758,1,65,0,0,0,ok,,eli2md 0.6.3,2026-09-29T23:24:45Z
MP/2025/480,2025,480,Postanowienie,Postanowienie Prezydenta Rzeczypospolitej Polskiej z dnia 29 kwietnia 2025 r. nr 110.31.2025 w sprawie odwołania Ambasadora Rzeczypospolitej Polskiej,2025-04-29,2025-05-21,2025-05-22T11:33:22,c448edc0bdb06db3868bb5d3bde2e25c2648051acb6c101d66a2fd91a11b84a9,1,60,0,0,0,ok,,eli2md 0.6.3,2026-09-29T23:24:45Z
MP/2025/481,2025,481,Postanowienie,Postanowienie Prezydenta Rzeczypospolitej Polskiej z dnia 29 kwietnia 2025 r. nr 110.32.2025 w sprawie odwołania Ambasadora Rzeczypospolitej Polskiej,2025-04-29,2025-05-21,2025-05-22T11:33:22,3b4a77274686aa72183f63336c275060f080f058e6ecb71349726f9c3c12f16d,1,60,0,0,0,ok,,eli2md 0.6.3,2026-09-29T23:24:45Z
MP/2025/482,2025,482,Postanowienie,Postanowienie Prezydenta Rzeczypospolitej Polskiej z dnia 29 kwietnia 2025 r. nr 110.33.2025 w sprawie odwołania Ambasadora Rzeczypospolitej Polskiej,2025-04-29,2025-05-21,2025-05-22T11:33:22,c407c0a350244f39a8b4bc9b033e26cf0c8b5d612b675020e9f7042dd23435ae,1,65,0,0,0,ok,,eli2md 0.6.3,2026-09-29T23:24:45Z
MP/2025/483,2025,483,Postanowienie,Postanowienie Prezydenta Rzeczypospolitej Polskiej z dnia 29 kwietnia 2025 r. nr 110.34.2025 w sprawie mianowania Ambasadora Rzeczypospolitej Polskiej,2025-04-29,2025-05-21,2025-05-22T11:33:22,4e8df177a77df0a1fe5f567a02728f3a17574f87f0c3254656389bd370259f6f,1,59,0,0,0,ok,,eli2md 0.6.3,2026-09-29T23:24:45Z
MP/2025/484,2025,484,Postanowienie,Postanowienie Prezydenta Rzeczypospolitej Polskiej z dnia 29 kwietnia 2025 r. nr 110.35.2025 w sprawie mianowania Ambasadora Rzeczypospolitej Polskiej,2025-04-29,2025-05-21,2025-05-22T11:33:22,3452c3e61a62fba14b2f8fff1a3467252d2c7dcdaeab5e609f09211977831a9f,1,58,0,0,0,ok,,eli2md 0.6.3,2026-09-29T23:24:45Z
MP/2025/485,2025,485,Uchwała,Uchwała Sejmu Rzeczypospolitej Polskiej z dnia 21 maja 2025 r. w sprawie wyrażenia zgody na przedłużenie okresu obowiązywania czasowego ograniczenia prawa do złożenia wniosku o udzielenie ochrony międzynarodowej na granicy państwowej z Republiką Białorusi,2025-05-21,2025-05-21,2026-01-16T10:35:36,04b0a93c3ea74205749b546f06baba0a6674705ac2f8c2e64e417c4cbd299402,1,136,0,0,0,ok,,eli2md 0.6.3,2026-09-29T23:24:45Z
MP/2025/486,2025,486,Postanowienie,Postanowienie Prezydenta Rzeczypospolitej Polskiej z dnia 29 kwietnia 2025 r. nr 110.36.2025 w sprawie mianowania Ambasadora Rzeczypospolitej Polskiej,2025-04-29,2025-05-22,2025-05-23T10:13:03,b7cb6791a71879d385955537c6204389cdd8831b29bdbb891d5eb6ceebc88f28,1,58,0,0,0,ok,,eli2md 0.6.3,2026-09-29T23:24:45Z
MP/2025/487,2025,487,Postanowienie,Postanowienie Prezydenta Rzeczypospolitej Polskiej z dnia 29 kwietnia 2025 r. nr 110.37.2025 w sprawie mianowania Ambasadora Rzeczypospolitej Polskiej,2025-04-29,2025-05-22,2025-05-23T10:13:03,c083fcc9e64597bde19f51e5f692f0dd406ae74ce9cbeecc6657d2121804ca12,1,59,0,0,0,ok,,eli2md 0.6.3,2026-09-29T23:24:45Z
MP/2025/488,2025,488,Postanowienie,Postanowienie Prezydenta Rzeczypospolitej Polskiej z dnia 29 kwietnia 2025 r. nr 110.38.2025 w sprawie mianowania Ambasadora Rzeczypospolitej Polskiej,2025-04-29,2025-05-22,2025-05-23T10:13:03,45590d995be5b6c641a5cd43c8588a30762823f38486822ab2ee4ca19c509f41,1,58,0,0,0,ok,,eli2md 0.6.3,2026-09-29T23:24:45Z
MP/2025/489,2025,489,Postanowienie,Postanowienie Prezydenta Rzeczypospolitej Polskiej z dnia 29 kwietnia 2025 r. nr 110.39.2025 w sprawie mianowania Ambasadora Rzeczypospolitej Polskiej,2025-04-29,2025-05-22,2025-05-23T10:13:03,974d2b8c4a416b3ae43e2d26cf61ed13709471ed7a64a992d4e8b6a28979b81c,1,59,0,0,0,ok,,eli2md 0.6.3,2026-09-29T23:24:45Z
MP/2025/490,2025,490,Postanowienie,Postanowienie Prezydenta Rzeczypospolitej Polskiej z dnia 29 kwietnia 2025 r. nr 110.40.2025 w sprawie odwołania Ambasadora Rzeczypospolitej Polskiej,2025-04-29,2025-05-22,2025-05-23T10:13:03,ddb28542ace2f900b0eef00f477f7dc66202a1a7889a55155609884f663b3f05,1,60,0,0,0,ok,,eli2md 0.6.3,2026-09-29T23:24:45Z
MP/2025/491,2025,491,Postanowienie,Postanowienie Prezydenta Rzeczypospolitej Polskiej z dnia 29 kwietnia 2025 r. nr 110.41.2025 w sprawie odwołania Ambasadora Rzeczypospolitej Polskiej,2025-04-29,2025-05-22,2025-05-23T10:13:03,58309cd32ec9f44c96f0c785792fbf661f9740efc09464ad68ede5a59acaea50,1,59,0,0,0,ok,,eli2md 0.6.3,2026-09-29T23:24:45Z
MP/2025/492,2025,492,Postanowienie,Postanowienie Prezydenta Rzeczypospolitej Polskiej z dnia 29 kwietnia 2025 r. nr 110.42.2025 w sprawie mianowania Ambasadora Rzeczypospolitej Polskiej,2025-04-29,2025-05-22,2025-05-23T10:13:04,ace79b43f0581e48ea404da99a32a6dbf0fad4e6bd057de0a2855dbf9e118b47,1,58,0,0,0,ok,,eli2md 0.6.3,2026-09-29T23:24:45Z
MP/2025/493,2025,493,Postanowienie,Postanowienie Prezydenta Rzeczypospolitej Polskiej z dnia 29 kwietnia 2025 r. nr 110.43.2025 w sprawie odwołania Ambasadora Rzeczypospolitej Polskiej,2025-04-29,2025-05-22,2025-05-23T10:13:04,9b6a5fd70c197695cdf735cec0cc2b1101a208b19c01280bb0d59045bbe91f56,1,60,0,0,0,ok,,eli2md 0.6.3,2026-09-29T23:24:45Z
MP/2025/494,2025,494,Postanowienie,Postanowienie Prezydenta Rzeczypospolitej Polskiej z dnia 29 kwietnia 2025 r. nr 110.44.2025 w sprawie odwołania Ambasadora Rzeczypospolitej Polskiej,2025-04-29,2025-05-22,2025-05-23T10:13:04,c9b7beacedddbb2562a93a5b787214e7b4d7b3ea2e1445c22feb8783076d1ad7,1,60,0,0,0,ok,,eli2md 0.6.3,2026-09-29T23:24:45Z
MP/2025/495,2025,495,Postanowienie,Postanowienie Prezydenta Rzeczypospolitej Polskiej z dnia 29 kwietnia 2025 r. nr 110.45.2025 w sprawie odwołania Ambasadora Rzeczypospolitej Polskiej,2025-04-29,2025-05-22,2025-05-23T10:13:04,1841a2b2238e4d5fb496da858fdfeec3450d2c9c72119206a7612896fb4c32fc,1,61,0,0,0,ok,,eli2md 0.6.3,2026-09-29T23:24:45Z
MP/2025/496,2025,496,Uchwała,Uchwała Senatu Rzeczypospolitej Polskiej z dnia 14 maja 2025 r. w sprawie ustanowienia roku 2026 Rokiem Robotniczych Protestów Czerwca 1976,2025-05-14,2025-05-22,2026-05-12T09:01:27,6e74773bffd719967bba7467d51773358215c8d032ac2226acad6756713277c5,2,569,0,0,0,ok,,eli2md 0.6.3,2026-09-29T23:24:45Z
MP/2025/497,2025,497,Uchwała,Uchwała Senatu Rzeczypospolitej Polskiej z dnia 14 maja 2025 r. o ustanowieniu roku 2026 Rokiem Jerzego Giedroycia,2025-05-14,2025-05-22,2026-05-12T09:01:27,33fa4d0603be8da5bb2aba4e0de9e85ccfb13fb93efac598fde5a7e4e9fbc314,2,589,0,0,0,ok,,eli2md 0.6.3,2026-09-29T23:24:45Z
MP/2025/498,2025,498,Obwieszczenie,Obwieszczenie Ministra Klimatu i Środowiska z dnia 20 maja 2025 r. w sprawie średniej krajowej dochodów gmin i powiatów w 2024 r. przypadających na jednego mieszkańca,2025-05-20,2025-05-22,2025-05-23T10:13:04,e6d7a7b3658330e51841726e956687b665e178ae5d8bec4049651d45467cce24,1,104,0,0,0,ok,,eli2md 0.6.3,2026-09-29T23:24:45Z
MP/2025/499,2025,499,Postanowienie,Postanowienie Prezydenta Rzeczypospolitej Polskiej z dnia 29 kwietnia 2025 r. nr 110.46.2025 w sprawie odwołania Ambasadora Rzeczypospolitej Polskiej,2025-04-29,2025-05-23,2025-05-26T11:09:20,8074a1fa016db66761e7166b861b806c72d595a9d8a5f6591328ee98a63c178a,1,60,0,0,0,ok,,eli2md 0.6.3,2026-09-29T23:24:45Z
MP/2025/500,2025,500,Postanowienie,Postanowienie Prezydenta Rzeczypospolitej Polskiej z dnia 29 kwietnia 2025 r. nr 110.47.2025 w sprawie odwołania Ambasadora Rzeczypospolitej Polskiej,2025-04-29,2025-05-23,2025-05-26T11:09:20,4fd39fb8b972a2cfd8c560ac9a6b48ee04dc59089cfad4523ca24b7996d5f929,1,59,0,0,0,ok,,eli2md 0.6.3,2026-09-29T23:24:45Z
MP/2025/501,2025,501,Postanowienie,Postanowienie Prezydenta Rzeczypospolitej Polskiej z dnia 29 kwietnia 2025 r. nr 110.48.2025 w sprawie mianowania Ambasadora Rzeczypospolitej Polskiej,2025-04-29,2025-05-23,2025-05-26T11:09:20,fcaf156ec669da4611f495c8f8a9e2c27a96ca423914e1f83f098e41f1105043,1,58,0,0,0,ok,,eli2md 0.6.3,2026-09-29T23:24:45Z
MP/2025/502,2025,502,Postanowienie,Postanowienie Prezydenta Rzeczypospolitej Polskiej z dnia 29 kwietnia 2025 r. nr 110.49.2025 w sprawie mianowania Ambasadora Rzeczypospolitej Polskiej,2025-04-29,2025-05-23,2025-05-26T11:09:20,d03f0086a0cb092c8a82b092ca010b85dbc5b889316a1491bfdaca24582e2542,1,57,0,0,0,ok,,eli2md 0.6.3,2026-09-29T23:24:45Z
MP/2025/503,2025,503,Postanowienie,Postanowienie Prezydenta Rzeczypospolitej Polskiej z dnia 29 kwietnia 2025 r. nr 110.50.2025 w sprawie mianowania Ambasadora Rzeczypospolitej Polskiej,2025-04-29,2025-05-23,2025-05-26T11:09:20,5323bd013aadfde37a5066c935242ec6eeca09167b37f8ba042f92222baea12e,1,59,0,0,0,ok,,eli2md 0.6.3,2026-09-29T23:24:45Z
MP/2025/504,2025,504,Postanowienie,Postanowienie Prezydenta Rzeczypospolitej Polskiej z dnia 29 kwietnia 2025 r. nr 110.51.2025 w sprawie odwołania Ambasadora Rzeczypospolitej Polskiej,2025-04-29,2025-05-23,2025-05-26T11:09:20,7e4aa0724a002ea2007a47bdae3eb82373b7eea3238aa71d73d2e9eb5cc78229,1,60,0,0,0,ok,,eli2md 0.6.3,2026-09-29T23:24:45Z
MP/2025/505,2025,505,Postanowienie,Postanowienie Prezydenta Rzeczypospolitej Polskiej z dnia 29 kwietnia 2025 r. nr 110.52.2025 w sprawie odwołania Ambasadora Rzeczypospolitej Polskiej,2025-04-29,2025-05-23,2025-05-26T11:09:20,431ed00156750c436e6f7e1f16706c76aa7ec3da423f826385dfbc5ec5aa2fc6,1,62,0,0,0,ok,,eli2md 0.6.3,2026-09-29T23:24:45Z
MP/2025/506,2025,506,Postanowienie,Postanowienie Prezydenta Rzeczypospolitej Polskiej z dnia 29 kwietnia 2025 r. nr 110.53.2025 w sprawie odwołania Ambasadora Rzeczypospolitej Polskiej,2025-04-29,2025-05-23,2025-05-26T11:09:20,3767e17fc2208fac48b9707ed9fc304899915cd91dcee4e86b939c923dbbc08a,1,64,0,0,0,ok,,eli2md 0.6.3,2026-09-29T23:24:45Z
MP/2025/507,2025,507,Postanowienie,Postanowienie Prezydenta Rzeczypospolitej Polskiej z dnia 29 kwietnia 2025 r. nr 110.54.2025 w sprawie mianowania Ambasadora Rzeczypospolitej Polskiej,2025-04-29,2025-05-23,2025-05-26T11:09:20,8ceab9fd36c9b7fb5fa84708ac59078cad91645002ddd51d066e5431957a30af,1,58,0,0,0,ok,,eli2md 0.6.3,2026-09-29T23:24:45Z
MP/2025/508,2025,508,Postanowienie,Postanowienie Prezydenta Rzeczypospolitej Polskiej z dnia 29 kwietnia 2025 r. nr 110.55.2025 w sprawie mianowania Ambasadora Rzeczypospolitej Polskiej,2025-04-29,2025-05-23,2025-05-26T11:09:20,30e5f16e8298014fe5545b9763f8954e90c82ecba5b9b44b8722c89ac9453cff,1,60,0,0,0,ok,,eli2md 0.6.3,2026-09-29T23:24:45Z
MP/2025/509,2025,509,Obwieszczenie,"Obwieszczenie Ministra Rodziny, Pracy i Polityki Społecznej z dnia 19 maja 2025 r. w sprawie wysokości kwoty premii",2025-05-19,2025-05-23,2025-05-26T11:09:20,5903712c02ddffda67644b275c9c01cad1e4d7de74a3424a6e0d3616e8a542df,1,79,0,0,0,ok,,eli2md 0.6.3,2026-09-29T23:24:45Z
MP/2025/510,2025,510,Obwieszczenie,"Obwieszczenie Ministra Rodziny, Pracy i Polityki Społecznej z dnia 19 maja 2025 r. w sprawie wysokości zasiłku dla bezrobotnych",2025-05-19,2025-05-23,2025-05-26T11:09:20,9c494f5c1c787740a11ed99f7fedc79e39bd6e929d5ba52b2cb7e766b38fdc98,1,99,0,0,0,ok,,eli2md 0.6.3,2026-09-29T23:24:45Z
MP/2025/511,2025,511,Postanowienie,Postanowienie Prezydenta Rzeczypospolitej Polskiej z dnia 29 kwietnia 2025 r. nr 110.56.2025 w sprawie odwołania Ambasadora Rzeczypospolitej Polskiej,2025-04-29,2025-05-23,2025-05-26T11:09:20,a29b36f1e908610894f0693a064fbb9662463a48ba1f51282d7676e19ea55e9a,1,61,0,0,0,ok,,eli2md 0.6.3,2026-09-29T23:24:45Z
MP/2025/512,2025,512,Postanowienie,Postanowienie Prezydenta Rzeczypospolitej Polskiej z dnia 29 kwietnia 2025 r. nr 110.57.2025 w sprawie odwołania Ambasadora Rzeczypospolitej Polskiej,2025-04-29,2025-05-23,2025-05-26T11:09:20,07137a11680d206380bb4c27ddaa36c8b6846e8d93d205eb42e7e1ab0a237c54,1,60,0,0,0,ok,,eli2md 0.6.3,2026-09-29T23:24:45Z
MP/2025/513,2025,513,Postanowienie,Postanowienie Prezydenta Rzeczypospolitej Polskiej z dnia 29 kwietnia 2025 r. nr 110.58.2025 w sprawie mianowania Ambasadora Rzeczypospolitej Polskiej,2025-04-29,2025-05-23,2025-05-26T11:09:20,8fbc4c67283a017464a8502a37eca18d8fc051acd9e801d0dcc2c0faaea6f2d2,1,59,0,0,0,ok,,eli2md 0.6.3,2026-09-29T23:24:45Z
MP/2025/514,2025,514,Postanowienie,Postanowienie Prezydenta Rzeczypospolitej Polskiej z dnia 29 kwietnia 2025 r. nr 110.59.2025 w sprawie mianowania Ambasadora Rzeczypospolitej Polskiej,2025-04-29,2025-05-23,2025-05-26T11:09:20,77f5f7280bb4e04fe143e3b50db6569b6414eced1b9a623b32f66bf439a04f8c,1,58,0,0,0,ok,,eli2md 0.6.3,2026-09-29T23:24:45Z
MP/2025/515,2025,515,Postanowienie,Postanowienie Prezydenta Rzeczypospolitej Polskiej z dnia 29 kwietnia 2025 r. nr 110.60.2025 w sprawie odwołania Ambasadora Rzeczypospolitej Polskiej,2025-04-29,2025-05-23,2025-05-26T11:09:20,01c06bcebec7795fd219faefb2b14f0e37ec0465704a74cc009f1928501f4685,1,60,0,0,0,ok,,eli2md 0.6.3,2026-09-29T23:24:45Z
MP/2025/516,2025,516,Postanowienie,Postanowienie Prezydenta Rzeczypospolitej Polskiej z dnia 29 kwietnia 2025 r. nr 110.61.2025 w sprawie mianowania Ambasadora Rzeczypospolitej Polskiej,2025-04-29,2025-05-26,2025-05-27T14:12:34,58ef273f3c1bf562a0011b67912526b6cc3063434e8702f6efd3e21dac7dc817,1,58,0,0,0,ok,,eli2md 0.6.3,2026-09-29T23:24:45Z
MP/2025/517,2025,517,Postanowienie,Postanowienie Prezydenta Rzeczypospolitej Polskiej z dnia 29 kwietnia 2025 r. nr 110.61.2025 w sprawie mianowania Ambasadora Rzeczypospolitej Polskiej,2025-04-29,2025-05-26,2025-05-27T14:12:34,aa3c67557c74272c9d6c9c2fad76f607e95960db6550401a808613f30f881a99,1,60,0,0,0,ok,,eli2md 0.6.3,2026-09-29T23:24:45Z
MP/2025/518,2025,518,Postanowienie,Postanowienie Prezydenta Rzeczypospolitej Polskiej z dnia 29 kwietnia 2025 r. nr 110.63.2025 w sprawie mianowania Ambasadora Rzeczypospolitej Polskiej,2025-04-29,2025-05-26,2025-05-27T14:12:34,60004db0759d1c94bd8281d7f630f741cf6210070537fab18a21de6925dff606,1,58,0,0,0,ok,,eli2md 0.6.3,2026-09-29T23:24:45Z
MP/2025/519,2025,519,Postanowienie,Postanowienie Prezydenta Rzeczypospolitej Polskiej z dnia 29 kwietnia 2025 r. nr 110.64.2025 w sprawie odwołania Ambasadora Rzeczypospolitej Polskiej,2025-04-29,2025-05-26,2025-05-27T14:12:34,a8fe052e02075bc3c56acb381c6b408b9e28bdab6f2da17424424108f27ed27b,1,60,0,0,0,ok,,eli2md 0.6.3,2026-09-29T23:24:45Z
MP/2025/520,2025,520,Postanowienie,Postanowienie Prezydenta Rzeczypospolitej Polskiej z dnia 29 kwietnia 2025 r. nr 110.65.2025 w sprawie mianowania Ambasadora Rzeczypospolitej Polskiej,2025-04-29,2025-05-26,2025-05-27T14:12:34,3f93da169b41915cdef92a0b89607e3a90658462274427da13142f8a311661fc,1,58,0,0,0,ok,,eli2md 0.6.3,2026-09-29T23:24:45Z
MP/2025/521,2025,521,Postanowienie,Postanowienie Prezydenta Rzeczypospolitej Polskiej z dnia 29 kwietnia 2025 r. nr 110.66.2025 w sprawie odwołania Ambasadora Rzeczypospolitej Polskiej,2025-04-29,2025-05-26,2025-05-27T14:12:34,5c005507daec517b22a097c3377fe4cef7bb0ab40caedef9a44a504153bce10e,1,60,0,0,0,ok,,eli2md 0.6.3,2026-09-29T23:24:45Z
MP/2025/522,2025,522,Postanowienie,Postanowienie Prezydenta Rzeczypospolitej Polskiej z dnia 29 kwietnia 2025 r. nr 110.67.2025 w sprawie mianowania Ambasadora Rzeczypospolitej Polskiej,2025-04-29,2025-05-26,2025-05-27T14:12:34,7c18d5c98eabd95750dfd9fc96e244df11d00715add8d5c513c53f0abc7a5a72,1,58,0,0,0,ok,,eli2md 0.6.3,2026-09-29T23:24:45Z
MP/2025/523,2025,523,Zarządzenie,"Zarządzenie nr 14/2025 Prezesa Narodowego Banku Polskiego z dnia 22 maja 2025 r. w sprawie ustalenia wzorów, próby, masy i wielkości emisji monet o wartości nominalnej 10 zł i 500 zł, z serii ""Hetmani Rzeczypospolitej"" - Stanisław Żółkiewski",2025-05-22,2025-05-26,2025-05-27T14:12:34,ab57225e1a35d844e7253f46fa90d617754b852b83df9ed100fb6dfb8cd7ce2e,3,288,0,0,0,ok,,eli2md 0.6.3,2026-09-29T23:24:45Z
MP/2025/524,2025,524,Uchwała,Uchwała Sejmu Rzeczypospolitej Polskiej z dnia 21 maja 2025 r. w sprawie zmiany Regulaminu Sejmu Rzeczypospolitej Polskiej,2025-05-21,2025-05-27,2026-06-10T10:17:43,d6539376062e8f4df06f76f638fb7cf2aabc441f77347e2c8860bd7a2db9c100,2,599,0,0,0,ok,,eli2md 0.6.3,2026-09-29T23:24:45Z
MP/2025/525,2025,525,Postanowienie,Postanowienie Prezydenta Rzeczypospolitej Polskiej z dnia 27 marca 2025 r. nr rej. 164/2025 o nadaniu orderu,2025-03-27,2025-05-27,2025-05-28T11:10:59,373dfd8466105ce67a1a62697cd2db9eeb2f1ddfa335de4dd5a396c9b6ed95df,1,73,0,0,0,ok,,eli2md 0.6.3,2026-09-29T23:24:45Z
MP/2025/526,2025,526,Postanowienie,Postanowienie Prezydenta Rzeczypospolitej Polskiej z dnia 21 maja 2025 r. nr rej. 298/2025 o zmianie postanowienia o nadaniu odznaczenia,2025-05-21,2025-05-27,2025-05-28T11:10:59,3e5cf091fa78430a2118ff1722c1947e74d95e42c174502b5e2a1e12d1a6328b,1,106,0,0,0,ok,,eli2md 0.6.3,2026-09-29T23:24:45Z
MP/2025/527,2025,527,Obwieszczenie,"Obwieszczenie Ministra Finansów z dnia 23 maja 2025 r. w sprawie ogłoszenia kwot, o których mowa w art. 38 i art. 38a ustawy o finansach publicznych",2025-05-23,2025-05-28,2025-05-29T10:36:19,a95f6b3f7db97dd832a271d3f8e0f6b9eff8efba52a6856c7e35819f181e98a2,1,289,0,0,0,ok,,eli2md 0.6.3,2026-09-29T23:24:45Z
MP/2025/528,2025,528,Uchwała,Uchwała nr 3/2025 Rady Polityki Pieniężnej z dnia 6 maja 2025 r. w sprawie oceny działalności Zarządu Narodowego Banku Polskiego w zakresie realizacji założeń polityki pieniężnej na rok 2024,2025-05-06,2025-05-29,2025-05-30T11:39:33,7c52f914656eb685505d63c7bed76c56bbac072222d794c8904cfe0fd718b780,34,9972,0,1,0,ok,,eli2md 0.6.3,2026-09-29T23:24:45Z
MP/2025/529,2025,529,Uchwała,Uchwała nr 2/2025 Rady Polityki Pieniężnej z dnia 6 maja 2025 r. w sprawie przyjęcia sprawozdania z wykonania założeń polityki pieniężnej na rok 2024,2025-05-06,2025-05-29,2025-05-30T11:39:33,41033a2d8e0f02279f98a8474a4c5586758865f81353f8cffa4abaaf40ea452c,1,113,0,0,0,ok,,eli2md 0.6.3,2026-09-29T23:24:45Z
MP/2025/530,2025,530,Komunikat,"Komunikat Ministra Cyfryzacji z dnia 28 maja 2025 r. w sprawie określenia dnia wdrożenia rozwiązań technicznych umożliwiających udostępnianie legitymacji studenckiej w postaci dokumentu mobilnego, o którym mowa w art. 2 pkt 7 ustawy z dnia 26 maja 2023 r. o aplikacji mObywatel",2025-05-28,2025-05-29,2025-05-30T11:39:33,47b26220b0c2153562a05c8cc5b8eb0ef9c3cc7b9bc684caf16a4e155f294f61,1,124,0,0,0,ok,,eli2md 0.6.3,2026-09-29T23:24:45Z
MP/2025/531,2025,531,Komunikat,Komunikat Prezesa Głównego Urzędu Statystycznego z dnia 28 maja 2025 r. w sprawie wskaźnika cen towarowej produkcji rolniczej w 2024 r.,2025-05-28,2025-05-30,2025-06-02T11:39:23,38cb8ad6647a6874545cc348305622db49e2290ed62c33c08cc5e79d10c47790,1,81,0,0,0,ok,,eli2md 0.6.3,2026-09-29T23:24:45Z
MP/2025/532,2025,532,Obwieszczenie,Obwieszczenie Ministra Klimatu i Środowiska z dnia 30 maja 2025 r. w sprawie parametrów aukcji uzupełniającej na okres dostaw przypadający na rok 2026,2025-05-30,2025-05-30,2025-06-02T11:39:23,655f3cf921ae09a24d48c52864e17616c6bccac18698edb8e451a31fc07dfc31,2,525,0,0,0,ok,,eli2md 0.6.3,2026-09-29T23:24:45Z
MP/2025/533,2025,533,Uchwała,Uchwała Sejmu Rzeczypospolitej Polskiej z dnia 21 maja 2025 r. w sprawie upamiętnienia Marii Dąbrowskiej w 60. rocznicę śmierci,2025-05-21,2025-06-02,2026-05-12T09:01:27,e49f70b0a31300285c27271052d0e35e4436eeb01efaee8dfe6ca70c4f4d0bb2,1,318,0,0,0,ok,,eli2md 0.6.3,2026-09-29T23:24:45Z
MP/2025/534,2025,534,Uchwała,Uchwała Sejmu Rzeczypospolitej Polskiej z dnia 21 maja 2025 r. w sprawie uczczenia 100-lecia istnienia Uniwersytetu Ekonomicznego w Krakowie,2025-05-21,2025-06-02,2026-05-12T09:01:27,66ae83f69e79dc6a63723fcd6c6d127916ab3be4121d81a12cec908148aabcb6,1,197,0,0,0,ok,,eli2md 0.6.3,2026-09-29T23:24:45Z
MP/2025/535,2025,535,Uchwała,Uchwała Sejmu Rzeczypospolitej Polskiej z dnia 21 maja 2025 r. w sprawie uczczenia 35. rocznicy odrodzenia samorządu terytorialnego w Polsce,2025-05-21,2025-06-02,2026-05-12T09:01:27,d756b6b9d0455945a923515aa1b9373efd3115ce599ff51f04694af7b1e82c6d,1,199,0,0,0,ok,,eli2md 0.6.3,2026-09-29T23:24:45Z
MP/2025/536,2025,536,Uchwała,Uchwała Senatu Rzeczypospolitej Polskiej z dnia 28 maja 2025 r. w 120. rocznicę urodzin Mieczysława Bekkera,2025-05-28,2025-06-02,2026-05-12T09:01:27,b75c5ed2918e266d157f228b4a2214673bebe54d1c07af50e3ac2dd949385d3d,1,521,0,0,0,ok,,eli2md 0.6.3,2026-09-29T23:24:45Z
MP/2025/537,2025,537,Uchwała,Uchwała Senatu Rzeczypospolitej Polskiej z dnia 28 maja 2025 r. w sprawie promowania idei spółdzielczości,2025-05-28,2025-06-03,2025-06-04T11:53:46,f660be48255792580b25a485c7e7457c7e204d921c03f1216d4e651117a67605,1,280,0,0,0,ok,,eli2md 0.6.3,2026-09-29T23:24:45Z
MP/2025/538,2025,538,Zarządzenie,"Zarządzenie nr 15/2025 Prezesa Narodowego Banku Polskiego z dnia 29 maja 2025 r. w sprawie ustalenia wzoru, próby, masy i wielkości emisji monety o wartości nominalnej 10 zł, upamiętniającej 80. rocznicę powrotu Polski na Ziemie Zachodnie i Północne",2025-05-29,2025-06-03,2025-06-04T11:53:46,2078e5cdf3b6d3bef8ec215a91da9257fbca20cc9223cb7611793ad1815cdc7f,2,215,0,0,0,ok,,eli2md 0.6.3,2026-09-29T23:24:45Z
MP/2025/539,2025,539,Obwieszczenie,Obwieszczenie Ministra Sprawiedliwości z dnia 30 maja 2025 r. w sprawie wysokości odsetek ustawowych,2025-05-30,2025-06-04,2025-06-05T10:54:51,fba08fd4be103e03461e2bed1e12846bfc4af4139ae9dfa5244a9456ae35f25f,1,61,0,0,0,ok,,eli2md 0.6.3,2026-09-29T23:24:45Z
MP/2025/540,2025,540,Obwieszczenie,Obwieszczenie Ministra Sprawiedliwości z dnia 30 maja 2025 r. w sprawie wysokości odsetek ustawowych za opóźnienie,2025-05-30,2025-06-04,2025-06-05T10:54:51,44bf3e75676cf25fc8474fd29f743901e5d1a3a518fdf78e10133882b1fa19a4,1,65,0,0,0,ok,,eli2md 0.6.3,2026-09-29T23:24:45Z
MP/2025/541,2025,541,Uchwała,Uchwała nr 72 Rady Ministrów z dnia 27 maja 2025 r. w sprawie zatwierdzenia Programu Ochrony Ludności i Obrony Cywilnej na lata 2025-2026,2025-05-27,2025-06-04,2025-11-06T00:00:00,23876fac7401142c2934955d8c1e3d1b9d4f048ec6fb0da14bf555fe95a653c6,49,17076,0,0,0,ok,,eli2md 0.6.3,2026-09-29T23:24:45Z
MP/2025/542,2025,542,Komunikat,Komunikat Ministra Rolnictwa i Rozwoju Wsi z dnia 28 maja 2025 r. w sprawie zmienionych wytycznych szczegółowych w zakresie przyznawania i wypłaty pomocy finansowej w ramach Planu Strategicznego dla Wspólnej Polityki Rolnej na lata 2023-2027 dla interwencji I.10.2 Inwestycje w gospodarstwach rolnych w zakresie OZE i poprawy efektywności energetycznej,2025-05-28,2025-06-04,2025-06-05T10:54:51,0a6ae8309efd5a0f4601be72c1c0d1dfea0934961fad0f10c3afc3fc95649a20,1,187,0,0,0,ok,,eli2md 0.6.3,2026-09-29T23:24:45Z
MP/2025/543,2025,543,Umowa międzynarodowa,"Umowa między Rządem Rzeczypospolitej Polskiej a Rządem Republiki Federalnej Niemiec o zmianie Umowy między Rządem Rzeczypospolitej Polskiej a Rządem Republiki Federalnej Niemiec o współpracy w ramach Polsko-Niemieckiej Fundacji na rzecz Nauki, podpisanej w Warszawie dnia 2 czerwca 2008 r., zmienionej Umową podpisaną w Berlinie dnia 14 listopada 2012 r., podpisana w Warszawie dnia 21 czerwca 2023 r.",2023-06-21,2025-06-04,2025-06-05T10:54:51,d2417789a012cbffed20e4d6440b31c05c22ea6a5ff60acb76a49969c14439ad,7,682,6,1,6,ok,,eli2md 0.6.3,2026-09-29T23:24:45Z
MP/2025/544,2025,544,Oświadczenie rządowe,"Oświadczenie rządowe z dnia 29 kwietnia 2025 r. w sprawie związania Rzeczypospolitej Polskiej Umową między Rządem Rzeczypospolitej Polskiej a Rządem Republiki Federalnej Niemiec o zmianie Umowy między Rządem Rzeczypospolitej Polskiej a Rządem Republiki Federalnej Niemiec o współpracy w ramach Polsko-Niemieckiej Fundacji na rzecz Nauki, podpisanej w Warszawie dnia 2 czerwca 2008 r., zmienionej Umową podpisaną w Berlinie dnia 14 listopada 2012 r., podpisaną w Warszawie dnia 21 czerwca 2023 r.",2025-04-29,2025-06-04,2025-06-05T10:54:52,29c75cb638f03cf96d94f5f7b8f6d7d2fe158fcd7946f895a7dd5d355da05f75,1,203,0,0,0,ok,,eli2md 0.6.3,2026-09-29T23:24:45Z
MP/2025/545,2025,545,Obwieszczenie,"Obwieszczenie Prezesa Kasy Rolniczego Ubezpieczenia Społecznego z dnia 4 czerwca 2025 r. w sprawie wysokości miesięcznej składki na ubezpieczenie wypadkowe, chorobowe i macierzyńskie w III kwartale 2025 r.",2025-06-04,2025-06-05,2025-06-06T11:04:06,a324f98cb72aa94419e2347037c99e6d63f65a0c2e8717d35a4870db534884d2,1,85,0,0,0,ok,,eli2md 0.6.3,2026-09-29T23:24:45Z
MP/2025/546,2025,546,Komunikat,"Komunikat Ministra Spraw Wewnętrznych i Administracji z dnia 3 czerwca 2025 r. o podjęciu przez Radę Ministrów uchwały w sprawie ustanowienia programu wieloletniego pod nazwą ""Oświęcimski strategiczny program rządowy - Etap VII 2026-2030""",2025-06-03,2025-06-05,2025-06-06T11:04:07,43f0f22dfcbcc662b5f76774407f9ee9da20e72902eee5b10c2183f17185ab2f,1,137,0,0,0,ok,,eli2md 0.6.3,2026-09-29T23:24:45Z
MP/2025/547,2025,547,Komunikat,Komunikat Prezesa Zakładu Ubezpieczeń Społecznych z dnia 4 czerwca 2025 r. w sprawie wysokości odsetek należnych z tytułu nieprzekazania w terminie składek do otwartego funduszu emerytalnego,2025-06-04,2025-06-05,2025-06-06T11:04:07,080a9b3976a5232fddc6774d2bedf688ed513562aff25c19b8259dce0b303b98,1,92,0,0,0,ok,,eli2md 0.6.3,2026-09-29T23:24:45Z
MP/2025/548,2025,548,Komunikat,"Komunikat Prezesa Zakładu Ubezpieczeń Społecznych z dnia 4 czerwca 2025 r. w sprawie wysokości wskaźnika kwartalnej waloryzacji składek na ubezpieczenie emerytalne, środków, odsetek za zwłokę i opłaty prolongacyjnej, zewidencjonowanych na subkoncie, za I kwartał 2025 r.",2025-06-04,2025-06-05,2025-06-06T11:04:07,8be28f515204d5bad982bb91a675fdf767a572b5c5cd18dcbd32ec9127aba8e0,1,97,0,0,0,ok,,eli2md 0.6.3,2026-09-29T23:24:45Z
MP/2025/549,2025,549,Obwieszczenie,"Obwieszczenie Ministra Spraw Wewnętrznych i Administracji z dnia 3 czerwca 2025 r. w sprawie wykazu zawodów, których wykonywanie skutkuje uznaniem posiadania przez cudzoziemca kwalifikacji zawodowych uzyskanych w wyniku trzyletniego doświadczenia zawodowego, odpowiadającego treści załącznika I do dyrektywy Parlamentu Europejskiego i Rady (UE) 2021/1883 z dnia 20 października 2021 r. w sprawie warunków wjazdu i pobytu obywateli państw trzecich w celu zatrudnienia w zawodzie wymagającym wysokich kwalifikacji oraz uchylenia dyrektywy Rady 2009/50/WE",2025-06-03,2025-06-06,2025-06-09T10:39:26,99b99b76617aabdae45e8548456e492722f17ac6b24de50c6a6cf51c738a4980,3,655,0,0,0,ok,,eli2md 0.6.3,2026-09-29T23:24:45Z
MP/2025/550,2025,550,Zarządzenie,Zarządzenie nr 23 Prezesa Rady Ministrów z dnia 4 czerwca 2025 r. w sprawie Międzyresortowego Zespołu do spraw Rozwoju Przemysłu Obronnego,2025-06-04,2025-06-06,2025-06-10T10:02:15,4343a080c174eadd2bc1bd1ab1aec5801d9aefc9d1f1d0865d06d4623840ba0e,3,898,0,0,0,ok,,eli2md 0.6.3,2026-09-29T23:24:45Z
MP/2025/551,2025,551,Zarządzenie,Zarządzenie nr 22 Prezesa Rady Ministrów z dnia 5 czerwca 2025 r. w sprawie nadania statutu Biuru Rzecznika Finansowego,2025-06-05,2025-06-09,2025-06-10T11:19:44,8fd05849c158550015250e053dc756ccd7098a6a8f7e537798acc2360c8c2fd8,2,461,0,0,0,ok,,eli2md 0.6.3,2026-09-29T23:24:45Z
MP/2025/552,2025,552,Postanowienie,Postanowienie Prezydenta Rzeczypospolitej Polskiej z dnia 2 kwietnia 2025 r. nr rej. 40/2025 o nadaniu odznaczeń,2025-04-02,2025-06-09,2025-06-10T11:19:44,609f68b988018f1024809064775e012c2a4e28a89398b37235196f1394306b1b,2,247,0,0,0,ok,,eli2md 0.6.3,2026-09-29T23:24:45Z
MP/2025/553,2025,553,Postanowienie,Postanowienie Prezydenta Rzeczypospolitej Polskiej z dnia 23 kwietnia 2025 r. nr rej. 77/2025 o nadaniu odznaczeń,2025-04-23,2025-06-09,2025-06-10T11:19:44,98db8ecb819804cfa48d28b1032fcb33ba3f6179be8c7adfb2273d8006bdd399,3,332,0,0,0,ok,,eli2md 0.6.3,2026-09-29T23:24:45Z
MP/2025/554,2025,554,Postanowienie,Postanowienie Prezydenta Rzeczypospolitej Polskiej z dnia 16 kwietnia 2025 r. nr rej. 98/2025 o nadaniu odznaczeń,2025-04-16,2025-06-09,2025-06-10T11:19:44,16164012401e86e753b88bff23af149f4dac30917d58643c16e8ed165063f6f2,2,168,0,0,0,ok,,eli2md 0.6.3,2026-09-29T23:24:45Z
MP/2025/555,2025,555,Postanowienie,Postanowienie Prezydenta Rzeczypospolitej Polskiej z dnia 16 kwietnia 2025 r. nr rej. 166/2025 o nadaniu odznaczeń,2025-04-16,2025-06-09,2025-06-10T11:19:44,d59a934df91bef1c5595876b3dc8d5c0c2bf28c0dc81c5fdc260c12b931abe59,1,104,0,0,0,ok,,eli2md 0.6.3,2026-09-29T23:24:45Z
MP/2025/556,2025,556,Postanowienie,Postanowienie Prezydenta Rzeczypospolitej Polskiej z dnia 16 kwietnia 2025 r. nr rej. 167/2025 o nadaniu odznaczeń,2025-04-16,2025-06-09,2025-06-10T11:19:44,c2aa61a418085f0a72b1424c46db510480be6db78558c7b64c9b5d5af98ccff3,2,196,0,0,0,ok,,eli2md 0.6.3,2026-09-29T23:24:45Z
MP/2025/557,2025,557,Obwieszczenie,Obwieszczenie Prezesa Rady Ministrów z dnia 5 czerwca 2025 r. w sprawie ogłoszenia jednolitego tekstu zarządzenia Prezesa Rady Ministrów w sprawie nadania statutu Ministerstwu Funduszy i Polityki Regionalnej,2025-06-05,2025-06-09,2025-06-10T11:19:44,bf6c2c044953f1ef9a7d2fea48460f9d108c0b9e02d084df2a76f47efd701895,4,694,0,0,0,ok,,eli2md 0.6.3,2026-09-29T23:24:45Z
MP/2025/558,2025,558,Postanowienie,Postanowienie Prezydenta Rzeczypospolitej Polskiej z dnia 2 kwietnia 2025 r. nr rej. 180/2025 o nadaniu odznaczeń,2025-04-16,2025-06-09,2025-06-10T11:19:44,0ca79cc661696018b3dfafb59879d62e38f9c486af915b4ffe9ca56263a6f71d,2,266,0,0,0,ok,,eli2md 0.6.3,2026-09-29T23:24:45Z
MP/2025/559,2025,559,Postanowienie,Postanowienie Prezydenta Rzeczypospolitej Polskiej z dnia 2 kwietnia 2025 r. nr rej. 180/2025 o nadaniu odznaczeń,2025-04-02,2025-06-09,2025-06-10T11:19:44,88ecf5b0f1a9bbf5020a374d2f74b6b05d3928ab8ebba7849764d283ddb52317,1,131,0,0,0,ok,,eli2md 0.6.3,2026-09-29T23:24:45Z
MP/2025/560,2025,560,Postanowienie,Postanowienie Prezydenta Rzeczypospolitej Polskiej z dnia 2 kwietnia 2025 r. nr rej. 196/2025 o nadaniu orderu,2025-04-02,2025-06-09,2025-06-10T11:19:44,cc3e98eb982547f1563104ab586ed576576e2579b0d59ba4b0d1b441d6808658,1,77,0,0,0,ok,,eli2md 0.6.3,2026-09-29T23:24:45Z
MP/2025/561,2025,561,Postanowienie,Postanowienie Prezydenta Rzeczypospolitej Polskiej z dnia 4 kwietnia 2025 r. nr rej. 197/2025 o nadaniu odznaczenia,2025-04-04,2025-06-09,2025-06-10T11:19:44,1ece76172c18b109a4672d9af307cf5e52a2cd4d05101a25517252bb6be6712c,1,70,0,0,0,ok,,eli2md 0.6.3,2026-09-29T23:24:45Z
MP/2025/562,2025,562,Postanowienie,Postanowienie Prezydenta Rzeczypospolitej Polskiej z dnia 9 kwietnia 2025 r. nr rej. 199/2025 o nadaniu odznaczeń,2025-04-09,2025-06-09,2025-06-10T11:19:44,e7fa1308f38a657513a9c3960007da76911084375a89f0b20e9a46be4fd0ee41,2,193,0,0,0,ok,,eli2md 0.6.3,2026-09-29T23:24:45Z
MP/2025/563,2025,563,Postanowienie,Postanowienie Prezydenta Rzeczypospolitej Polskiej z dnia 7 kwietnia 2025 r. nr rej. 200/2025 o nadaniu orderów i odznaczeń,2025-04-07,2025-06-09,2025-06-10T11:19:44,113005a10bf005b68340017af5832df1cd405b63246156676b09dd39b92144f5,2,298,0,0,0,ok,,eli2md 0.6.3,2026-09-29T23:24:45Z
MP/2025/564,2025,564,Postanowienie,Postanowienie Prezydenta Rzeczypospolitej Polskiej z dnia 16 kwietnia 2025 r. nr rej. 204/2025 o nadaniu odznaczeń,2025-04-16,2025-06-09,2025-06-10T11:19:44,d92b7eb38736e34c39d117400c4b2b741fd6e7306bcb546e1c5138542f8ec902,3,438,0,0,0,ok,,eli2md 0.6.3,2026-09-29T23:24:45Z
MP/2025/565,2025,565,Postanowienie,Postanowienie Prezydenta Rzeczypospolitej Polskiej z dnia 8 kwietnia 2025 r. nr rej. 208/2025 o nadaniu odznaczenia,2025-04-08,2025-06-09,2025-06-10T11:19:44,c2f3eb7e9666d96a976f0666f496a4cba410e67768dba8224a44a51eef81ce46,1,77,0,0,0,ok,,eli2md 0.6.3,2026-09-29T23:24:45Z
MP/2025/566,2025,566,Postanowienie,Postanowienie Prezydenta Rzeczypospolitej Polskiej z dnia 22 kwietnia 2025 r. nr rej. 213/2025 o zmianie postanowienia o nadaniu orderów i odznaczeń,2025-04-22,2025-06-09,2025-06-10T11:19:44,150d1347b1c9cc90683b71f2bf73ce92404541834540eff15d8fdc77f1393db8,1,116,0,0,0,ok,,eli2md 0.6.3,2026-09-29T23:24:45Z
MP/2025/567,2025,567,Postanowienie,Postanowienie Prezydenta Rzeczypospolitej Polskiej z dnia 16 kwietnia 2025 r. nr rej. 214/2025 o nadaniu odznaczenia,2025-04-16,2025-06-09,2025-06-10T11:19:44,a61cc25520405d7a2e4240776a0850fd92ebe85b404782c128d440d77a516a38,1,83,0,0,0,ok,,eli2md 0.6.3,2026-09-29T23:24:45Z
MP/2025/568,2025,568,Postanowienie,Postanowienie Prezydenta Rzeczypospolitej Polskiej z dnia 16 kwietnia 2025 r. nr rej. 219/2025 o nadaniu orderu,2025-04-16,2025-06-09,2025-06-10T11:19:44,5b6af374671f7eaade0085edc829d904476dafaf758c1d8043f9722e693ac7f7,1,82,0,0,0,ok,,eli2md 0.6.3,2026-09-29T23:24:45Z
MP/2025/569,2025,569,Postanowienie,Postanowienie Prezydenta Rzeczypospolitej Polskiej z dnia 22 kwietnia 2025 r. nr rej. 224/2025 o nadaniu orderów i odznaczeń,2025-04-22,2025-06-10,2025-06-11T10:35:13,2b422aa8c0375e213be980c6d8e96b7ed3a2cb1db91b947324c55dcc117f5f74,1,152,0,0,0,ok,,eli2md 0.6.3,2026-09-29T23:24:45Z
MP/2025/570,2025,570,Postanowienie,Postanowienie Prezydenta Rzeczypospolitej Polskiej z dnia 17 kwietnia 2025 r. nr rej. 225/2025 o nadaniu orderu,2025-04-17,2025-06-10,2025-06-11T10:35:13,5e6bd284a95c4dfc7be030207619985cfd64d755008f9c5f17c0f48a03ab7e56,1,74,0,0,0,ok,,eli2md 0.6.3,2026-09-29T23:24:45Z
MP/2025/571,2025,571,Postanowienie,Postanowienie Prezydenta Rzeczypospolitej Polskiej z dnia 23 kwietnia 2025 r. nr rej. 226/2025 o nadaniu orderu i odznaczenia,2025-04-23,2025-06-10,2025-06-11T10:35:13,c051712b5f60f6debf0975383e250f1a723f1fb3847d8feae1b0ca52c4d2f3d5,1,112,0,0,0,ok,,eli2md 0.6.3,2026-09-29T23:24:45Z
MP/2025/572,2025,572,Postanowienie,Postanowienie Prezydenta Rzeczypospolitej Polskiej z dnia 23 kwietnia 2025 r. nr rej. 228/2025 o nadaniu orderu,2025-04-23,2025-06-10,2025-06-11T10:35:13,b53b3e80d9664f25eba86febb1ed8c3c49c74c00b886020391da26a822d3f77e,1,84,0,0,0,ok,,eli2md 0.6.3,2026-09-29T23:24:45Z
MP/2025/573,2025,573,Postanowienie,Postanowienie Prezydenta Rzeczypospolitej Polskiej z dnia 23 kwietnia 2025 r. nr rej. 229/2025 o nadaniu odznaczeń,2025-04-23,2025-06-10,2025-06-11T10:35:13,a388bdbfd9401a8a5436a409e4efd57a9e638883744ca502e7421575b1344a70,1,99,0,0,0,ok,,eli2md 0.6.3,2026-09-29T23:24:45Z
MP/2025/574,2025,574,Postanowienie,Postanowienie Prezydenta Rzeczypospolitej Polskiej z dnia 28 kwietnia 2025 r. nr rej. 231/2025 o nadaniu orderów,2025-04-28,2025-06-10,2025-06-11T10:35:13,94df80c7d6ebf45760260f45ee8e98888fa35554944b3d1b26be747851377c35,1,118,0,0,0,ok,,eli2md 0.6.3,2026-09-29T23:24:45Z
MP/2025/575,2025,575,Postanowienie,Postanowienie Prezydenta Rzeczypospolitej Polskiej z dnia 28 kwietnia 2025 r. nr rej. 232/2025 o nadaniu odznaczeń,2025-04-28,2025-06-10,2025-06-11T10:35:13,58bef32af900697303d09e907e4d32a690ee215d8104de7745ff0048dafd2ee0,1,87,0,0,0,ok,,eli2md 0.6.3,2026-09-29T23:24:45Z
MP/2025/576,2025,576,Postanowienie,Postanowienie Prezydenta Rzeczypospolitej Polskiej z dnia 29 kwietnia 2025 r. nr rej. 233/2025 o nadaniu odznaczeń,2025-04-29,2025-06-10,2025-06-11T10:35:13,44cea6232408992685961108f1b77a72eb1cd57cf7585b162bc7760a9d2fedc0,3,374,0,0,0,ok,,eli2md 0.6.3,2026-09-29T23:24:45Z
MP/2025/577,2025,577,Postanowienie,Postanowienie Prezydenta Rzeczypospolitej Polskiej z dnia 28 kwietnia 2025 r. nr rej. 234/2025 o nadaniu orderów,2025-04-28,2025-06-10,2025-06-11T10:35:13,e1697def7085bf38dffde24a6489d77b27ad40e56527f37f5024d846d5e832ca,1,81,0,0,0,ok,,eli2md 0.6.3,2026-09-29T23:24:45Z
MP/2025/578,2025,578,Postanowienie,Postanowienie Prezydenta Rzeczypospolitej Polskiej z dnia 29 kwietnia 2025 r. nr rej. 245/2025 o nadaniu orderu i odznaczeń,2025-04-29,2025-06-10,2025-06-11T10:35:13,93e952935e5dafa88160dcd73e5712802c9fccf1a7ccb5e96d248a7bc448df11,1,108,0,0,0,ok,,eli2md 0.6.3,2026-09-29T23:24:45Z
MP/2025/579,2025,579,Postanowienie,Postanowienie Prezydenta Rzeczypospolitej Polskiej z dnia 29 kwietnia 2025 r. nr rej 251/2025 o nadaniu odznaczenia,2025-04-29,2025-06-10,2025-06-11T10:35:13,af09b223ed1c485809c9ff4cd0e62436feded1a495c41172e5f2a33f7a87c0af,1,69,0,0,0,ok,,eli2md 0.6.3,2026-09-29T23:24:45Z
MP/2025/580,2025,580,Postanowienie,Postanowienie Prezydenta Rzeczypospolitej Polskiej z dnia 30 kwietnia 2025 r. nr rej. 255/2025 o nadaniu orderu,2025-04-30,2025-06-10,2025-06-11T10:35:13,e235971c224a99b320b526b9635c31017c3bf5491cab6504fedb9bba7a0ec394,1,81,0,0,0,ok,,eli2md 0.6.3,2026-09-29T23:24:45Z
MP/2025/581,2025,581,Postanowienie,Postanowienie Prezydenta Rzeczypospolitej Polskiej z dnia 6 czerwca 2025 r. o przedłużeniu okresu użycia Polskiego Kontyngentu Wojskowego w Siłach Międzynarodowych w Republice Kosowa i Republice Macedonii Północnej oraz w Bośni i Hercegowinie,2025-06-06,2025-06-11,2025-06-12T10:05:13,1fe933502dd4ac2db8c36f1b84349285f2af5c81e560b25fe071f11196978760,1,260,0,0,0,ok,,eli2md 0.6.3,2026-09-29T23:24:45Z
MP/2025/582,2025,582,Postanowienie,Postanowienie Prezydenta Rzeczypospolitej Polskiej z dnia 6 czerwca 2025 r. o przedłużeniu okresu użycia Polskiego Kontyngentu Wojskowego w składzie sił wzmocnionej Wysuniętej Obecności Organizacji Traktatu Północnoatlantyckiego w Republice Łotewskiej oraz Republice Estońskiej i Republice Litewskiej,2025-06-06,2025-06-11,2025-06-12T10:05:13,432659960d2a9497fa508fafc4932cea47b5ebdb039fc6694eddf33ca5acdc58,1,274,0,0,0,ok,,eli2md 0.6.3,2026-09-29T23:24:45Z
MP/2025/583,2025,583,Obwieszczenie,"Obwieszczenie Ministra Rodziny, Pracy i Polityki Społecznej z dnia 9 czerwca 2025 r. w sprawie wskaźnika waloryzacji składek na ubezpieczenie emerytalne za I kwartał 2025 r.",2025-06-09,2025-06-11,2025-06-12T10:05:13,bd90bd60244c3ec4156aeb4829081b118935b03e6438ecafe0438465d2c5ce71,1,87,0,0,0,ok,,eli2md 0.6.3,2026-09-29T23:24:45Z
MP/2025/584,2025,584,Obwieszczenie,Obwieszczenie Ministra Nauki i Szkolnictwa Wyższego z dnia 6 czerwca 2025 r. w sprawie wykazu jednostek organizacyjnych nadzorowanych przez Ministra Nauki i Szkolnictwa Wyższego,2025-06-06,2025-06-11,2025-06-12T10:05:13,cfacf08f7f672540c4fbe199f31157b324b8f9cb825e6d72614c9679cedb24b5,11,3108,0,0,0,ok,,eli2md 0.6.3,2026-09-29T23:24:45Z
MP/2025/585,2025,585,Obwieszczenie,"Obwieszczenie Ministra Sportu i Turystyki z dnia 29 maja 2025 r. w sprawie uznania dotychczasowej kwalifikacji rynkowej ""Nauczanie jazdy na nartach wodnych"" włączonej do Zintegrowanego Systemu Kwalifikacji za kwalifikację sektorową",2025-05-29,2025-06-11,2025-06-12T10:05:14,ae7c7edd2522f773d46929f6534766e8da49a1c07ba653167e537970aa4bf804,1,142,0,0,0,ok,,eli2md 0.6.3,2026-09-29T23:24:45Z
MP/2025/586,2025,586,Obwieszczenie,"Obwieszczenie Ministra Sportu i Turystyki z dnia 29 maja 2025 r. w sprawie uznania dotychczasowej kwalifikacji rynkowej ""Nauczanie wakeboardu"" włączonej do Zintegrowanego Systemu Kwalifikacji za kwalifikację sektorową",2025-05-29,2025-06-11,2025-06-12T10:05:14,7f0eac392e8625845f44a6b7dea7db3656b840df9ff141e41751e4e4cfbcffa5,1,133,0,0,0,ok,,eli2md 0.6.3,2026-09-29T23:24:45Z
MP/2025/587,2025,587,Obwieszczenie,"Obwieszczenie Ministra Sportu i Turystyki z dnia 29 maja 2025 r. w sprawie uznania dotychczasowej kwalifikacji rynkowej ""Nauczanie kierowania jachtem motorowym"" włączonej do Zintegrowanego Systemu Kwalifikacji za kwalifikację sektorową",2025-05-29,2025-06-11,2025-06-12T10:05:14,4b48d8a817e6252e9291eb1eb9519e031b87c4fab1ee99d952635eec5f943d7a,1,139,0,0,0,ok,,eli2md 0.6.3,2026-09-29T23:24:45Z
MP/2025/588,2025,588,Obwieszczenie,"Obwieszczenie Ministra Sportu i Turystyki z dnia 29 maja 2025 r. w sprawie włączenia kwalifikacji wolnorynkowej ""Planowanie i prowadzenie doskonalenia kadr szkoleniowych w jeździectwie"" do Zintegrowanego Systemu Kwalifikacji",2025-05-29,2025-06-11,2025-06-12T10:05:14,7d2123485bc8623f51cfb2cdd5933936a664bae51d870e80434d78113bfbc9bd,7,1506,0,0,0,ok,,eli2md 0.6.3,2026-09-29T23:24:45Z
MP/2025/589,2025,589,Obwieszczenie,"Obwieszczenie Ministra Rozwoju i Technologii z dnia 7 maja 2025 r. w sprawie włączenia kwalifikacji wolnorynkowej ""Realizacja projektów interim management (zarządzanie czasowe)"" do Zintegrowanego Systemu Kwalifikacji",2025-05-07,2025-06-11,2025-06-13T09:44:32,6a0cd31f3be8c2c5d8ce44b68516b4ae338da1e5f2d086e1a84fad7eff71af51,5,1578,0,0,0,ok,,eli2md 0.6.3,2026-09-29T23:24:45Z
MP/2025/590,2025,590,Obwieszczenie,"Obwieszczenie Ministra Cyfryzacji z dnia 2 czerwca 2025 r. w sprawie włączenia kwalifikacji wolnorynkowej ""Modelowanie i skanowanie 3D"" do Zintegrowanego Systemu Kwalifikacji",2025-06-02,2025-06-11,2025-06-13T09:46:10,62f83266b89faade91737d0e661fb40cbd60279a81c133a46c9ddab63e17c90a,6,1511,0,0,0,ok,,eli2md 0.6.3,2026-09-29T23:24:45Z
MP/2025/591,2025,591,Obwieszczenie,"Obwieszczenie Ministra Rozwoju i Technologii z dnia 7 maja 2025 r. w sprawie włączenia kwalifikacji wolnorynkowej ""Komunikowanie się za pomocą tworzenia, opowiadania i wysłuchiwania historii (storytelling)"" do Zintegrowanego Systemu Kwalifikacji",2025-05-07,2025-06-12,2025-06-13T09:53:04,b1e8d4b39843c88f3fbbd73a54c6cc25c954dde8f30da912677a5236fe49f853,4,1168,0,0,0,ok,,eli2md 0.6.3,2026-09-29T23:24:45Z
MP/2025/592,2025,592,Obwieszczenie,"Obwieszczenie Ministra Sportu i Turystyki z dnia 29 maja 2025 r. w sprawie włączenia kwalifikacji wolnorynkowej ""Planowanie i prowadzenie wieloletniego procesu szkoleniowego w jeździectwie"" do Zintegrowanego Systemu Kwalifikacji",2025-05-29,2025-06-12,2025-06-13T09:53:04,8d00a3abc2830167d0c58233ec980a43b37a4c10096e670d17091680f7851b67,7,1755,0,0,0,ok,,eli2md 0.6.3,2026-09-29T23:24:45Z
MP/2025/593,2025,593,Komunikat,"Komunikat Ministra Cyfryzacji z dnia 13 czerwca 2025 r. w sprawie określenia dnia wdrożenia rozwiązań technicznych umożliwiających złożenie wniosku o wydanie dowodu osobistego, niezawierającego odwzorowania własnoręcznego podpisu oraz odcisków palców, przy użyciu usługi elektronicznej, udostępnionej przez ministra właściwego do spraw informatyzacji w aplikacji mObywatel",2025-06-13,2025-06-16,2025-06-17T11:03:16,6c83526e49c06829fb389e476406e9fe49ae2783022cdbd39f99208f4af60c42,1,154,0,0,0,ok,,eli2md 0.6.3,2026-09-29T23:24:45Z
MP/2025/594,2025,594,Komunikat,Komunikat Ministra Funduszy i Polityki Regionalnej z dnia 15 czerwca 2025 r. w sprawie zmienionych wytycznych dotyczących wyboru projektów na lata 2021-2027,2025-06-15,2025-06-17,2025-06-18T10:33:02,8c06a9e1ea94941bf6a6a49aac01f3f81e8072eb7fa3ba8c4ca8916ffb449391,1,134,0,0,0,ok,,eli2md 0.6.3,2026-09-29T23:24:45Z
MP/2025/595,2025,595,Uchwała,Uchwała Sejmu Rzeczypospolitej Polskiej z dnia 11 czerwca 2025 r. w sprawie wyrażenia Radzie Ministrów wotum zaufania,2025-06-11,2025-06-17,2025-06-18T10:33:02,5068f0d11c417731249fdca75996a4654248175981c4258dcdbed9594b64de55,1,36,0,0,0,ok,,eli2md 0.6.3,2026-09-29T23:24:45Z
MP/2025/596,2025,596,Komunikat,"Komunikat Ministra Rolnictwa i Rozwoju Wsi z dnia 16 czerwca 2025 r. w sprawie zmienionych wytycznych szczegółowych w zakresie przyznawania, wypłaty i zwrotu pomocy finansowej w ramach Planu Strategicznego dla Wspólnej Polityki Rolnej na lata 2023-2027 dla interwencji w sektorze owoców i warzyw",2025-06-16,2025-06-17,2025-06-18T10:33:02,02da8776ee536ee300c3e8e0152a63eb8644f8792cb99d1c0c0639e362b26247,1,175,0,0,0,ok,,eli2md 0.6.3,2026-09-29T23:24:45Z
MP/2025/597,2025,597,Postanowienie,Postanowienie Prezydenta Rzeczypospolitej Polskiej z dnia 16 czerwca 2025 r. o użyciu Polskiego Kontyngentu Wojskowego w składzie Stałego Zespołu Sił Obrony Przeciwminowej Organizacji Traktatu Północnoatlantyckiego - Grupa 1 w działaniach na Morzu Bałtyckim,2025-06-16,2025-06-18,2025-06-20T09:32:39,470dea4ec46a082bd77950ce46d0792e47122c77fe9833a062bb005fe841aa4c,1,255,0,0,0,ok,,eli2md 0.6.3,2026-09-29T23:24:45Z
MP/2025/598,2025,598,Postanowienie,"Postanowienie Prezydenta Rzeczypospolitej Polskiej z dnia 16 czerwca 2025 r. o przedłużeniu okresu użycia Polskiego Kontyngentu Wojskowego w Republice Iraku, Jordańskim Królestwie Haszymidzkim, Państwie Katar oraz Państwie Kuwejt",2025-06-16,2025-06-18,2025-06-20T09:32:39,6b4e4dd1762f9ba8095cd653d7b905231f9c86121a1e684eb0a47fcf8ad461ad,1,252,0,0,0,ok,,eli2md 0.6.3,2026-09-29T23:24:45Z
MP/2025/599,2025,599,Postanowienie,Postanowienie Prezydenta Rzeczypospolitej Polskiej z dnia 16 czerwca 2025 r. o przedłużeniu okresu użycia Polskiego Kontyngentu Wojskowego w składzie Wielonarodowej Brygady Południe - Wschód w Rumunii oraz Republice Bułgarii,2025-06-16,2025-06-18,2025-06-20T09:32:39,2e63a2104bacb5aac20408aaa81718a64a91605c8541ca4671cab744e755a9b6,1,258,0,0,0,ok,,eli2md 0.6.3,2026-09-29T23:24:45Z
MP/2025/600,2025,600,Postanowienie,"Postanowienie Prezydenta Rzeczypospolitej Polskiej z dnia 16 czerwca 2025 r. o przedłużeniu okresu użycia Polskiego Kontyngentu Wojskowego w ramach Dostosowanych Środków Wzmocnienia Organizacji Traktatu Północnoatlantyckiego dla Turcji, na terytorium Turcji, wschodnim akwenie Morza Śródziemnego oraz Morzu Czarnym",2025-06-16,2025-06-18,2025-06-20T09:32:39,5820e91290ca3bc602eedea1240e792433b7cb5d84c01481334fc4e033fca446,1,233,0,0,0,ok,,eli2md 0.6.3,2026-09-29T23:24:45Z
MP/2025/601,2025,601,Komunikat,Komunikat Prezesa Państwowej Agencji Atomistyki z dnia 18 czerwca 2025 r. w sprawie sytuacji radiacyjnej kraju w I kwartale 2025 r.,2025-06-18,2025-06-24,2025-06-25T10:48:19,621d9e33b96eb482e7eeb5c8a85b2fdd4d2119e6d517cafcfe0937220152aa94,1,168,0,0,0,ok,,eli2md 0.6.3,2026-09-29T23:24:45Z
MP/2025/602,2025,602,Obwieszczenie,Obwieszczenie Ministra Rozwoju i Technologii z dnia 20 czerwca 2025 r. w sprawie wysokości odsetek ustawowych za opóźnienie w transakcjach handlowych,2025-06-20,2025-06-26,2025-06-27T11:18:16,803759ef98ffcd9d2cf11976fccab8badf6f27adcc2c466a5737d8ba2f339b34,1,117,0,0,0,ok,,eli2md 0.6.3,2026-09-29T23:24:45Z
MP/2025/603,2025,603,Komunikat,Komunikat Ministra Funduszy i Polityki Regionalnej z dnia 25 czerwca 2025 r. w sprawie zmienionych wytycznych dotyczących realizacji projektów z udziałem środków Europejskiego Funduszu Społecznego Plus w regionalnych programach na lata 2021-2027,2025-06-25,2025-06-30,2025-07-01T11:45:43,a7e4203d0642d75d15a27720a707d9cf326860d84d44f6960c477aa8965ea0ac,1,154,0,0,0,ok,,eli2md 0.6.3,2026-09-29T23:24:45Z
MP/2025/604,2025,604,Postanowienie,"Postanowienie Prezydenta Rzeczypospolitej Polskiej z dnia 26 czerwca 2025 r. w sprawie wydania zgody na pobyt komponentu Sił Zbrojnych Stanów Zjednoczonych Ameryki, komponentu Sił Zbrojnych Zjednoczonego Królestwa Wielkiej Brytanii i Irlandii Północnej oraz komponentu Sił Zbrojnych Kanady na terytorium Rzeczypospolitej Polskiej",2025-06-26,2025-06-30,2025-12-31T10:30:48,f3e6309ef4e57c89599edeaa45c917c7dfea1c1e46887cad067a62d3a0b66f4b,1,419,0,0,0,ok,,eli2md 0.6.3,2026-09-29T23:24:45Z
MP/2025/605,2025,605,Ogłoszenie,Ogłoszenie Przewodniczącego Krajowej Rady Radiofonii i Telewizji z dnia 26 czerwca 2025 r. w sprawie wysokości opłat za udzielenie koncesji na rozpowszechnianie programów radiowych i telewizyjnych w 2026 r.,2025-06-26,2025-07-01,2025-07-02T10:29:29,32d18fdd93d23d3b1ff5b22b042edbd25481dec6dae011580d248ac336978873,2,636,0,0,0,ok,,eli2md 0.6.3,2026-09-29T23:24:45Z
MP/2025/606,2025,606,Obwieszczenie,Obwieszczenie Prezesa Rady Ministrów z dnia 27 czerwca 2025 r. w sprawie ogłoszenia jednolitego tekstu zarządzenia Prezesa Rady Ministrów w sprawie Komitetu Ekonomicznego Rady Ministrów,2025-06-27,2025-07-02,2026-08-31T00:00:00,d8c4001fc8ecc39c3e56af6cdae1cc70824edcc993aaad58b53231158e308177,5,1679,0,0,0,ok,,eli2md 0.6.3,2026-09-29T23:24:45Z
MP/2025/607,2025,607,Uchwała,"Uchwała nr 12/2025 Zarządu Narodowego Banku Polskiego z dnia 16 czerwca 2025 r. zmieniająca uchwałę w sprawie warunków i zasad sprzedaży przez Narodowy Bank Polski monet, banknotów i numizmatów przeznaczonych na cele kolekcjonerskie oraz na inne cele",2025-06-16,2025-07-04,2026-08-25T09:01:30,d0e9a19b272cf55d3277696e4755b6941c468b18f1dccddb7268ba46ae0c3007,4,1030,0,0,0,ok,,eli2md 0.6.3,2026-09-29T23:24:45Z
MP/2025/608,2025,608,Uchwała,Uchwała Sejmu Rzeczypospolitej Polskiej z dnia 25 czerwca 2025 r. w sprawie zmiany Regulaminu Sejmu Rzeczypospolitej Polskiej,2025-06-25,2025-07-04,2026-06-10T10:17:31,001981e2d14bc95544a18436bab46654999d19efae899a82707579d855ac70b2,1,113,0,0,0,ok,,eli2md 0.6.3,2026-09-29T23:24:45Z
MP/2025/609,2025,609,Zarządzenie,Zarządzenie nr 26 Prezesa Rady Ministrów z dnia 4 lipca 2025 r. w sprawie użycia żołnierzy Żandarmerii Wojskowej do udzielenia pomocy Straży Granicznej,2025-07-04,2025-07-04,2025-07-07T11:45:28,5b4d9411e9e0285aa2fd47f34b0dd77da90f60260ec4eb7154497774c7248dc5,1,115,0,0,0,ok,,eli2md 0.6.3,2026-09-29T23:24:45Z
MP/2025/610,2025,610,Komunikat,Komunikat Ministra Rozwoju i Technologii z dnia 20 czerwca 2025 r. o wydanej decyzji w sprawie nadania przedsiębiorcy statusu centrum badawczo-rozwojowego,2025-06-20,2025-07-07,2025-07-08T11:30:13,d2ffda85d586f54c1719cb5c20e8da3c134ac0c1aff8466a5fb3411ea61e0d52,1,88,0,0,0,ok,,eli2md 0.6.3,2026-09-29T23:24:45Z
MP/2025/611,2025,611,Komunikat,Komunikat Ministra Rozwoju i Technologii z dnia 27 czerwca 2025 r. o wydanej decyzji w sprawie nadania przedsiębiorcy statusu centrum badawczo-rozwojowego,2025-06-27,2025-07-07,2025-07-08T11:30:13,e2d9e1a36f7eca648dbb0de1c5beaaf370b3e0bd822095b37a3a23ef0cda4389,1,86,0,0,0,ok,,eli2md 0.6.3,2026-09-29T23:24:45Z
MP/2025/612,2025,612,Obwieszczenie,"Obwieszczenie Prezesa Głównego Urzędu Statystycznego z dnia 3 lipca 2025 r. w sprawie wskaźników zmian cen dla lokali mieszkalnych w pierwszym kwartale 2025 r., z podziałem na województwa",2025-07-03,2025-07-07,2025-07-08T11:30:13,0d4c5be714eed14ea6fce9c9fb319fe181ad2a3469a575b8ea8924a0e1856ed1,2,158,0,0,0,ok,,eli2md 0.6.3,2026-09-29T23:24:45Z
MP/2025/613,2025,613,Zarządzenie,"Zarządzenie nr 16/2025 Prezesa Narodowego Banku Polskiego z dnia 3 lipca 2025 r. w sprawie ustalenia wzoru, próby, masy i wielkości emisji monety o wartości nominalnej 10 zł ""Pamięci księdza Franciszka Blachnickiego""",2025-07-03,2025-07-08,2025-07-09T11:52:47,8d922161df815fd54175517dd9abff1bbf1c86fbd26ac573ddc7ea8aa40c6d07,2,190,0,0,0,ok,,eli2md 0.6.3,2026-09-29T23:24:45Z
MP/2025/614,2025,614,Komunikat,Komunikat Ministra Rolnictwa i Rozwoju Wsi z dnia 4 lipca 2025 r. w sprawie zmienionych wytycznych w zakresie podziału środków dostępnych w ramach niektórych interwencji Planu Strategicznego dla Wspólnej Polityki Rolnej na lata 2023-2027,2025-07-04,2025-07-08,2025-07-09T11:52:47,06c1be7e7b3699e20a6d7ca7fcf9178f098564087bfeddd803c242f88d75f7d7,1,157,0,0,0,ok,,eli2md 0.6.3,2026-09-29T23:24:45Z
MP/2025/615,2025,615,Postanowienie,Postanowienie Prezydenta Rzeczypospolitej Polskiej z dnia 19 maja 2025 r. nr rej. 168/2025 o nadaniu odznaczeń,2025-05-19,2025-07-08,2025-07-09T11:52:47,1e41875fab8398ac55247a558b61306ae3748ff4c5a234d5b815a579870e52f8,1,99,0,0,0,ok,,eli2md 0.6.3,2026-09-29T23:24:45Z
MP/2025/616,2025,616,Postanowienie,Postanowienie Prezydenta Rzeczypospolitej Polskiej z dnia 9 maja 2025 r. nr rej. 169/2025 o nadaniu odznaczeń,2025-05-09,2025-07-08,2025-07-09T11:52:48,f25e5f95d6ce74ac4d29cfb5000fd8ab98cac325a56821e07bdcbb762439b0eb,2,175,0,0,0,ok,,eli2md 0.6.3,2026-09-29T23:24:45Z
MP/2025/617,2025,617,Postanowienie,Postanowienie Prezydenta Rzeczypospolitej Polskiej z dnia 13 maja 2025 r. nr rej. 198/2025 o nadaniu odznaczeń,2025-05-13,2025-07-08,2025-07-09T11:52:48,765db50e59ca63d93f4529be3bb1cb54a6f68d2dbb41d8ea8938a1e5705e8375,1,132,0,0,0,ok,,eli2md 0.6.3,2026-09-29T23:24:45Z
MP/2025/618,2025,618,Postanowienie,Postanowienie Prezydenta Rzeczypospolitej Polskiej z dnia 9 maja 2025 r. nr rej. 207/2025 o nadaniu odznaczeń,2025-05-09,2025-07-08,2025-07-09T11:52:48,665526546c65d070dee07da3afb9f334ec52a1bc1e636adb25efe7b53eb9a465,1,79,0,0,0,ok,,eli2md 0.6.3,2026-09-29T23:24:45Z
MP/2025/619,2025,619,Postanowienie,Postanowienie Prezydenta Rzeczypospolitej Polskiej z dnia 9 maja 2025 r. nr rej. 256/2025 o nadaniu orderu i odznaczeń,2025-05-09,2025-07-08,2025-07-09T11:52:48,848f6a842be1555690fd4f85bc20e0eb90f0e7c7d327a427be995104a4545bb6,1,115,0,0,0,ok,,eli2md 0.6.3,2026-09-29T23:24:45Z
MP/2025/620,2025,620,Obwieszczenie,Obwieszczenie Prezesa Rady Ministrów z dnia 7 lipca 2025 r. w sprawie ogłoszenia jednolitego tekstu zarządzenia Prezesa Rady Ministrów w sprawie nadania statutu Agencji Wywiadu,2025-07-07,2025-07-09,2025-07-10T10:36:28,bd8967f03c020a0b7aa5d415e07ed4e88fbbaeac41186e82615fef9240755b9a,3,468,0,0,0,ok,,eli2md 0.6.3,2026-09-29T23:24:45Z
MP/2025/621,2025,621,Zarządzenie,Zarządzenie nr 25 Prezesa Rady Ministrów z dnia 7 lipca 2025 r. w sprawie Komitetu Monitorującego dla strategicznych inwestycji morskich,2025-07-07,2025-07-09,2025-07-10T10:36:28,c981ed0413aa0baecead786c6e77ae69e331d6b6791e399626df6c706bbab677,4,1548,0,0,0,ok,,eli2md 0.6.3,2026-09-29T23:24:45Z
MP/2025/622,2025,622,Postanowienie,Postanowienie Prezydenta Rzeczypospolitej Polskiej z dnia 9 lipca 2025 r. o zatwierdzeniu decyzji w sprawie użycia oddziałów i pododdziałów Sił Zbrojnych Rzeczypospolitej Polskiej do pomocy Straży Granicznej na polsko-litewskim odcinku granicy państwowej,2025-07-09,2025-07-10,2025-07-11T10:30:35,2a3a7871a166e20eaf0739d196e0c785f95c757f07afcb13b1194e8ad7fcf467,1,130,0,0,0,ok,,eli2md 0.6.3,2026-09-29T23:24:45Z
MP/2025/623,2025,623,Postanowienie,Postanowienie Prezydenta Rzeczypospolitej Polskiej z dnia 9 lipca 2025 r. o zatwierdzeniu decyzji w sprawie użycia oddziałów i pododdziałów Sił Zbrojnych Rzeczypospolitej Polskiej do pomocy Straży Granicznej na polsko-niemieckim odcinku granicy państwowej,2025-07-09,2025-07-10,2025-07-11T10:30:35,017e09675dea758cf654bd7c50327f3885b2098633e88c1ab496c69c2b53fd1e,1,130,0,0,0,ok,,eli2md 0.6.3,2026-09-29T23:24:45Z
MP/2025/624,2025,624,Postanowienie,Postanowienie Prezydenta Rzeczypospolitej Polskiej z dnia 16 maja 2025 r. nr rej. 257/2025 o nadaniu orderu,2025-05-16,2025-07-11,2025-07-15T12:33:04,e0ed356c84f1e0516889cd7a1c03849f484f77f10a275eb4d2c78d8b1fbfac42,1,79,0,0,0,ok,,eli2md 0.6.3,2026-09-29T23:24:45Z
MP/2025/625,2025,625,Postanowienie,Postanowienie Prezydenta Rzeczypospolitej Polskiej z dnia 7 maja 2025 r. nr rej. 259/2025 o nadaniu orderu,2025-05-07,2025-07-11,2025-07-15T12:33:04,d92b0779b7484fce0521a2a9cdf49890c9a3ba8214d9dd7f334bacab04ffba2a,1,75,0,0,0,ok,,eli2md 0.6.3,2026-09-29T23:24:45Z
MP/2025/626,2025,626,Postanowienie,Postanowienie Prezydenta Rzeczypospolitej Polskiej z dnia 13 maja 2025 r. nr rej. 261/2025 o nadaniu odznaczenia,2025-05-13,2025-07-11,2025-07-15T12:33:04,2efe6b298d115b49e2406e216e2c4ef2b632743efcf8b85c5013255c5b13dfc0,1,75,0,0,0,ok,,eli2md 0.6.3,2026-09-29T23:24:45Z
MP/2025/627,2025,627,Postanowienie,Postanowienie Prezydenta Rzeczypospolitej Polskiej z dnia 9 maja 2025 r. nr rej. 262/2025 o nadaniu orderów i odznaczeń,2025-05-09,2025-07-11,2025-07-15T12:33:04,4489fc6c5e942086dd1157fd4de28c37000258ebefaa764dc809edf62e7ace5e,1,170,0,0,0,ok,,eli2md 0.6.3,2026-09-29T23:24:45Z
MP/2025/628,2025,628,Postanowienie,Postanowienie Prezydenta Rzeczypospolitej Polskiej z dnia 7 maja 2025 r. nr rej. 263/2025 o nadaniu orderów,2025-05-07,2025-07-11,2025-07-15T12:33:05,19067a03e9285b36bc72d657090a2c2a1e0b01da7e486bc1d452433afa7ab29c,1,98,0,0,0,ok,,eli2md 0.6.3,2026-09-29T23:24:45Z
MP/2025/629,2025,629,Postanowienie,Postanowienie Prezydenta Rzeczypospolitej Polskiej z dnia 13 maja 2025 r. nr rej. 264/2025 o nadaniu odznaczeń,2025-05-13,2025-07-11,2025-07-15T12:33:05,3da577ad740f1255bbb3fb9f229f9494d4ff7bae1273d6e54ea113fa1a5b4605,2,234,0,0,0,ok,,eli2md 0.6.3,2026-09-29T23:24:45Z
MP/2025/630,2025,630,Postanowienie,Postanowienie Prezydenta Rzeczypospolitej Polskiej z dnia 13 maja 2025 r. nr rej. 276/2025 o nadaniu odznaczeń,2025-05-13,2025-07-11,2025-07-15T12:33:05,65963fa1f687ab3e60a090f0abfb997d7b28e1da67e6db6671b7cfeed528a764,1,74,0,0,0,ok,,eli2md 0.6.3,2026-09-29T23:24:45Z
MP/2025/631,2025,631,Postanowienie,Postanowienie Prezydenta Rzeczypospolitej Polskiej z dnia 13 maja 2025 r. nr rej. 278/2025 o nadaniu odznaczeń,2025-05-13,2025-07-08,2025-07-15T12:33:05,8e95578ffd50f5500aeb08ef7fdf0b29a44c90af2a8b4014426f18f7ab4b387a,3,321,0,0,0,ok,,eli2md 0.6.3,2026-09-29T23:24:45Z
MP/2025/632,2025,632,Postanowienie,Postanowienie Prezydenta Rzeczypospolitej Polskiej z dnia 13 maja 2025 r. nr rej. 279/2025 o nadaniu odznaczeń,2025-05-13,2025-07-08,2025-07-15T12:33:05,a4e84a1c42b086a220d465c8b87869a6bd89d21c5981e6ded5400cdc308d3b21,3,411,0,0,0,ok,,eli2md 0.6.3,2026-09-29T23:24:45Z
MP/2025/633,2025,633,Postanowienie,Postanowienie Prezydenta Rzeczypospolitej Polskiej z dnia 16 maja 2025 r. nr rej. 282/2025 o nadaniu orderów i odznaczeń,2025-05-16,2025-07-08,2025-07-15T12:33:05,72d1e37fea8f7e9ea4c8c29ccb81618b9781878b899bc7bc0bf40a5022fcfda1,3,349,0,0,0,ok,,eli2md 0.6.3,2026-09-29T23:24:45Z
MP/2025/634,2025,634,Postanowienie,Postanowienie Prezydenta Rzeczypospolitej Polskiej z dnia 13 maja 2025 r. nr rej. 283/2025 o nadaniu orderów i odznaczeń,2025-05-13,2025-07-08,2025-07-15T12:33:05,423cf6485709c9e6dd3671de17bc8646ce3d501a27e2b6ecdc309ab5f21366b7,2,276,0,0,0,ok,,eli2md 0.6.3,2026-09-29T23:24:45Z
MP/2025/635,2025,635,Postanowienie,Postanowienie Prezydenta Rzeczypospolitej Polskiej z dnia 19 maja 2025 r. nr rej. 284/2025 o nadaniu odznaczeń,2025-05-19,2025-07-08,2025-07-15T12:33:05,d1d5565fa4da230a1a8e85578d3e0e5de98df919c56450e6c62485476d57ac3d,1,102,0,0,0,ok,,eli2md 0.6.3,2026-09-29T23:24:45Z
MP/2025/636,2025,636,Postanowienie,Postanowienie Prezydenta Rzeczypospolitej Polskiej z dnia 13 maja 2025 r. nr rej. 285/2025 o nadaniu odznaczeń,2025-05-13,2025-07-08,2025-07-15T12:33:05,f7a1bddb09f49aebc712bb9f4df46610646f94d4e40b1db3fcd6f0fd77defd3b,1,98,0,0,0,ok,,eli2md 0.6.3,2026-09-29T23:24:45Z
MP/2025/637,2025,637,Postanowienie,Postanowienie Prezydenta Rzeczypospolitej Polskiej z dnia 14 maja 2025 r. nr rej. 290/2025 o nadaniu odznaczenia,2025-05-14,2025-07-08,2025-07-15T12:33:05,406684dcb32b7912e4a5799004f326e3f5cb898d6d8ef32745fd7af412e8e459,1,69,0,0,0,ok,,eli2md 0.6.3,2026-09-29T23:24:45Z
MP/2025/638,2025,638,Postanowienie,Postanowienie Prezydenta Rzeczypospolitej Polskiej z dnia 14 maja 2025 r. nr rej. 291/2025 o nadaniu odznaczenia,2025-05-14,2025-07-08,2025-07-15T12:33:05,905460db7d2b4a4150dd9f3131eff4872e8e12a0b9b7788405c4cbef1162163e,1,69,0,0,0,ok,,eli2md 0.6.3,2026-09-29T23:24:45Z
MP/2025/639,2025,639,Komunikat,Komunikat Ministra Cyfryzacji z dnia 10 lipca 2025 r. w sprawie określenia dnia wdrożenia rozwiązań technicznych umożliwiających świadczenie usług w zakresie dowodów osobistych,2025-07-10,2025-07-14,2025-07-15T12:33:05,71dd73bf331f1eefb7dd2caefb104f329f16cad6d95d56e571066f4f34dfd477,1,216,0,0,0,ok,,eli2md 0.6.3,2026-09-29T23:24:45Z
MP/2025/640,2025,640,Postanowienie,Postanowienie Prezydenta Rzeczypospolitej Polskiej z dnia 30 kwietnia 2025 r. nr rej. 254/2025 o nadaniu orderu,2025-04-30,2025-07-14,2025-07-15T12:33:05,6b5ac0681322579d46bc7d1a5543358b9bc9bc3ec55f58d491bc0cb012ff40c2,1,73,0,0,0,ok,,eli2md 0.6.3,2026-09-29T23:24:45Z
MP/2025/641,2025,641,Uchwała,Uchwała nr 197/2025 Państwowej Komisji Wyborczej z dnia 16 czerwca 2025 r. w sprawie rozwiązania Okręgowej Komisji Wyborczej w Krakowie i obwodowych komisji wyborczych powołanych w celu przeprowadzenia wyborów uzupełniających do Senatu Rzeczypospolitej Polskiej zarządzonych na dzień 16 marca 2025 r.,2025-06-16,2025-07-15,2025-07-16T11:37:20,53e6e16297cbbea6bf3c9c751d6aa9bb4e9682eecb9ef3ca946b44ceb78e45d9,1,166,0,0,0,ok,,eli2md 0.6.3,2026-09-29T23:24:45Z
MP/2025/642,2025,642,Uchwała,Uchwała nr 198/2025 Państwowej Komisji Wyborczej z dnia 8 lipca 2025 r. w sprawie rozwiązania okręgowych i obwodowych komisji wyborczych powołanych w celu przeprowadzenia wyborów Prezydenta Rzeczypospolitej Polskiej zarządzonych na dzień 18 maja 2025 r.,2025-07-08,2025-07-15,2025-07-16T11:37:20,4275177825cf302e0ea0a31c99843507869d4554b900ce30c8bb1f16ebf949c7,1,137,0,0,0,ok,,eli2md 0.6.3,2026-09-29T23:24:45Z
MP/2025/643,2025,643,Komunikat,"Komunikat Ministra Rolnictwa i Rozwoju Wsi z dnia 9 lipca 2025 r. w sprawie wytycznych szczegółowych w zakresie przyznawania, wypłaty i zwrotu pomocy finansowej w ramach Planu Strategicznego dla Wspólnej Polityki Rolnej na lata 2023-2027 dla interwencji I.10.10 Infrastruktura na obszarach wiejskich oraz wdrożenie koncepcji inteligentnych wsi - obszar B Inteligentna Wieś",2025-07-09,2025-07-15,2025-07-16T11:37:20,d53eb8b0ac86cfba3c61067b18080286797184562015227cbb30fe25f8413a76,1,193,0,0,0,ok,,eli2md 0.6.3,2026-09-29T23:24:45Z
MP/2025/644,2025,644,Komunikat,"Komunikat Ministra Cyfryzacji z dnia 11 lipca 2025 r. w sprawie określenia dnia wdrożenia rozwiązań technicznych umożliwiających udostępnianie legitymacji dokumentującej niepełnosprawność albo stopień niepełnosprawności w postaci dokumentu mobilnego, o którym mowa w art. 2 pkt 7 ustawy z dnia 26 maja 2023 r. o aplikacji mObywatel",2025-07-11,2025-07-15,2025-07-16T11:37:20,51f014dde4b9b4881da28676655f81c9654b87c93adba4d5b0414d4f65c9b6d5,1,125,0,0,0,ok,,eli2md 0.6.3,2026-09-29T23:24:45Z
MP/2025/645,2025,645,Uchwała,Uchwała Sejmu Rzeczypospolitej Polskiej z dnia 25 czerwca 2025 r. w sprawie Informacji o działalności Rady Mediów Narodowych w 2024 roku,2025-06-25,2025-07-15,2025-07-16T11:37:20,68c5af2f894d2a8278cb85516a4175277d3e1c7a3054df67accfb849bd796cf7,1,38,0,0,0,ok,,eli2md 0.6.3,2026-09-29T23:24:45Z
MP/2025/646,2025,646,Uchwała,Uchwała Sejmu Rzeczypospolitej Polskiej z dnia 25 czerwca 2025 r. w sprawie Sprawozdania Krajowej Rady Radiofonii i Telewizji z działalności w 2024 roku,2025-06-25,2025-07-15,2025-07-16T11:37:20,dafc1f10f24c9607c2001d1d466529b16883180762782c4a0b154945ae5482db,1,217,0,0,0,ok,,eli2md 0.6.3,2026-09-29T23:24:45Z
MP/2025/647,2025,647,Obwieszczenie,"Obwieszczenie Ministra Finansów z dnia 10 lipca 2025 r. w sprawie stawki odsetek za zwłokę od zaległości podatkowych, obniżonej stawki odsetek za zwłokę od zaległości podatkowych oraz podwyższonej stawki odsetek za zwłokę od zaległości podatkowych",2025-07-10,2025-07-16,2025-07-17T10:27:03,4ccd0f1317f3bc00d9409b30e957d4dc83b77c438e09ec0d7064dbcaf6e54aaf,1,120,0,0,0,ok,,eli2md 0.6.3,2026-09-29T23:24:45Z
MP/2025/648,2025,648,Uchwała,"Uchwała nr 60 Rady Ministrów z dnia 11 lipca 2025 r. w sprawie Rządowego programu wyrównywania szans edukacyjnych dzieci i młodzieży ""Przyjazna szkoła"" w latach 2025-2027",2025-07-11,2025-07-16,2025-07-17T10:27:03,da27972a5912cfbfc15701a571b5027c0b54b8b15b583005af4f3f480d606ce9,50,15141,0,0,0,ok,,eli2md 0.6.3,2026-09-29T23:24:45Z
MP/2025/649,2025,649,Uchwała,"Uchwała Sejmu Rzeczypospolitej Polskiej z dnia 25 czerwca 2025 r. w sprawie wyboru uzupełniającego do składu osobowego Komisji Śledczej do zbadania legalności, prawidłowości oraz celowości czynności operacyjno-rozpoznawczych podejmowanych m.in. z wykorzystaniem oprogramowania Pegasus przez członków Rady Ministrów, służby specjalne, Policję, organy kontroli skarbowej oraz celno-skarbowej, organy powołane do ścigania przestępstw i prokuraturę w okresie od dnia 16 listopada 2015 r. do dnia 20 listopada 2023 r.",2025-06-25,2025-07-16,2025-07-17T10:27:03,015e88ceb251577d1812c28a72cab1f2dc1bc01eacf5e1989b40bed51bf75923,1,160,0,0,0,ok,,eli2md 0.6.3,2026-09-29T23:24:45Z
MP/2025/650,2025,650,Komunikat,"Komunikat Ministra Funduszy i Polityki Regionalnej z dnia 10 lipca 2025 r. o podjęciu przez Komisję Europejską decyzji zmieniającej program ""Fundusze Europejskie dla Rozwoju Społecznego 2021-2027""",2025-07-10,2025-07-16,2025-07-17T10:27:03,853b45499fb1e60428ee7dcb41229253df1ac0e58390a9658c02f7dbb3b2d499,1,167,0,0,0,ok,,eli2md 0.6.3,2026-09-29T23:24:45Z
MP/2025/651,2025,651,Komunikat,"Komunikat Ministra Funduszy i Polityki Regionalnej z dnia 10 lipca 2025 r. o podjęciu przez Komisję Europejską decyzji zmieniającej program ""Fundusze Europejskie na Infrastrukturę, Klimat, Środowisko 2021-2027""",2025-07-10,2025-07-16,2025-07-17T10:27:03,d01fc0ac18e7489c80ee123074af0960a81733463541312e01b27c72b0d4ccea,1,171,0,0,0,ok,,eli2md 0.6.3,2026-09-29T23:24:45Z
MP/2025/652,2025,652,Komunikat,Komunikat Prezesa Głównego Urzędu Statystycznego z dnia 15 lipca 2025 r. w sprawie wskaźnika cen towarów i usług konsumpcyjnych w pierwszym półroczu 2025 r.,2025-07-15,2025-07-17,2025-07-18T10:38:28,20afd82e42da16b700631d284b89acbf9a91be14eb9f6032a538c05bbe4fd3f8,1,83,0,0,0,ok,,eli2md 0.6.3,2026-09-29T23:24:45Z
MP/2025/653,2025,653,Komunikat,Komunikat Prezesa Głównego Urzędu Statystycznego z dnia 15 lipca 2025 r. w sprawie wskaźnika cen towarów i usług konsumpcyjnych ogółem w drugim kwartale 2025 r.,2025-07-15,2025-07-17,2025-07-18T10:38:28,1b535ed2385fc88390dd0789c52201c13a298dd0a343b1beff7113e84f54bf5d,1,98,0,0,0,ok,,eli2md 0.6.3,2026-09-29T23:24:45Z
MP/2025/654,2025,654,Komunikat,Komunikat Prezesa Głównego Urzędu Statystycznego z dnia 15 lipca 2025 r. w sprawie wskaźnika cen towarów nieżywnościowych trwałego użytku w drugim kwartale 2025 r.,2025-07-15,2025-07-17,2025-07-18T10:38:28,c7c3021c5964f6de16b7054e4a489841d93bff57e4405fa66543b8b99d595416,1,91,0,0,0,ok,,eli2md 0.6.3,2026-09-29T23:24:45Z
MP/2025/655,2025,655,Postanowienie,Postanowienie Prezydenta Rzeczypospolitej Polskiej z dnia 16 czerwca 2025 r. nr 115.10.2025 w sprawie nadania tytułu profesora,2025-06-16,2025-07-17,2025-07-18T10:38:28,d21f726877dc178983bb0fd8194bfa373333e7e887c3394f887ec982c6667335,3,733,0,0,0,ok,,eli2md 0.6.3,2026-09-29T23:24:45Z
MP/2025/656,2025,656,Obwieszczenie,Obwieszczenie Prezesa Głównego Urzędu Statystycznego z dnia 17 lipca 2025 r. w sprawie średniej krajowej ceny skupu pszenicy za okres 11 kwartałów poprzedzających drugie półrocze 2025 r.,2025-07-17,2025-07-18,2025-07-21T11:19:49,ecf5c0c56b33325c35d67cdd02589560c22255110162ef988e03f9610e3fdbd5,1,82,0,0,0,ok,,eli2md 0.6.3,2026-09-29T23:24:45Z
MP/2025/657,2025,657,Obwieszczenie,Obwieszczenie Prezesa Głównego Urzędu Statystycznego z dnia 17 lipca 2025 r. w sprawie wskaźnika zmian cen skupu podstawowych produktów rolnych w pierwszym półroczu 2025 r.,2025-07-17,2025-07-18,2025-07-21T11:19:49,8594eba6807d0e86ccaa70e5a8c85119d0431d08e18cd7c9ccd6830d9cb54342,1,85,0,0,0,ok,,eli2md 0.6.3,2026-09-29T23:24:45Z
MP/2025/658,2025,658,Postanowienie,Postanowienie Prezydenta Rzeczypospolitej Polskiej z dnia 15 maja 2025 r. nr rej. 293/2025 o nadaniu orderów i odznaczeń,2025-05-15,2025-07-08,2025-07-21T11:19:49,13cbd07834b1578e06cf278de03f715991a15ea1edbcade5d4aa0f31764cf4c3,1,137,0,0,0,ok,,eli2md 0.6.3,2026-09-29T23:24:45Z
MP/2025/659,2025,659,Postanowienie,Postanowienie Prezydenta Rzeczypospolitej Polskiej z dnia 15 maja 2025 r. nr rej. 294/2025 o nadaniu orderu,2025-05-15,2025-07-08,2025-07-21T11:19:49,8cb33ef110b3a7788bce15590cd876a36bb7e5c40ffd722ff7d4048c03e2e95b,1,76,0,0,0,ok,,eli2md 0.6.3,2026-09-29T23:24:45Z
MP/2025/660,2025,660,Postanowienie,Postanowienie Prezydenta Rzeczypospolitej Polskiej z dnia 16 maja 2025 r. nr rej. 297/2025 o nadaniu odznaczenia,2025-05-16,2025-07-08,2025-07-21T11:19:49,49b38e300a1c4199832e510d7a268aa96c67312b0199bb60ca4c7ce70cf6f7b6,1,68,0,0,0,ok,,eli2md 0.6.3,2026-09-29T23:24:45Z
MP/2025/661,2025,661,Postanowienie,Postanowienie Prezydenta Rzeczypospolitej Polskiej z dnia 19 maja 2025 r. nr rej. 299/2025 o nadaniu orderu i odznaczeń,2025-05-19,2025-07-08,2025-07-21T11:19:49,3751a57707e188f22ea3ac55fc47133231122640ce5c3ba9c1e219722009f3bf,1,133,0,0,0,ok,,eli2md 0.6.3,2026-09-29T23:24:45Z
MP/2025/662,2025,662,Postanowienie,Postanowienie Prezydenta Rzeczypospolitej Polskiej z dnia 20 maja 2025 r. nr rej. 300/2025 o nadaniu orderów,2025-05-20,2025-07-08,2025-07-21T11:19:49,73a515802782f13dcd2bcda629f52a7373f78a09bb85cff8b9761cab81d90d4a,1,108,0,0,0,ok,,eli2md 0.6.3,2026-09-29T23:24:45Z
MP/2025/663,2025,663,Postanowienie,Postanowienie Marszałka Sejmu Rzeczypospolitej Polskiej z dnia 7 lipca 2025 r. w sprawie zwołania Zgromadzenia Narodowego w celu złożenia przysięgi przez nowo wybranego Prezydenta Rzeczypospolitej Polskiej,2025-07-07,2025-07-19,2025-07-21T11:19:49,b5a03e4c2a1d4abeca5c889595e85653ed5ca226249004b19de1c76461a99bc1,1,99,0,0,0,ok,,eli2md 0.6.3,2026-09-29T23:24:45Z
MP/2025/664,2025,664,Postanowienie,Postanowienie Prezydenta Rzeczypospolitej Polskiej z dnia 20 maja 2025 r. nr rej. 302/2025 o nadaniu orderu,2025-05-20,2025-07-22,2025-07-23T11:00:33,0fb5ff4800bb91029eae1c2119e32f7c06caba83da1cfa75d13293f87000865f,1,82,0,0,0,ok,,eli2md 0.6.3,2026-09-29T23:24:45Z
MP/2025/665,2025,665,Postanowienie,Postanowienie Prezydenta Rzeczypospolitej Polskiej z dnia 22 maja 2025 r. nr rej. 303/2025 o zmianie postanowienia o nadaniu orderów i odznaczeń,2025-05-22,2025-07-22,2025-07-23T11:00:33,5667fa641884f41fa275b70f3b0367d9b4bad0d84494b0c5ede27d2255910ec3,1,107,0,0,0,ok,,eli2md 0.6.3,2026-09-29T23:24:45Z
MP/2025/666,2025,666,Postanowienie,Postanowienie Prezydenta Rzeczypospolitej Polskiej z dnia 20 maja 2025 r. nr rej. 304/2025 o nadaniu orderu,2025-05-20,2025-07-22,2025-07-23T11:00:33,189a80d68fc664cf482aafc32318dc868134664b2197c6481a851ea7634ad574,1,91,0,0,0,ok,,eli2md 0.6.3,2026-09-29T23:24:45Z
MP/2025/667,2025,667,Postanowienie,Postanowienie Prezydenta Rzeczypospolitej Polskiej z dnia 21 maja 2025 r. nr rej. 305/2025 o nadaniu odznaczenia,2025-05-21,2025-07-22,2025-07-23T11:00:33,dd8e0e2a43b9101da80b189d944f6b8fe2a758061662fdf3a122529a4807b44d,1,69,0,0,0,ok,,eli2md 0.6.3,2026-09-29T23:24:45Z
MP/2025/668,2025,668,Postanowienie,Postanowienie Prezydenta Rzeczypospolitej Polskiej z dnia 21 maja 2025 r. nr rej. 306/2025 o nadaniu orderów i odznaczeń,2025-05-21,2025-07-22,2025-07-23T11:00:33,5e59c31280f4da80f56d66020c61e1238d8b8c68f4de45c940d6fdbc8af26ce7,2,228,0,0,0,ok,,eli2md 0.6.3,2026-09-29T23:24:45Z
MP/2025/669,2025,669,Postanowienie,"Postanowienie Prezydenta Rzeczypospolitej Polskiej z dnia 22 kwietnia 2025 r. nr 112.22.2025 w sprawie mianowania na stopnie oficerskie generała broni, generała dywizji oraz generała brygady",2025-04-22,2025-07-22,2025-07-23T11:00:33,037bb8554b8a58f42b2656d21d0366bc21e0937d8a5d160a6063a00884d6e91d,1,164,0,0,0,ok,,eli2md 0.6.3,2026-09-29T23:24:45Z
MP/2025/670,2025,670,Postanowienie,Postanowienie Prezydenta Rzeczypospolitej Polskiej z dnia 22 kwietnia 2025 r. nr 112.25.2025 o nadaniu stopnia nadbrygadiera Państwowej Straży Pożarnej,2025-04-22,2025-07-22,2025-07-23T11:00:33,835b020a1a742c7844de025fde7c62f1e7d43ea151bd13f733d4c8afec42a765,1,87,0,0,0,ok,,eli2md 0.6.3,2026-09-29T23:24:45Z
MP/2025/671,2025,671,Postanowienie,Postanowienie Prezydenta Rzeczypospolitej Polskiej z dnia 22 kwietnia 2025 r. nr 112.26.2025 o mianowaniu na stopień generała brygady Straży Granicznej,2025-04-22,2025-07-22,2025-07-23T11:00:33,d223b4bccf7c4ee11166e59faf537275b73e387e7268d5236422deba46142676,1,90,0,0,0,ok,,eli2md 0.6.3,2026-09-29T23:24:45Z
MP/2025/672,2025,672,Postanowienie,Postanowienie Prezydenta Rzeczypospolitej Polskiej z dnia 5 lutego 2025 r. nr 1130.8.2025 o powołaniu do pełnienia urzędu na stanowisku sędziego,2025-02-05,2025-07-22,2025-07-23T11:00:33,004b24563816b6c540a976931668ed40c34145441787fbd6f77ced34827a61f3,1,101,0,0,0,ok,,eli2md 0.6.3,2026-09-29T23:24:45Z
MP/2025/673,2025,673,Postanowienie,Postanowienie Prezydenta Rzeczypospolitej Polskiej z dnia 7 marca 2025 r. nr 1130.16.2025 o powołaniu do pełnienia urzędu na stanowisku sędziego,2025-03-07,2025-07-22,2025-07-23T11:00:33,b0f1e1a18f853d538d7bb1991758ba04670ea1fba9fe3247c68c207dea916536,1,146,0,0,0,ok,,eli2md 0.6.3,2026-09-29T23:24:45Z
MP/2025/674,2025,674,Zarządzenie,Zarządzenie nr 27 Prezesa Rady Ministrów z dnia 22 lipca 2025 r. zmieniające zarządzenie w sprawie nadania statutu Kancelarii Prezesa Rady Ministrów,2025-07-22,2025-07-22,2026-01-16T10:17:24,ba7de22e4f9934ad6ae74d4fa058452c942fb060467ac084e13bce02c5ad6aa4,1,113,0,0,0,ok,,eli2md 0.6.3,2026-09-29T23:24:45Z
MP/2025/675,2025,675,Obwieszczenie,Obwieszczenie Ministra Przemysłu z dnia 16 lipca 2025 r. w sprawie wykazu jednostek organizacyjnych nadzorowanych przez Ministra Przemysłu,2025-07-16,2025-07-22,2025-07-23T11:00:33,74bda7e0a933a211d50ee9eac8b572df6ce1bd8f583545660064d32687c2cf0d,2,137,0,0,0,ok,,eli2md 0.6.3,2026-09-29T23:24:45Z
MP/2025/676,2025,676,Uchwała,"Uchwała nr 97 Rady Ministrów z dnia 16 lipca 2025 r. w sprawie ustanowienia programu rządowego pod nazwą ""Promocja Sportu Osób z Niepełnosprawnościami w 2025 r.""",2025-07-16,2025-07-23,2025-07-24T11:35:24,ba9d8af95a493d0a0e775268406cdf1883734e66d8aecbeb43d7de2e397780d4,10,2619,0,0,0,ok,,eli2md 0.6.3,2026-09-29T23:24:45Z
MP/2025/677,2025,677,Postanowienie,Postanowienie Prezydenta Rzeczypospolitej Polskiej z dnia 20 maja 2025 r. nr rej. 307/2025 o nadaniu orderów i odznaczeń,2025-05-20,2025-07-22,2025-07-24T11:35:24,29cb78c2cae18b50fcfae93da5b478fea09dc5534784db328e7f310cbc7994c5,1,163,0,0,0,ok,,eli2md 0.6.3,2026-09-29T23:24:45Z
MP/2025/678,2025,678,Postanowienie,Postanowienie Prezydenta Rzeczypospolitej Polskiej z dnia 21 maja 2025 r. nr rej. 310/2025 o nadaniu orderów,2025-05-21,2025-07-22,2025-07-24T11:35:24,e772c8149b09f30b03aa9b5d798c1871449e64f0089dafaf85f710469e6c912e,1,86,0,0,0,ok,,eli2md 0.6.3,2026-09-29T23:24:45Z
MP/2025/679,2025,679,Postanowienie,Postanowienie Prezydenta Rzeczypospolitej Polskiej z dnia 22 maja 2025 r. nr rej. 318/2025 o nadaniu orderów i odznaczeń,2025-05-22,2025-07-22,2025-07-24T11:35:24,7859dfb61226cca1ff28728adbacbd1a6c4cde19bd1401a5ab10f7093a3988af,1,127,0,0,0,ok,,eli2md 0.6.3,2026-09-29T23:24:45Z
MP/2025/680,2025,680,Postanowienie,Postanowienie Prezydenta Rzeczypospolitej Polskiej z dnia 23 maja 2025 r. nr rej. 322/2025 o nadaniu orderu,2025-05-23,2025-07-22,2025-07-24T11:35:24,4ef8c54eebe5b98d8e8826851a9e8eb879054a0be33d918a9d4b07b84b881c51,1,81,0,0,0,ok,,eli2md 0.6.3,2026-09-29T23:24:45Z
MP/2025/681,2025,681,Postanowienie,Postanowienie Prezydenta Rzeczypospolitej Polskiej z dnia 28 maja 2025 r. nr rej. 324/2025 o nadaniu odznaczeń,2025-05-28,2025-07-22,2025-07-24T11:35:24,b6c3a565f765efb45d726e469070839f162b5bee04c7a183d9d0ac90ad93e901,3,338,0,0,0,ok,,eli2md 0.6.3,2026-09-29T23:24:45Z
MP/2025/682,2025,682,Uchwała,Uchwała Sejmu Rzeczypospolitej Polskiej z dnia 9 lipca 2025 r. w sprawie upamiętnienia Ofiar Obławy Augustowskiej w 80. rocznicę zbrodni,2025-07-09,2025-07-23,2026-05-12T09:01:27,26bd24943c2e68317a38f5b6579ea7997a86b5eadc639e02d3822d595b5a4d1d,1,426,0,0,0,ok,,eli2md 0.6.3,2026-09-29T23:24:45Z
MP/2025/683,2025,683,Uchwała,Uchwała Sejmu Rzeczypospolitej Polskiej z dnia 9 lipca 2025 r. w sprawie polityki migracyjnej i ochrony wschodniej granicy Rzeczypospolitej Polskiej,2025-07-09,2025-07-23,2025-07-24T11:35:24,8aad7b16b9d9943a2a13a8b861545c6c5e0e8ff5955033d6ee24bffedbf84266,1,303,0,0,0,ok,,eli2md 0.6.3,2026-09-29T23:24:45Z
MP/2025/684,2025,684,Obwieszczenie,Obwieszczenie Ministra Sprawiedliwości z dnia 22 lipca 2025 r. w sprawie wysokości odsetek ustawowych,2025-07-22,2025-07-23,2025-07-24T11:35:24,e5a895cbb351bb43e3fc0b2248f25ca43163095f6b19300a660a81a3996e7a5b,1,67,0,0,0,ok,,eli2md 0.6.3,2026-09-29T23:24:45Z
MP/2025/685,2025,685,Obwieszczenie,Obwieszczenie Ministra Sprawiedliwości z dnia 22 lipca 2025 r. w sprawie wysokości odsetek ustawowych za opóźnienie,2025-07-22,2025-07-23,2025-07-24T11:35:24,c84ed642ff57a5299101eedfd2e5164aac440ea197684c94304e3b4e927bf168,1,71,0,0,0,ok,,eli2md 0.6.3,2026-09-29T23:24:45Z
MP/2025/686,2025,686,Uchwała,Uchwała Sejmu Rzeczypospolitej Polskiej z dnia 23 lipca 2025 r. w sprawie wyrażenia zgody na przedłużenie okresu obowiązywania czasowego ograniczenia prawa do złożenia wniosku o udzielenie ochrony międzynarodowej na granicy państwowej z Republiką Białorusi,2025-07-23,2025-07-23,2026-01-16T10:35:28,47f9d2eaf07c589816df83c95f1e6354c16d1a4c56c3eda59830b2bcf712ae10,1,164,0,0,0,ok,,eli2md 0.6.3,2026-09-29T23:24:45Z
MP/2025/687,2025,687,Obwieszczenie,Obwieszczenie Prokuratora Generalnego z dnia 21 lipca 2025 r. o wolnych stanowiskach prokuratorskich,2025-07-21,2025-07-24,2025-07-25T11:23:32,c33f6683edf65b24fabeea963dfc86b873816a74ef9bc13fb8443d7d353bddff,2,419,0,0,0,ok,,eli2md 0.6.3,2026-09-29T23:24:45Z
MP/2025/688,2025,688,Obwieszczenie,"Obwieszczenie Prezesa Głównego Urzędu Statystycznego z dnia 21 lipca 2025 r. w sprawie przeciętnego miesięcznego wynagrodzenia w sektorze przedsiębiorstw, włącznie z wypłatami z zysku, w drugim kwartale 2025 r.",2025-07-21,2025-07-24,2025-07-25T11:23:33,0a30b1bea250d966ec19feaa4ff96c6583308c66d8a4db21c3ca7807de9d8427,1,90,0,0,0,ok,,eli2md 0.6.3,2026-09-29T23:24:45Z
MP/2025/689,2025,689,Postanowienie,Postanowienie Prezydenta Rzeczypospolitej Polskiej z dnia 24 lipca 2025 r. nr 1131.27.2025 o zmianie w składzie Rady Ministrów,2025-07-24,2025-07-24,2025-07-25T11:23:33,b3e367e4a927e233379744e249403af535799d8d4d693d4650838d87a7affe96,1,252,0,0,0,ok,,eli2md 0.6.3,2026-09-29T23:24:45Z
MP/2025/690,2025,690,Postanowienie,Postanowienie Prezydenta Rzeczypospolitej Polskiej z dnia 24 lipca 2025 r. nr 1131.28.2025 o zmianie w składzie Rady Ministrów,2025-07-24,2025-07-24,2025-07-25T11:23:33,c36a58a3e277c82ed3cb91bb79d0ba70c471be8a3d18228c17addfb7ebf2984d,1,204,0,0,0,ok,,eli2md 0.6.3,2026-09-29T23:24:45Z
MP/2025/691,2025,691,Uchwała,Uchwała Senatu Rzeczypospolitej Polskiej z dnia 16 lipca 2025 r. w 100-lecie Szkoły Orląt i w 85. rocznicę bitwy o Anglię,2025-07-16,2025-07-25,2026-05-12T09:01:27,eba2e71fb552abf64e2f0357a99f76a2210b730041dcd147ff78fe41f6f2c2e4,1,375,0,0,0,ok,,eli2md 0.6.3,2026-09-29T23:24:45Z
MP/2025/692,2025,692,Uchwała,Uchwała Senatu Rzeczypospolitej Polskiej z dnia 16 lipca 2025 r. w sprawie upamiętnienia ofiar w 80. rocznicę Obławy Augustowskiej,2025-07-16,2025-07-25,2026-05-12T09:01:27,5f9130a9a38f21179b27d161a85a92b734ab8b52f95903ad556189f3b4132b09,2,487,0,0,0,ok,,eli2md 0.6.3,2026-09-29T23:24:45Z
MP/2025/693,2025,693,Uchwała,Uchwała Senatu Rzeczypospolitej Polskiej z dnia 16 lipca 2025 r. w sprawie potępienia wypowiedzi podważających prawdę o tragedii Holokaustu i negujących cierpienie milionów ofiar niemieckich nazistowskich obozów zagłady,2025-06-16,2025-07-25,2025-07-28T11:36:38,34e8770cdd600bcdd0e4a347dabbc42bf3a9d6902f6dfd3b5d93995d011e7de3,1,227,0,0,0,ok,,eli2md 0.6.3,2026-09-29T23:24:45Z
MP/2025/694,2025,694,Postanowienie,Postanowienie Prezydenta Rzeczypospolitej Polskiej z dnia 20 maja 2025 r. nr rej. 309/2025 o nadaniu orderów,2025-05-20,2025-07-22,2025-07-28T11:36:38,15c96ace5d46c7d53cffa395a39e8d4c84f1c679ab445df93cf1a9c3b700b597,1,122,0,0,0,ok,,eli2md 0.6.3,2026-09-29T23:24:45Z
MP/2025/695,2025,695,Postanowienie,Postanowienie Prezydenta Rzeczypospolitej Polskiej z dnia 23 maja 2025 r. nr rej. 326/2025 o nadaniu odznaczenia,2025-05-23,2025-07-22,2025-07-28T11:36:38,4a6b7832691affb4c9ff56a1f1a077525ee6d840a3a03da6bd55146b6aeeb9f0,1,72,0,0,0,ok,,eli2md 0.6.3,2026-09-29T23:24:45Z
MP/2025/696,2025,696,Postanowienie,Postanowienie Prezydenta Rzeczypospolitej Polskiej z dnia 26 maja 2025 r. nr rej. 327/2025 o nadaniu orderu i odznaczeń,2025-05-26,2025-07-22,2025-07-28T11:36:38,c91169f3f7d5911e94e7581b1d3cdf3d4e3751bda65e72a0ba7b2135b6a15d33,1,121,0,0,0,ok,,eli2md 0.6.3,2026-09-29T23:24:45Z
MP/2025/697,2025,697,Postanowienie,Postanowienie Prezydenta Rzeczypospolitej Polskiej z dnia 27 maja 2025 r. nr rej. 329/2025 o nadaniu orderu,2025-05-27,2025-07-22,2025-07-28T11:36:38,8a4597eb3ed32d39ffa46216bf45f642eb9c06b88f4ea5150684d1e2ceb82cd0,1,80,0,0,0,ok,,eli2md 0.6.3,2026-09-29T23:24:45Z
MP/2025/698,2025,698,Postanowienie,Postanowienie Prezydenta Rzeczypospolitej Polskiej z dnia 29 maja 2025 r. nr rej. 330/2025 o nadaniu orderów i odznaczenia,2025-05-29,2025-07-22,2025-07-28T11:36:39,36abdbafcdc377d3f89c38a184a56505acfd7fbfe737dff1933b41753a5629a1,1,124,0,0,0,ok,,eli2md 0.6.3,2026-09-29T23:24:45Z
MP/2025/699,2025,699,Postanowienie,Postanowienie Prezydenta Rzeczypospolitej Polskiej z dnia 29 maja 2025 r. nr rej. 331/2025 o nadaniu odznaczeń,2025-05-29,2025-07-22,2025-07-28T11:36:39,4cc929ff9e6844408440bcbd191bc8cf50b517fe3764df9c4707354f697f1e12,1,161,0,0,0,ok,,eli2md 0.6.3,2026-09-29T23:24:45Z
MP/2025/700,2025,700,Postanowienie,Postanowienie Prezydenta Rzeczypospolitej Polskiej z dnia 30 maja 2025 r. nr rej. 336/2025 o nadaniu orderu i odznaczeń,2025-05-30,2025-07-22,2025-07-28T11:36:39,dd9aa721ef35014c32f2338add0b1ddbbb8df8ea1f552551fe11cf4297ad396b,2,222,0,0,0,ok,,eli2md 0.6.3,2026-09-29T23:24:45Z
MP/2025/701,2025,701,Postanowienie,Postanowienie Prezydenta Rzeczypospolitej Polskiej z dnia 7 marca 2025 r. nr 1130.17.2025 o powołaniu do pełnienia urzędu na stanowisku sędziego,2025-03-07,2025-07-25,2025-07-28T11:36:39,ababb37976dad5df7cde68d09ed216d21ff57a3fb93c249aca4934f236c06b62,1,70,0,0,0,ok,,eli2md 0.6.3,2026-09-29T23:24:45Z
MP/2025/702,2025,702,Postanowienie,Postanowienie Prezydenta Rzeczypospolitej Polskiej z dnia 7 marca 2025 r. nr 1130.18.2025 o powołaniu do pełnienia urzędu na stanowisku sędziego,2025-03-07,2025-07-25,2025-07-28T11:36:39,718aa9f31aa334f3bbe4975444cd841bb03bf84fd2d67f78edf34b7381e986d2,1,58,0,0,0,ok,,eli2md 0.6.3,2026-09-29T23:24:45Z
MP/2025/703,2025,703,Obwieszczenie,Obwieszczenie Ministra Edukacji z dnia 22 lipca 2025 r. w sprawie ogólnopolskiej sieci branżowych centrów umiejętności na lata 2023-2028,2025-07-22,2025-07-28,2026-05-22T10:39:30,f1b27b387e2700d25a45f369716bd9e5082a87827fbf67a0a6523ab680146bdf,6,1060,0,0,0,ok,,eli2md 0.6.3,2026-09-29T23:24:45Z
MP/2025/704,2025,704,Obwieszczenie,Obwieszczenie Ministra Infrastruktury z dnia 24 lipca 2025 r. w sprawie wysokości stawki opłaty na rok 2026 za wydanie decyzji zatwierdzającej taryfę,2025-07-24,2025-07-28,2025-07-29T11:37:43,835de278337b16aceffd1c2c3d599f28ebb218196e63b544c0fadad4631c46fc,1,75,0,0,0,ok,,eli2md 0.6.3,2026-09-29T23:24:45Z
MP/2025/705,2025,705,Zarządzenie,Zarządzenie nr 28 Prezesa Rady Ministrów z dnia 25 lipca 2025 r. zmieniające zarządzenie w sprawie nadania statutu Ministerstwu Cyfryzacji,2025-07-25,2025-07-28,2025-07-29T11:37:43,21fb82c66a1e91c3c8041e5d4658690578c63e171ace293009c506af7432a24a,1,113,0,0,0,ok,,eli2md 0.6.3,2026-09-29T23:24:45Z
MP/2025/706,2025,706,Uchwała,Uchwała Sejmu Rzeczypospolitej Polskiej z dnia 25 lipca 2025 r. w sprawie pociągnięcia do odpowiedzialności przed Trybunałem Stanu Przewodniczącego Krajowej Rady Radiofonii i Telewizji Macieja Świrskiego,2025-07-25,2025-07-29,2025-07-30T11:24:59,b80e907545c8f4b89751eaa5dd5716642221840b0b4b7a83c6a459eb3d6fe2a8,1,74,0,0,0,ok,,eli2md 0.6.3,2026-09-29T23:24:45Z
MP/2025/707,2025,707,Uchwała,Uchwała Sejmu Rzeczypospolitej Polskiej z dnia 25 lipca 2025 r. w sprawie wyrażenia przez Sejm Rzeczypospolitej Polskiej zgody na zatrzymanie i przymusowe doprowadzenie na posiedzenie Sejmowej Komisji Śledczej posła Zbigniewa Ziobry,2025-07-25,2025-07-29,2025-07-30T11:24:59,5467c348dd12bbbc2be6c4a2e782dcc91b4b342392b524d7020e0347650544c9,1,145,0,0,0,ok,,eli2md 0.6.3,2026-09-29T23:24:45Z
MP/2025/708,2025,708,Uchwała,Uchwała Sejmu Rzeczypospolitej Polskiej z dnia 25 lipca 2025 r. w sprawie sprawozdania z wykonania budżetu państwa za okres od dnia 1 stycznia do dnia 31 grudnia 2024 r. oraz w sprawie absolutorium dla Rady Ministrów,2025-07-25,2025-07-29,2025-07-30T11:24:59,a8291e26add064221843140717c00c360611812c3ec10fbcaf578e1b4741b707,1,173,0,0,0,ok,,eli2md 0.6.3,2026-09-29T23:24:45Z
MP/2025/709,2025,709,Obwieszczenie,"Obwieszczenie Ministra Rodziny, Pracy i Polityki Społecznej z dnia 23 lipca 2025 r. w sprawie wysokości dochodu za rok 2024 z działalności podlegającej opodatkowaniu na podstawie przepisów o zryczałtowanym podatku dochodowym od niektórych przychodów osiąganych przez osoby fizyczne",2025-07-23,2025-07-30,2025-07-31T12:08:42,b628168763e6766df14ae66c19d9cd5c339ad01812761b17f6470d4f0e05eff8,23,5220,0,0,0,ok,,eli2md 0.6.3,2026-09-29T23:24:45Z
MP/2025/710,2025,710,Zarządzenie,Zarządzenie nr 30 Prezesa Rady Ministrów z dnia 30 lipca 2025 r. zmieniające zarządzenie w sprawie Stałego Komitetu Rady Ministrów,2025-07-30,2025-07-30,2025-07-31T12:08:42,83e87e50f726ec2440cb1318af6a342214c3457a7cd837812474e8e67e14898c,1,318,0,0,0,ok,,eli2md 0.6.3,2026-09-29T23:24:45Z
MP/2025/711,2025,711,Zarządzenie,"Zarządzenie nr 31 Prezesa Rady Ministrów z dnia 30 lipca 2025 r. zmieniające zarządzenie w sprawie Zespołu ""e-Legislacja""",2025-07-30,2025-07-30,2025-07-31T12:08:42,181de4e2d41c14464fa259dd361405a4f2484da2e4b29f31fa72bdf0d2b5ba18,1,146,0,0,0,ok,,eli2md 0.6.3,2026-09-29T23:24:45Z
MP/2025/712,2025,712,Uchwała,Uchwała nr 100 Rady Ministrów z dnia 21 lipca 2025 r. zmieniająca uchwałę w sprawie koordynacji procesu legislacyjnego wdrażającego deregulację,2025-07-21,2025-07-30,2025-10-14T10:54:36,dfcdea5d2ea5dcb9fb89152cc870a869ba0c6d75e94d5369ee4c2d24ccd8ea59,1,173,0,0,0,ok,,eli2md 0.6.3,2026-09-29T23:24:45Z
MP/2025/713,2025,713,Uchwała,Uchwała nr 104 Rady Ministrów z dnia 30 lipca 2025 r. zmieniająca uchwałę w sprawie koordynacji procesu legislacyjnego wdrażającego deregulację,2025-07-30,2025-07-30,2025-10-14T10:54:52,37ca4bf91adf6028a9fa3ec366ba8208a2ae07bb83f0c8d5ae03fe145cac9243,1,176,0,0,0,ok,,eli2md 0.6.3,2026-09-29T23:24:45Z
MP/2025/714,2025,714,Zarządzenie,Zarządzenie nr 29 Prezesa Rady Ministrów z dnia 30 lipca 2025 r. w sprawie zniesienia Komisji do spraw badania wpływów rosyjskich i białoruskich na bezpieczeństwo wewnętrzne i interesy Rzeczypospolitej Polskiej w latach 2004-2024,2025-07-30,2025-07-30,2025-07-31T12:08:42,6ea7393ce6d2ad5f2c3689ffb588e2a9bc49571cb06ba6a6a6ad177ccf8568fe,1,164,0,0,0,ok,,eli2md 0.6.3,2026-09-29T23:24:45Z
MP/2025/715,2025,715,Zarządzenie,"Zarządzenie nr 17/2025 Prezesa Narodowego Banku Polskiego z dnia 21 lipca 2025 r. w sprawie ustalenia wzoru, próby, masy i wielkości emisji monety o wartości nominalnej 20 zł, z serii ""Historia monety polskiej"" - 3 grosze Księstwa Warszawskiego",2025-07-21,2025-07-31,2025-08-01T10:58:18,2e1ead3a75c68e8804f6b90dbe11265150eee5c51706a46a8c1cd947a9fda014,2,205,0,0,0,ok,,eli2md 0.6.3,2026-09-29T23:24:45Z
MP/2025/716,2025,716,Obwieszczenie,Obwieszczenie Ministra Infrastruktury z dnia 25 lipca 2025 r. w sprawie wysokości stawki opłaty legalizacyjnej obowiązującej od dnia 1 stycznia 2026 r.,2025-07-25,2025-07-31,2025-08-01T10:58:18,fb8a119a740625144710ee6ade3443c4428e55ca84b9c4d6c0ebba02d120ce62,1,66,0,0,0,ok,,eli2md 0.6.3,2026-09-29T23:24:45Z
MP/2025/717,2025,717,Obwieszczenie,Obwieszczenie Ministra Infrastruktury z dnia 25 lipca 2025 r. w sprawie wysokości stawek opłat za udzielenie zgód wodnoprawnych obowiązujących od dnia 1 stycznia 2026 r.,2025-07-25,2025-07-31,2025-08-01T10:58:18,9034eccd1c29d0e618ee80c4bef5a6f7aad7f5db54d338e43f4f72038de5a7ef,1,142,0,0,0,ok,,eli2md 0.6.3,2026-09-29T23:24:45Z
MP/2025/718,2025,718,Obwieszczenie,Obwieszczenie Ministra Infrastruktury z dnia 25 lipca 2025 r. w sprawie wysokości stawek należności za korzystanie ze śródlądowych dróg wodnych i ich odcinków oraz śluz i pochylni obowiązujących od dnia 1 stycznia 2026 r.,2025-07-25,2025-08-01,2025-08-04T10:25:07,c8a49cd6a4ee87e6e8c33208471c39c91a956ef6788c19bdad3e5c2f837de06a,2,525,0,0,0,ok,,eli2md 0.6.3,2026-09-29T23:24:45Z
MP/2025/719,2025,719,Obwieszczenie,Obwieszczenie Ministra Infrastruktury z dnia 25 lipca 2025 r. w sprawie wysokości stawek opłaty podwyższonej obowiązujących od dnia 1 stycznia 2026 r.,2025-07-25,2025-08-04,2025-08-05T11:29:24,0cf7ed88feb79425bb7febac6995e0055e42e6e68a9c79d5e30ff089274d5654,5,919,0,0,0,ok,,eli2md 0.6.3,2026-09-29T23:24:45Z
MP/2025/720,2025,720,Postanowienie,Postanowienie Prezydenta Rzeczypospolitej Polskiej z dnia 12 marca 2025 r. nr 1130.12.2025 o powołaniu do pełnienia urzędu na stanowisku sędziego,2025-03-12,2025-08-05,2025-08-06T11:08:16,3a7b500efccbb099cfff33003a0b1aaa775ea069ef38b978d6f3f23266fcdf23,1,72,0,0,0,ok,,eli2md 0.6.3,2026-09-29T23:24:45Z
MP/2025/721,2025,721,Postanowienie,Postanowienie Prezydenta Rzeczypospolitej Polskiej z dnia 12 marca 2025 r. nr 1130.9.2025 o powołaniu do pełnienia urzędu na stanowisku sędziego,2025-03-12,2025-08-04,2025-08-06T11:08:16,ac8fd803ffcefa941381ba1218229583028f56ae300bd6b13b7ba8b9f6166603,1,70,0,0,0,ok,,eli2md 0.6.3,2026-09-29T23:24:45Z
MP/2025/722,2025,722,Uchwała,Uchwała Senatu Rzeczypospolitej Polskiej z dnia 30 lipca 2025 r. w sprawie przesiedleń ludności polskiej z terenów wschodnich II Rzeczypospolitej Polskiej,2025-07-30,2025-08-04,2026-05-12T09:01:27,bc4101c282c283a8c96b98e01fa5b341f70400e713af6413733f396c59b01761,1,225,0,0,0,ok,,eli2md 0.6.3,2026-09-29T23:24:45Z
MP/2025/723,2025,723,Obwieszczenie,Obwieszczenie Ministra Finansów i Gospodarki z dnia 1 sierpnia 2025 r. w sprawie ogłoszenia obowiązujących w 2026 r. maksymalnych stawek opłat za usunięcie pojazdu z drogi i jego parkowanie na parkingu strzeżonym,2025-08-01,2025-08-05,2025-08-06T11:08:16,1273750e32727082def6b1d09441544399979da8144611a97fdd034b0c3d4e47,2,264,0,0,0,ok,,eli2md 0.6.3,2026-09-29T23:24:45Z
MP/2025/724,2025,724,Postanowienie,Postanowienie Prezydenta Rzeczypospolitej Polskiej z dnia 5 sierpnia 2025 r. o użyciu oddziałów i pododdziałów Sił Zbrojnych Rzeczypospolitej Polskiej do pomocy Straży Granicznej,2025-08-05,2025-08-05,2025-08-06T11:08:16,df83f73004ce06c68057b48f6a0fae65298c51ba4bad19f6c8f6cf93710aebc4,1,127,0,0,0,ok,,eli2md 0.6.3,2026-09-29T23:24:45Z
MP/2025/725,2025,725,Zarządzenie,"Zarządzenie nr 18/2025 Prezesa Narodowego Banku Polskiego z dnia 31 lipca 2025 r. w sprawie ustalenia wzoru, próby, masy i wielkości emisji monety o wartości nominalnej 10 zł, z serii ""W Polskę wierzę"" - Pieśń ""Rota""",2025-07-31,2025-08-06,2025-08-07T11:03:08,71103f2382f5fabb4cfe54beddc7edcac5753dcad1a05403898cd8337c8062ac,2,204,0,0,0,ok,,eli2md 0.6.3,2026-09-29T23:24:45Z
MP/2025/726,2025,726,Obwieszczenie,Obwieszczenie Ministra Finansów i Gospodarki z dnia 1 sierpnia 2025 r. w sprawie górnych granic stawek kwotowych podatków i opłat lokalnych na rok 2026,2025-08-01,2025-08-06,2025-08-07T11:03:08,1a58d61c721723505a2155cb08ab1dc1e4a00f3ae3a4fee91c989cb7ebf075de,2,271,0,0,0,ok,,eli2md 0.6.3,2026-09-29T23:24:45Z
MP/2025/727,2025,727,Obwieszczenie,Obwieszczenie Ministra Finansów i Gospodarki z dnia 31 lipca 2025 r. w sprawie maksymalnych opłat za usunięcie i przechowywanie statków lub innych obiektów pływających na rok 2026,2025-07-31,2025-08-07,2025-08-07T11:04:29,8274bd8b2058a53ae513fa1ba4aac22ab40326c8cae3b19e0cc95087a32671ab,1,176,0,0,0,ok,,eli2md 0.6.3,2026-09-29T23:24:45Z
MP/2025/728,2025,728,Obwieszczenie,"Obwieszczenie Prezesa Urzędu Patentowego Rzeczypospolitej Polskiej z dnia 4 sierpnia 2025 r. o wskazaniu wystaw dających pierwszeństwo do uzyskania prawa ochronnego albo prawa z rejestracji, w przypadku wystawiania na nich wzoru użytkowego albo wzoru przemysłowego",2025-08-04,2025-08-06,2025-08-07T11:27:46,4a713a1c2ee3efbfa924c5a355b4c2b6eb5a13d950894ee9b3170ac91cdd406d,1,343,0,0,0,ok,,eli2md 0.6.3,2026-09-29T23:24:45Z
MP/2025/729,2025,729,Obwieszczenie,"Obwieszczenie Ministra Finansów i Gospodarki z dnia 1 sierpnia 2025 r. w sprawie określenia wysokości kwot rekompensat wypłacanych osobom, które wniosły przedpłaty na zakup samochodów osobowych marki Fiat 126p lub FSO 1500, na IV kwartał 2025 r.",2025-08-01,2025-08-06,2025-08-07T11:27:47,76598c0da03849d01d52262cd61187e9acc56a0f3b3acbf02a19adb7338db819,1,130,0,0,0,ok,,eli2md 0.6.3,2026-09-29T23:24:45Z
MP/2025/730,2025,730,Zarządzenie,Zarządzenie nr 32 Prezesa Rady Ministrów z dnia 5 sierpnia 2025 r. zmieniające zarządzenie w sprawie Zespołu do spraw Programowania Prac Rządu,2025-08-05,2025-08-07,2025-08-08T10:46:33,83de1c628f2f640070a0078626c9fe4926e98358969f54d0be48ef45ff913a3f,1,265,0,0,0,ok,,eli2md 0.6.3,2026-09-29T23:24:45Z
MP/2025/731,2025,731,Komunikat,"Komunikat Ministra Rolnictwa i Rozwoju Wsi z dnia 5 sierpnia 2025 r. w sprawie wytycznych szczegółowych w zakresie przyznawania, wypłaty i zwrotu pomocy finansowej w ramach Planu Strategicznego dla Wspólnej Polityki Rolnej na lata 2023-2027 dla interwencji I.10.3 Inwestycje zapobiegające rozprzestrzenianiu się ASF",2025-08-05,2025-08-07,2025-08-08T10:46:34,331f9c97a8d0590883ac66c8fd7b6ecb6a9769d663adc59070d74c88a441a19e,1,175,0,0,0,ok,,eli2md 0.6.3,2026-09-29T23:24:45Z
MP/2025/732,2025,732,Postanowienie,Postanowienie Prezydenta Rzeczypospolitej Polskiej z dnia 17 marca 2025 r. nr 1130.13.2025 o powołaniu do pełnienia urzędu na stanowisku sędziego,2025-03-17,2025-08-08,2025-08-11T12:12:20,55ee8a142d555f061f1fd704dc50f113d1b375559a853774f5e1fda83e7f39d3,1,58,0,0,0,ok,,eli2md 0.6.3,2026-09-29T23:24:45Z
MP/2025/733,2025,733,Postanowienie,Postanowienie Prezydenta Rzeczypospolitej Polskiej z dnia 6 marca 2025 r. nr 1130.14.2025 o powołaniu do pełnienia urzędu na stanowisku sędziego,2025-03-06,2025-08-08,2025-08-11T12:12:20,757f7f8ef7b98bc5d913c029b9c1ff3f474eea1b7a165c2256c558080de3a2f4,1,180,0,0,0,ok,,eli2md 0.6.3,2026-09-29T23:24:45Z
MP/2025/734,2025,734,Obwieszczenie,"Obwieszczenie Ministra Klimatu i Środowiska z dnia 1 sierpnia 2025 r. w sprawie wykazu miast o liczbie mieszkańców większej niż 100 tysięcy i aglomeracji, w których wartość wskaźnika średniego narażenia dla miasta o liczbie mieszkańców większej niż 100 tysięcy i aglomeracji przekracza wartość pułapu stężenia ekspozycji, oraz wykazu miast o liczbie mieszkańców większej niż 100 tysięcy i aglomeracji, w których wartość wskaźnika średniego narażenia dla miasta o liczbie mieszkańców większej niż 100 tysięcy i aglomeracji nie przekracza wartości pułapu stężenia ekspozycji",2025-08-01,2025-08-08,2025-08-11T12:12:20,72ec6b16859a8c25685a1838c01451e7673c6d8258e9522145e0f628fe8afa29,3,449,0,0,0,ok,,eli2md 0.6.3,2026-09-29T23:24:45Z
MP/2025/735,2025,735,Uchwała,Uchwała Sejmu Rzeczypospolitej Polskiej z dnia 5 sierpnia 2025 r. w sprawie wyrażenia przez Sejm Rzeczypospolitej Polskiej zgody na pociągnięcie do odpowiedzialności karnej posła Antoniego Macierewicza,2025-08-05,2025-08-08,2025-08-11T12:12:21,4a7b19be2a273c40284c559a983474ae358198b21a15bce6d84052964e07845d,1,102,0,0,0,ok,,eli2md 0.6.3,2026-09-29T23:24:45Z
MP/2025/736,2025,736,Uchwała,Uchwała Sejmu Rzeczypospolitej Polskiej z dnia 5 sierpnia 2025 r. w sprawie wyrażenia przez Sejm Rzeczypospolitej Polskiej zgody na pociągnięcie do odpowiedzialności karnej posła Romana Fritza,2025-08-05,2025-08-08,2025-08-11T12:12:21,18caeba455562697f088134fa24c824c3bbde20b5afca17a60c28e2568bbc0ff,1,94,0,0,0,ok,,eli2md 0.6.3,2026-09-29T23:24:45Z
MP/2025/737,2025,737,Komunikat,Komunikat Ministra Rolnictwa i Rozwoju Wsi z dnia 6 sierpnia 2025 r. w sprawie zmienionych wytycznych w zakresie zasad przeprowadzania kontroli na miejscu w ramach Planu Strategicznego dla Wspólnej Polityki Rolnej na lata 2023-2027,2025-08-06,2025-08-08,2025-08-11T12:12:22,6367d53852b744054a0180642fc72b10ac0ac1dd45597f8166aa77ed8b72a6aa,1,157,0,0,0,ok,,eli2md 0.6.3,2026-09-29T23:24:45Z
MP/2025/738,2025,738,Postanowienie,Postanowienie Prezydenta Rzeczypospolitej Polskiej z dnia 21 lipca 2025 r. nr 112.50.2025 o mianowaniu na stopień generalnego inspektora Policji,2025-07-21,2025-08-08,2025-08-11T12:12:22,ef9bd9de85ade739f54cd2b760b149ae8733b496319e609c3859ecf6819e8e89,1,72,0,0,0,ok,,eli2md 0.6.3,2026-09-29T23:24:45Z
MP/2025/739,2025,739,Postanowienie,Postanowienie Prezydenta Rzeczypospolitej Polskiej z dnia 21 lipca 2025 r. nr 112.51.2025 o mianowaniu na stopień nadinspektora Policji,2025-07-21,2025-08-08,2025-08-11T12:12:22,8f053ac79233b64d4c01935662133426cc0db953d2d5b9657310b3eb2b1ec515,1,82,0,0,0,ok,,eli2md 0.6.3,2026-09-29T23:24:45Z
MP/2025/740,2025,740,Postanowienie,Postanowienie Prezydenta Rzeczypospolitej Polskiej z dnia 21 lipca 2025 r. nr 112.55.2025 o mianowaniu na stopień nadinspektora Policji,2025-07-21,2025-08-08,2025-08-11T12:12:23,b7afd06239ef7d20cb20395bf2837f686ba5a89ba0457d79549497250debb260,1,70,0,0,0,ok,,eli2md 0.6.3,2026-09-29T23:24:45Z
MP/2025/741,2025,741,Zarządzenie,Zarządzenie Prezydenta Rzeczypospolitej Polskiej z dnia 7 sierpnia 2025 r. zmieniające zarządzenie w sprawie nadania statutu Kancelarii Prezydenta Rzeczypospolitej Polskie,2025-08-07,2025-08-11,2025-08-13T10:11:12,fc71a1ae0f906a9725132333cf8a513a73eb3d60af6f581f339f13261f4ed5ee,1,349,0,0,0,ok,,eli2md 0.6.3,2026-09-29T23:24:45Z
MP/2025/742,2025,742,Zarządzenie,Zarządzenie Prezydenta Rzeczypospolitej Polskiej z dnia 7 sierpnia 2025 r. zmieniające zarządzenie w sprawie organizacji oraz zakresu działania Biura Bezpieczeństwa Narodowego,2025-08-07,2025-08-11,2025-09-30T11:05:08,33a4968afebb105967998372226f6c57df5b047ec1269efa02e552f0c4ada42b,1,131,0,0,0,ok,,eli2md 0.6.3,2026-09-29T23:24:45Z
MP/2025/743,2025,743,Komunikat,Komunikat Prezesa Głównego Urzędu Statystycznego z dnia 8 sierpnia 2025 r. w sprawie przeciętnego wynagrodzenia w drugim kwartale 2025 r.,2025-08-08,2025-08-11,2025-08-13T10:11:13,ff5b7e642324aa10c75a727ade2afa6855215910ec99ded2c7f0230d763cdcfb,1,77,0,0,0,ok,,eli2md 0.6.3,2026-09-29T23:24:45Z
MP/2025/744,2025,744,Uchwała,Uchwała Senatu Rzeczypospolitej Polskiej z dnia 7 sierpnia 2025 r. w sprawie niewyrażenia zgody na pociągnięcie do odpowiedzialności karnej senatora Adama Bodnara,2025-08-07,2025-08-12,2025-08-13T10:11:13,c1cf909a2d5e3ccb331a54f7c479e311ecbfc01062f80b08a1a6e534fd4ab374,1,95,0,0,0,ok,,eli2md 0.6.3,2026-09-29T23:24:45Z
MP/2025/745,2025,745,Obwieszczenie,Obwieszczenie Ministra Finansów i Gospodarki z dnia 7 sierpnia 2025 r. w sprawie wysokości kwoty wymienionej w art. 41 § 1 ustawy - Ordynacja podatkowa na rok 2026,2025-08-07,2025-08-12,2025-08-13T10:11:13,521cb789a1410ffaf013d1bf5ac6a3e07475a55ed815a5014d8b6413084c62f0,1,94,0,0,0,ok,,eli2md 0.6.3,2026-09-29T23:24:45Z
MP/2025/746,2025,746,Komunikat,Komunikat Prezesa Państwowej Agencji Atomistyki z dnia 6 sierpnia 2025 r. w sprawie sytuacji radiacyjnej kraju w II kwartale 2025 r.,2025-08-06,2025-08-12,2025-08-13T10:11:14,2ac38c259c6510898e86340016fb0188d7cd4753b318b79b8ec5c0a27c7db829,1,169,0,0,0,ok,,eli2md 0.6.3,2026-09-29T23:24:45Z
MP/2025/747,2025,747,Uchwała,Uchwała Sejmu Rzeczypospolitej Polskiej z dnia 25 lipca 2025 r. w 90. rocznicę urodzin Jarosława Marka Rymkiewicza,2025-07-25,2025-08-12,2026-05-12T09:01:27,0eea6427b7a199aff10a86a555efc969d9c257bffccc9aa282413d4ae447036e,1,330,0,0,0,ok,,eli2md 0.6.3,2026-09-29T23:24:45Z
MP/2025/748,2025,748,Uchwała,Uchwała Sejmu Rzeczypospolitej Polskiej z dnia 25 lipca 2025 r. w sprawie wyboru oskarżyciela przed Trybunałem Stanu,2025-07-25,2025-08-12,2025-08-13T10:11:14,80b44fd3a71c818a4671b3ab197fef84355b7977ead50cb4c9214979db462eb0,1,81,0,0,0,ok,,eli2md 0.6.3,2026-09-29T23:24:45Z
MP/2025/749,2025,749,Uchwała,Uchwała Senatu Rzeczypospolitej Polskiej z dnia 7 sierpnia 2025 r. w sprawie uczczenia 100-lecia powstania Polskiego Towarzystwa Polityki Społecznej,2025-08-07,2025-08-12,2026-05-12T09:01:27,7918563a7b4ef40749c0b497426acfbc48517c82b34e13b5e4460f3ed9b61ae4,2,559,0,0,0,ok,,eli2md 0.6.3,2026-09-29T23:24:45Z
MP/2025/750,2025,750,Uchwała,Uchwała Sejmu Rzeczypospolitej Polskiej z dnia 25 lipca 2025 r. w sprawie umowy UE - Mercosur,2025-07-25,2025-08-12,2025-08-13T10:11:15,0a5e22b06dd96776c87501c757df3e8a941e75b028f48356711de422102be962,1,254,0,0,0,ok,,eli2md 0.6.3,2026-09-29T23:24:45Z
MP/2025/751,2025,751,Uchwała,Uchwała Sejmu Rzeczypospolitej Polskiej z dnia 25 lipca 2025 r. w sprawie potępienia negowania zbrodni niemieckiego nazistowskiego ludobójstwa podczas II wojny światowej,2025-07-25,2025-08-12,2026-05-12T09:01:27,4c735379e37942c873abdfa9a5488bb5d2501c699d4ad0841b9b6df09fe70f8e,1,370,0,0,0,ok,,eli2md 0.6.3,2026-09-29T23:24:45Z
MP/2025/752,2025,752,Zarządzenie,"Zarządzenie nr 33 Prezesa Rady Ministrów z dnia 11 sierpnia 2025 r. w sprawie powołania Komitetu Koordynacyjnego do spraw Programu ""Czyste Powietrze""",2025-08-11,2025-08-12,2025-08-13T10:11:16,20649a12bc086cb5fbc306dd043d3ca2a9ab82506bae3d6e1401a95e4bf3eb87,3,879,0,0,0,ok,,eli2md 0.6.3,2026-09-29T23:24:45Z
MP/2025/753,2025,753,Uchwała,Uchwała Sejmu Rzeczypospolitej Polskiej z dnia 25 lipca 2025 r. w sprawie upamiętnienia 45. rocznicy Lubelskiego Lipca '80,2025-07-25,2025-08-13,2026-05-12T09:01:27,b2689c19d6c60b735729c04dd5664d67b4e77f69a92bd2fff585d6e8dc73f93c,1,275,0,0,0,ok,,eli2md 0.6.3,2026-09-29T23:24:45Z
MP/2025/754,2025,754,Postanowienie,Postanowienie Prezydenta Rzeczypospolitej Polskiej z dnia 5 lutego 2025 r. nr 1130.1.2025 o powołaniu do pełnienia urzędu na stanowisku sędziego,2025-02-05,2025-08-13,2025-08-14T12:01:39,af13ec9d6e3e0062e77484ceade72385d9d42546d34821ce0ae93d4653fd8890,1,133,0,0,0,ok,,eli2md 0.6.3,2026-09-29T23:24:45Z
MP/2025/755,2025,755,Postanowienie,Postanowienie Prezydenta Rzeczypospolitej Polskiej z dnia 6 marca 2025 r. nr 1130.3.2025 o powołaniu do pełnienia urzędu na stanowisku sędziego,2025-03-06,2025-08-13,2025-08-14T12:01:39,b878c8b96a439a77587fe063e2874406ebfabdb4b5f386155d0d5b028e068367,1,180,0,0,0,ok,,eli2md 0.6.3,2026-09-29T23:24:45Z
MP/2025/756,2025,756,Uchwała,Uchwała nr 86/2025 Państwowej Komisji Wyborczej z dnia 18 lutego 2025 r. zmieniająca uchwałę w sprawie wytycznych i wyjaśnień w sprawie referendów lokalnych dotyczących odwołania organów jednostek samorządu terytorialnego,2025-02-18,2025-08-13,2025-08-14T12:01:40,0239ca1c5103e23a2238712d4dff40d3a82b760d985ff0e7aa6700c6844038db,2,533,0,0,0,ok,,eli2md 0.6.3,2026-09-29T23:24:45Z
MP/2025/757,2025,757,Komunikat,"Komunikat Prezesa Zakładu Ubezpieczeń Społecznych z dnia 12 sierpnia 2025 r. w sprawie wysokości wskaźnika kwartalnej waloryzacji składek na ubezpieczenie emerytalne, środków, odsetek za zwłokę i opłaty prolongacyjnej, zewidencjonowanych na subkoncie, za II kwartał 2025 r.",2025-08-12,2025-08-13,2025-08-14T12:01:40,1a846edfd918313bb270f7fee49a3324cb5a85a690343fd2547285401a596ac8,1,101,0,0,0,ok,,eli2md 0.6.3,2026-09-29T23:24:45Z
MP/2025/758,2025,758,Komunikat,Komunikat Prezesa Zakładu Ubezpieczeń Społecznych z dnia 12 sierpnia 2025 r. w sprawie kwot przychodu odpowiadających 70 % i 130 % przeciętnego miesięcznego wynagrodzenia ogłoszonego za II kwartał 2025 r. stosowanych przy zmniejszaniu albo zawieszaniu emerytur i rent,2025-08-12,2025-08-13,2025-08-14T12:01:40,5e2906b0a8915befb7e0f87e346c66c974c1f9af88d3ce8211bfc1605f83503a,1,128,0,0,0,ok,,eli2md 0.6.3,2026-09-29T23:24:45Z
MP/2025/759,2025,759,Obwieszczenie,Obwieszczenie Prezesa Zakładu Ubezpieczeń Społecznych z dnia 12 sierpnia 2025 r. w sprawie wskaźnika waloryzacji podstawy wymiaru zasiłku chorobowego przyjętej do obliczenia świadczenia rehabilitacyjnego w IV kwartale 2025 r.,2025-08-12,2025-08-13,2025-08-14T12:01:41,7a4a0620e4f8c78b86c076577a3ce51cc59ec74ebd89126ded7b6077ec4c5c66,1,92,0,0,0,ok,,eli2md 0.6.3,2026-09-29T23:24:45Z
MP/2025/760,2025,760,Uchwała,Uchwała Senatu Rzeczypospolitej Polskiej z dnia 7 sierpnia 2025 r. w 45. rocznicę podpisania Porozumień Sierpniowych,2025-08-07,2025-08-14,2026-05-12T09:01:27,c59575868d48c9a5012935be654d40cd987f9c9c638f88173129e71ce195eae1,1,163,0,0,0,ok,,eli2md 0.6.3,2026-09-29T23:24:45Z
MP/2025/761,2025,761,Obwieszczenie,Obwieszczenie Ministra Finansów i Gospodarki z dnia 13 sierpnia 2025 r. w sprawie wysokości kwoty wymienionej w art. 262 § 1 ustawy - Ordynacja podatkowa na rok 2026,2025-08-13,2025-08-14,2025-08-18T10:29:30,1108fabd150b2ca437aef692980f4832396d2b671117fc2e664ccfbaef89617b,1,92,0,0,0,ok,,eli2md 0.6.3,2026-09-29T23:24:45Z
MP/2025/762,2025,762,Uchwała,"Uchwała nr 106 Rady Ministrów z dnia 8 sierpnia 2025 r. zmieniająca uchwałę w sprawie ustanowienia programu wieloletniego pod nazwą ""Program wspierania inwestycji infrastrukturalnych w związku z realizacją kluczowych inwestycji w zakresie strategicznej infrastruktury energetycznej, w tym elektrowni jądrowej, w województwie pomorskim""",2025-08-08,2025-08-18,2026-03-03T10:09:38,693d0858fd4bc2247ea488add6affc7b659d4ce43cef0076f1a52d37dd07afe6,7,2493,0,0,0,ok,,eli2md 0.6.3,2026-09-29T23:24:45Z
MP/2025/763,2025,763,Postanowienie,Postanowienie Prezydenta Rzeczypospolitej Polskiej z dnia 5 sierpnia 2025 r. nr 1131.29.2025 o odwołaniu Szefa Kancelarii Prezydenta Rzeczypospolitej Polskiej,2025-08-05,2025-08-18,2025-08-19T10:46:38,229fff5610a3979f153bd12e6aee17184ce9bc4ffbef9b8ee658899f4d7e6a6b,1,66,0,0,0,ok,,eli2md 0.6.3,2026-09-29T23:24:45Z
MP/2025/764,2025,764,Postanowienie,Postanowienie Prezydenta Rzeczypospolitej Polskiej z dnia 7 sierpnia 2025 r. nr 1131.40.2025 o powołaniu Szefa Kancelarii Prezydenta Rzeczypospolitej Polskiej,2025-08-07,2025-08-18,2025-08-19T10:46:38,f3070fb1f8f4039816aaf25ab6858c9abf4ed24f850b60b7af9acf0c3ddba0f4,1,65,0,0,0,ok,,eli2md 0.6.3,2026-09-29T23:24:45Z
MP/2025/765,2025,765,Postanowienie,Postanowienie Prezydenta Rzeczypospolitej Polskiej z dnia 27 lutego 2025 r. nr 1130.4.2025 o powołaniu do pełnienia urzędu na stanowisku sędziego,2025-02-27,2025-08-18,2025-08-19T10:46:39,8fd2428154c8565d103b4d43877e29d0f7dbfcbc2eeadad11491a8634ed8ea4f,1,92,0,0,0,ok,,eli2md 0.6.3,2026-09-29T23:24:45Z
MP/2025/766,2025,766,Postanowienie,Postanowienie Prezydenta Rzeczypospolitej Polskiej z dnia 11 marca 2025 r. nr 1130.6.2025 o powołaniu do pełnienia urzędu na stanowisku sędziego,2025-03-11,2025-08-18,2025-08-19T10:46:39,cc310605c7ec9f6f1f6bbaa88755dcb8454107789845d07144fc313c39ccbb88,1,108,0,0,0,ok,,eli2md 0.6.3,2026-09-29T23:24:45Z
MP/2025/767,2025,767,Komunikat,"Komunikat Państwowej Komisji Wyborczej z dnia 15 lipca 2025 r. w sprawie sprawozdań finansowych komitetów wyborczych uczestniczących w wyborach uzupełniających do Senatu Rzeczypospolitej Polskiej w okręgu wyborczym nr 33, przeprowadzonych w dniu 16 marca 2025 r.",2025-07-15,2025-08-18,2025-08-19T10:46:43,9b60dc72f46dbfc01b8d4f152a01dcc71577b3cc2dffe04b53ef9eeadb586ab4,50,2346,38,10,22,ok,,eli2md 0.6.3,2026-09-29T23:24:45Z
MP/2025/768,2025,768,Obwieszczenie,Obwieszczenie Prezesa Rady Ministrów z dnia 13 sierpnia 2025 r. w sprawie ogłoszenia jednolitego tekstu zarządzenia Prezesa Rady Ministrów w sprawie nadania statutu Agencji Bezpieczeństwa Wewnętrznego,2025-08-13,2025-08-18,2025-08-19T10:47:07,ea8216066f40413f5a3ea692873f55833f011352253e3ba9aa79ab91fa321866,4,725,0,0,0,ok,,eli2md 0.6.3,2026-09-29T23:24:45Z
MP/2025/769,2025,769,Obwieszczenie,Obwieszczenie Ministra Klimatu i Środowiska z dnia 6 sierpnia 2025 r. w sprawie wysokości stawek opłat za korzystanie ze środowiska na rok 2026,2025-08-06,2025-08-19,2025-08-20T09:46:41,bd015787eee43206fe4159a556a5812e37d15fb98c29429334ed692f1de6dc1b,46,15400,0,0,0,ok,,eli2md 0.6.3,2026-09-29T23:24:45Z
MP/2025/770,2025,770,Obwieszczenie,"Obwieszczenie Ministra Rolnictwa i Rozwoju Wsi z dnia 14 sierpnia 2025 r. w sprawie wskaźnika trwałych użytków zielonych w 2025 r. oraz wielkości, o jaką wskaźnik ten jest większy albo mniejszy od wskaźnika referencyjnego w 2025 r.",2025-08-14,2025-08-19,2025-08-20T09:46:41,cfc644558b5dcc678e91e31a6d80281aa8b6484a02dc39eb4c378d3821634bf0,1,204,0,0,0,ok,,eli2md 0.6.3,2026-09-29T23:24:45Z
MP/2025/771,2025,771,Obwieszczenie,"Obwieszczenie Ministra Rodziny, Pracy i Polityki Społecznej z dnia 6 sierpnia 2025 r. w sprawie wykazu jednostek, którym w 2024 r. przyznano dotacje celowe, oraz kwot tych dotacji",2025-08-06,2025-08-20,2025-08-21T11:26:03,9a445f195a33157d9770fa65ddc84161cee345f6cb681859684a6e6f93f2d9a1,6,1085,0,0,0,ok,,eli2md 0.6.3,2026-09-29T23:24:45Z
MP/2025/772,2025,772,Zarządzenie,Zarządzenie Ministra Edukacji z dnia 14 sierpnia 2025 r. zmieniające zarządzenie w sprawie nadania statutu Centralnej Komisji Egzaminacyjnej,2025-08-14,2025-08-20,2025-08-21T11:26:04,9e4e498d47656ab65ec342c77c564001a8784b8985001a30ccce719f7c47eaef,1,203,0,0,0,ok,,eli2md 0.6.3,2026-09-29T23:24:45Z
MP/2025/773,2025,773,Umowa międzynarodowa,"Memorandum of Understanding w sprawie wdrażania Norweskiego Mechanizmu Finansowego na lata 2021-2028 między Rzecząpospolitą Polską a Królestwem Norwegii, podpisane w Warszawie dnia 23 kwietnia 2025 r.",2025-04-23,2025-08-20,2025-08-21T11:26:04,947035eeb6ce5808bce80fcf12af923d0ebe81f28decf84a933e3a2ffdc8e55a,27,6802,26,1,26,ok,,eli2md 0.6.3,2026-09-29T23:24:45Z
MP/2025/774,2025,774,Oświadczenie rządowe,"Oświadczenie rządowe z dnia 6 czerwca 2025 r. o związaniu Rzeczypospolitej Polskiej Memorandum of Understanding w sprawie wdrażania Norweskiego Mechanizmu Finansowego na lata 2021-2028 między Rzecząpospolitą Polską a Królestwem Norwegii, podpisanym w Warszawie dnia 23 kwietnia 2025 r.",2025-06-06,2025-08-20,2025-08-21T11:26:06,d6d4a32f6b5353aab0b65b281a10477e3b1165b591f843862bc26594a678b987,1,140,0,0,0,ok,,eli2md 0.6.3,2026-09-29T23:24:45Z
MP/2025/775,2025,775,Postanowienie,Postanowienie Prezydenta Rzeczypospolitej Polskiej z dnia 21 lipca 2025 r. nr 115.11.2025 w sprawie nadania tytułu profesora,2025-07-21,2025-08-20,2025-08-21T11:26:06,63eb046f13c834f2cac190b0f1e73a5e014f6bfcd5e024a3ec419ac7a621cd2b,3,807,0,0,0,ok,,eli2md 0.6.3,2026-09-29T23:24:45Z
MP/2025/776,2025,776,Obwieszczenie,"Obwieszczenie Ministra Finansów i Gospodarki z dnia 7 sierpnia 2025 r. w sprawie włączenia kwalifikacji wolnorynkowej ""Obsługiwanie specjalistycznych urządzeń i linii procesowych w produkcji farb, lakierów i klejów"" do Zintegrowanego Systemu Kwalifikacji",2025-08-07,2025-08-21,2025-08-22T10:21:30,b22c0de73295e034b44360a34ad4aa2e471ba0c08d5ce09b80869adebd69f784,5,1674,0,0,0,ok,,eli2md 0.6.3,2026-09-29T23:24:45Z
MP/2025/777,2025,777,Postanowienie,Postanowienie Prezydenta Rzeczypospolitej Polskiej z dnia 11 marca 2025 r. nr 1130.7.2025 o powołaniu do pełnienia urzędu na stanowisku sędziego,2025-03-11,2025-08-21,2025-08-22T10:21:31,590d5b844c612f5e499af798ec4c51e421768e77f067ef24dcdacaf9d724a155,1,56,0,0,0,ok,,eli2md 0.6.3,2026-09-29T23:24:45Z
MP/2025/778,2025,778,Postanowienie,Postanowienie Prezydenta Rzeczypospolitej Polskiej z dnia 18 września 2024 r. nr 1130.31.2024 o powołaniu do pełnienia urzędu na stanowisku sędziego,2024-09-18,2025-08-21,2025-08-22T10:21:32,c664f55548838d445035bb53802a16d603f1330c0dd99a539c34a3432c39b23b,1,100,0,0,0,ok,,eli2md 0.6.3,2026-09-29T23:24:45Z
MP/2025/779,2025,779,Zarządzenie,Zarządzenie Prezydenta Rzeczypospolitej Polskiej z dnia 12 sierpnia 2025 r. zmieniające zarządzenie w sprawie zasad wynagradzania pracowników Biura Bezpieczeństwa Narodowego,2025-08-12,2025-08-21,2025-08-22T10:21:33,1bf86ac1096199ca09bcdd21a65850b3ddc6d970a09694a692cc06ad39afe05a,2,386,0,0,0,ok,,eli2md 0.6.3,2026-09-29T23:24:45Z
MP/2025/780,2025,780,Zarządzenie,Zarządzenie nr 36 Prezesa Rady Ministrów z dnia 20 sierpnia 2025 r. w sprawie Międzyresortowego Zespołu do spraw usuwania skutków i przeciwdziałania zagrożeniom związanym z występowaniem zapadlisk i podtopień na terenie gminy Trzebinia i w rejonie olkuskim,2025-08-20,2025-08-21,2025-08-22T10:21:34,5bd5a590cc1026d68c75f62016b2bbc1068625d74fbf85da020e8d0628ec5f5f,3,1017,0,0,0,ok,,eli2md 0.6.3,2026-09-29T23:24:45Z
MP/2025/781,2025,781,Uchwała,Uchwała nr 93 Rady Ministrów z dnia 25 lipca 2025 r. w sprawie przyjęcia Koncepcji Rozwoju Kraju 2050,2025-07-25,2025-08-21,2025-08-22T10:21:38,62ed269f78e6cfaacec6f45e4b23d1eff04a039e3dea852f2d0f10f38ff011eb,192,72408,0,63,0,ok,,eli2md 0.6.3,2026-09-29T23:24:45Z
MP/2025/782,2025,782,Postanowienie,Postanowienie Prezydenta Rzeczypospolitej Polskiej z dnia 16 czerwca 2025 r. nr rej. 202/2025 o nadaniu odznaczeń,2025-06-16,2025-08-21,2025-08-22T10:21:43,cd49aeec7e69966c603eb01f01cbf31a8ab8abe9df10ca15bae0fa8800f9a218,4,457,0,0,0,ok,,eli2md 0.6.3,2026-09-29T23:24:45Z
MP/2025/783,2025,783,Postanowienie,Postanowienie Prezydenta Rzeczypospolitej Polskiej z dnia 23 maja 2025 r. nr rej. 323/2025 o nadaniu odznaczeń,2025-05-23,2025-08-21,2025-08-22T10:21:44,c6fa436e4de4b04bd98ff77da3269f6c6a4af516c66ee355575c78a30ee28355,3,396,0,0,0,ok,,eli2md 0.6.3,2026-09-29T23:24:45Z
MP/2025/784,2025,784,Postanowienie,Postanowienie Prezydenta Rzeczypospolitej Polskiej z dnia 3 czerwca 2025 r. nr rej. 335/2025 o nadaniu odznaczeń,2025-06-03,2025-08-21,2025-08-22T10:21:45,43f3dd190ee4fc51e8a6d80a8600a573ed7823b2a2d5c902b27c0e5e74227e67,3,428,0,0,0,ok,,eli2md 0.6.3,2026-09-29T23:24:45Z
MP/2025/785,2025,785,Postanowienie,Postanowienie Prezydenta Rzeczypospolitej Polskiej z dnia 24 czerwca 2025 r. nr rej. 362/2025 o nadaniu odznaczenia,2025-06-24,2025-08-21,2025-08-22T10:21:45,1d3052d629b408d544f74be2108cb5407af09ef2e3e9aa0b1629a5e6df7fc8f8,1,70,0,0,0,ok,,eli2md 0.6.3,2026-09-29T23:24:45Z
MP/2025/786,2025,786,Postanowienie,Postanowienie Prezydenta Rzeczypospolitej Polskiej z dnia 2 kwietnia 2025 r. nr rej. 194/2025 o nadaniu odznaczeń,2025-04-02,2025-08-21,2025-08-22T10:21:46,8501755782a42098bc580b708a3f579b50208992eaf5a83d472ce0833af48f1f,2,237,0,0,0,ok,,eli2md 0.6.3,2026-09-29T23:24:45Z
MP/2025/787,2025,787,Postanowienie,Postanowienie Marszałka Sejmu Rzeczypospolitej Polskiej z dnia 11 sierpnia 2025 r. w sprawie stwierdzenia wygaśnięcia mandatu posła Pawła Macieja Szefernakera,2025-08-11,2025-08-22,2025-08-25T10:10:02,bc3c97720a5e015dc7b6cf4c9ded66bb21ab5f9b7d2801eac23e47a8d4e810e8,1,135,0,0,0,ok,,eli2md 0.6.3,2026-09-29T23:24:45Z
MP/2025/788,2025,788,Postanowienie,Postanowienie Marszałka Sejmu Rzeczypospolitej Polskiej z dnia 11 sierpnia 2025 r. w sprawie stwierdzenia wygaśnięcia mandatu posła Marcina Pawła Przydacza,2025-08-11,2025-08-22,2025-08-25T10:10:02,ecd97172f7624aa121ae4ba0cd6ae8533d58170d1421aa89b1fbdad58cc40e94,1,135,0,0,0,ok,,eli2md 0.6.3,2026-09-29T23:24:45Z
MP/2025/789,2025,789,Postanowienie,Postanowienie Marszałka Sejmu Rzeczypospolitej Polskiej z dnia 11 sierpnia 2025 r. w sprawie stwierdzenia wygaśnięcia mandatu posła Zbigniewa Boguckiego,2025-08-11,2025-08-22,2025-08-25T10:10:02,4a5391cfe97dbf305cb12a17f63496ebdfdf5116d6c6ce37a4ec497baa1d74de,1,132,0,0,0,ok,,eli2md 0.6.3,2026-09-29T23:24:45Z
MP/2025/790,2025,790,Postanowienie,Postanowienie Marszałka Sejmu Rzeczypospolitej Polskiej z dnia 11 sierpnia 2025 r. w sprawie stwierdzenia wygaśnięcia mandatu posła Adama Andruszkiewicza,2025-08-11,2025-08-22,2025-08-25T10:10:03,25ecdb2613ada7ac51b32295b8e88478fedb1a78a9a92baea87125e49851b9bd,1,132,0,0,0,ok,,eli2md 0.6.3,2026-09-29T23:24:45Z
MP/2025/791,2025,791,Postanowienie,Postanowienie Prezydenta Rzeczypospolitej Polskiej z dnia 2 czerwca 2025 r. nr rej. 337/2025 o nadaniu orderów i odznaczeń,2025-06-02,2025-08-22,2025-08-25T10:10:03,8484d246ba3b1a4aad66cb9b5d33bb192eb292ca65cf36b4bc478c9c0e77624f,2,294,0,0,0,ok,,eli2md 0.6.3,2026-09-29T23:24:45Z
MP/2025/792,2025,792,Postanowienie,Postanowienie Prezydenta Rzeczypospolitej Polskiej z dnia 3 czerwca 2025 r. nr rej. 338/2025 o nadaniu odznaczenia,2025-06-03,2025-08-22,2025-08-25T10:10:03,38fac89415d3fea5e3b9351ce75b7f8625f88252676bafdce56a714e42bf87bd,1,78,0,0,0,ok,,eli2md 0.6.3,2026-09-29T23:24:45Z
MP/2025/793,2025,793,Postanowienie,Postanowienie Prezydenta Rzeczypospolitej Polskiej z dnia 3 czerwca 2025 r. nr rej. 339/2025 o nadaniu orderu i odznaczenia,2025-06-03,2025-08-22,2025-08-25T10:10:03,1202ca98ad9ba09e79b3e7591efccf51fa78f9c683575082a13cb7db97a3a41a,1,101,0,0,0,ok,,eli2md 0.6.3,2026-09-29T23:24:45Z
MP/2025/794,2025,794,Postanowienie,Postanowienie Prezydenta Rzeczypospolitej Polskiej z dnia 3 czerwca 2025 r. nr rej. 340/2025 o nadaniu odznaczeń,2025-06-03,2025-08-22,2025-08-25T10:10:04,016b84ca62ccf102c0d0eed47bd470d3c4d21e9b83abede4f6c2932b6e51a1b4,1,82,0,0,0,ok,,eli2md 0.6.3,2026-09-29T23:24:45Z
MP/2025/795,2025,795,Postanowienie,Postanowienie Prezydenta Rzeczypospolitej Polskiej z dnia 4 czerwca 2025 r. nr rej. 341/2025 o nadaniu orderu,2025-06-04,2025-08-22,2025-08-25T10:10:04,cadb5c026e15103b0e88197cd14a19d63089bc87c898a23ea2c6b6c16f5b3184,1,73,0,0,0,ok,,eli2md 0.6.3,2026-09-29T23:24:45Z
MP/2025/796,2025,796,Postanowienie,Postanowienie Prezydenta Rzeczypospolitej Polskiej z dnia 6 czerwca 2025 r. nr rej. 345/2025 o nadaniu orderów i odznaczeń,2025-06-06,2025-08-22,2025-08-25T10:10:04,35bb810a7c82b345d1f56e70d815db681a95cc1a26567e7e462d8af27606479b,1,139,0,0,0,ok,,eli2md 0.6.3,2026-09-29T23:24:45Z
MP/2025/797,2025,797,Postanowienie,Postanowienie Prezydenta Rzeczypospolitej Polskiej z dnia 6 czerwca 2025 r. nr rej. 350/2025 o nadaniu orderów i odznaczeń,2025-06-06,2025-08-22,2025-08-25T10:10:05,035821c2ede979be75ad14c2b3dda5ed674030fa07376d991a25a70a4346e641,2,240,0,0,0,ok,,eli2md 0.6.3,2026-09-29T23:24:45Z
MP/2025/798,2025,798,Postanowienie,Postanowienie Prezydenta Rzeczypospolitej Polskiej z dnia 6 czerwca 2025 r. nr rej. 355/2025 o nadaniu odznaczeń,2025-06-06,2025-08-22,2025-08-25T10:10:05,3dcf950c162f4e00a2618396e947d39e55df1fd3b73f37a150f9c6f69665b9f0,1,97,0,0,0,ok,,eli2md 0.6.3,2026-09-29T23:24:45Z
MP/2025/799,2025,799,Postanowienie,Postanowienie Prezydenta Rzeczypospolitej Polskiej z dnia 6 czerwca 2025 r. nr rej. 359/2025 o zmianie postanowienia o nadaniu orderów i odznaczeń,2025-06-06,2025-08-22,2025-08-25T10:10:05,a385dcae00f6e268e4c48d1f05966ab73f9dd2c8a53388adf4a79c6a68e0f008,1,116,0,0,0,ok,,eli2md 0.6.3,2026-09-29T23:24:45Z
MP/2025/800,2025,800,Postanowienie,Postanowienie Prezydenta Rzeczypospolitej Polskiej z dnia 6 czerwca 2025 r. nr rej. 355/2025 o nadaniu odznaczeń,2025-06-17,2025-08-22,2025-08-26T08:12:16,056c46a04148e5cabc18ee5a5b0a7f5cef3f48deed823dfe7de5022d7923ab62,1,70,0,0,0,ok,,eli2md 0.6.3,2026-09-29T23:24:45Z
MP/2025/801,2025,801,Zarządzenie,Zarządzenie nr 38 Prezesa Rady Ministrów z dnia 22 sierpnia 2025 r. zmieniające zarządzenie w sprawie nadania statutu Ministerstwu Spraw Wewnętrznych i Administracji,2025-08-22,2025-08-22,2025-08-25T14:06:47,7c49de8ad3f553f2fb89023940b19bddd5f8668675e900efa6bf913e7b623401,1,217,0,0,0,ok,,eli2md 0.6.3,2026-09-29T23:24:45Z
MP/2025/802,2025,802,Zarządzenie,Zarządzenie nr 34 Prezesa Rady Ministrów z dnia 22 sierpnia 2025 r. zmieniające zarządzenie w sprawie nadania statutu Kancelarii Prezesa Rady Ministrów,2025-08-22,2025-08-22,2026-01-16T10:17:13,c950b74ede22318ff4d3cf46790f01e9f304025e9224f973d7ad420fa4c5efa5,1,215,0,0,0,ok,,eli2md 0.6.3,2026-09-29T23:24:45Z
MP/2025/803,2025,803,Zarządzenie,Zarządzenie nr 35 Prezesa Rady Ministrów z dnia 22 sierpnia 2025 r. w sprawie nadania statutu Ministerstwu Spraw Zagranicznych,2025-08-22,2025-08-22,2026-03-10T00:00:00,f1d25e82103f1d882ff7c7ef8cdfaac697822e4c44c77ae488747ec40c762832,3,537,0,0,0,ok,,eli2md 0.6.3,2026-09-29T23:24:45Z
MP/2025/804,2025,804,Postanowienie,Postanowienie Prezydenta Rzeczypospolitej Polskiej z dnia 28 kwietnia 2025 r. nr 1130.26.2025 o powołaniu do pełnienia urzędu na stanowisku sędziego,2025-04-28,2025-08-25,2025-08-26T09:41:09,30e9560bb49bcc9b0da92140b8770cceae220e2b4d8b17beb27d5fa5304f4eea,1,57,0,0,0,ok,,eli2md 0.6.3,2026-09-29T23:24:45Z
MP/2025/805,2025,805,Postanowienie,Postanowienie Prezydenta Rzeczypospolitej Polskiej z dnia 25 kwietnia 2025 r. nr 1130.25.2025 o powołaniu do pełnienia urzędu na stanowisku sędziego,2025-04-25,2025-08-25,2025-08-26T09:41:09,5b796d657db63743517fcbf3b5e51b66fec429e250c5e968fe8ce67b170e541d,1,57,0,0,0,ok,,eli2md 0.6.3,2026-09-29T23:24:45Z
MP/2025/806,2025,806,Postanowienie,Postanowienie Prezydenta Rzeczypospolitej Polskiej z dnia 24 czerwca 2025 r. nr rej. 381/2025 o nadaniu orderów i odznaczenia,2025-06-24,2025-08-25,2025-08-26T09:41:09,db56f56adb57921ca33abeb0101bc37648d4d3107d7aa57c94075f4198254075,1,194,0,0,0,ok,,eli2md 0.6.3,2026-09-29T23:24:45Z
MP/2025/807,2025,807,Postanowienie,Postanowienie Prezydenta Rzeczypospolitej Polskiej z dnia 24 czerwca 2025 r. nr rej. 382/2025 o nadaniu orderów,2025-06-24,2025-08-25,2025-08-26T09:41:09,c9ca6dce9c25395be7f14764b80e2587705ab5bf9aca8ee3ebc045983a846d2f,1,121,0,0,0,ok,,eli2md 0.6.3,2026-09-29T23:24:45Z
MP/2025/808,2025,808,Postanowienie,Postanowienie Prezydenta Rzeczypospolitej Polskiej z dnia 24 czerwca 2025 r. nr rej. 383/2025 o nadaniu odznaczeń,2025-06-24,2025-08-25,2025-08-26T09:41:09,7f20ab4d24f24dfc1006d016f316570759a25711a5dd16266bbd9449d4b46cc0,1,82,0,0,0,ok,,eli2md 0.6.3,2026-09-29T23:24:45Z
MP/2025/809,2025,809,Postanowienie,Postanowienie Prezydenta Rzeczypospolitej Polskiej z dnia 24 czerwca 2025 r. nr rej. 384/2025 o nadaniu odznaczeń,2025-06-24,2025-08-25,2025-08-26T09:41:09,2559d8ec97dea655cedf3806c411a3c9782824be380733cf971da81cea88a588,1,107,0,0,0,ok,,eli2md 0.6.3,2026-09-29T23:24:45Z
MP/2025/810,2025,810,Postanowienie,Postanowienie Prezydenta Rzeczypospolitej Polskiej z dnia 24 czerwca 2025 r. nr rej. 385/2025 o nadaniu orderu,2025-06-24,2025-08-25,2025-08-26T09:41:09,eb65e85147a64bdcd995d42e01ace186ad10a37d983bc029ddf1bce49b9bc0cd,1,82,0,0,0,ok,,eli2md 0.6.3,2026-09-29T23:24:45Z
MP/2025/811,2025,811,Obwieszczenie,"Obwieszczenie Prezesa Kasy Rolniczego Ubezpieczenia Społecznego z dnia 21 sierpnia 2025 r. w sprawie wysokości miesięcznej składki na ubezpieczenie wypadkowe, chorobowe i macierzyńskie w IV kwartale 2025 r.",2025-08-21,2025-08-25,2025-08-26T09:41:09,80ae3cbc5186c1da073dfbea8db97ba8b36e458978230fd8335af933bcf67a11,1,86,0,0,0,ok,,eli2md 0.6.3,2026-09-29T23:24:45Z
MP/2025/812,2025,812,Zarządzenie,Zarządzenie nr 37 Prezesa Rady Ministrów z dnia 22 sierpnia 2025 r. w sprawie Międzyresortowego Zespołu do spraw opracowania projektów założeń centralnego systemu teleinformatycznego wymiany informacji o małoletnich doznających przemocy domowej,2025-08-22,2025-08-25,2026-04-03T09:37:48,5584b8253fef72fcdec812bc66ca4708dc7562ff25f59c576f5bd088c340e8a1,3,927,0,0,0,ok,,eli2md 0.6.3,2026-09-29T23:24:45Z
MP/2025/813,2025,813,Postanowienie,Postanowienie Prezydenta Rzeczypospolitej Polskiej z dnia 23 lipca 2025 r. nr 115.12.2025 w sprawie nadania tytułu profesora,2025-07-23,2025-08-25,2025-08-26T09:41:09,d966121065154faa50b6fbdb3c596ba22d4c1074917d227507e9e4f4957da65f,3,734,0,0,0,ok,,eli2md 0.6.3,2026-09-29T23:24:45Z
MP/2025/814,2025,814,Obwieszczenie,"Obwieszczenie Ministra Sportu i Turystyki z dnia 12 sierpnia 2025 r. w sprawie włączenia kwalifikacji wolnorynkowej ""Zarządzanie działalnością SPA&Wellness"" do Zintegrowanego Systemu Kwalifikacji",2025-08-12,2025-08-26,2025-08-27T11:33:51,1148a2eb67204617364fbe786cff350d5a220f1c5c0472f924113aed0e61fc24,6,1417,0,0,0,ok,,eli2md 0.6.3,2026-09-29T23:24:45Z
MP/2025/815,2025,815,Obwieszczenie,"Obwieszczenie Ministra Sportu i Turystyki z dnia 12 sierpnia 2025 r. w sprawie włączenia kwalifikacji wolnorynkowej ""Opieka nad turystami imprez pobytowych - rezydent turystyczny"" do Zintegrowanego Systemu Kwalifikacji",2025-08-12,2025-08-26,2025-08-27T11:33:51,6376d10185d6e501d1b344056b90d46437165b1b03548231e1b4992876993fe4,5,1013,0,0,0,ok,,eli2md 0.6.3,2026-09-29T23:24:45Z
MP/2025/816,2025,816,Postanowienie,Postanowienie Prezydenta Rzeczypospolitej Polskiej z dnia 21 lipca 2025 r. nr 110.68.2025 w sprawie odwołania Ambasadora Rzeczypospolitej Polskiej,2025-07-21,2025-08-26,2025-08-27T11:33:51,507bbb19e88d8e6a75bb6abf36fa1b473f1cd52dddaf3a7cc6177214779a6445,1,61,0,0,0,ok,,eli2md 0.6.3,2026-09-29T23:24:45Z
MP/2025/817,2025,817,Postanowienie,Postanowienie Prezydenta Rzeczypospolitej Polskiej z dnia 21 lipca 2025 r. nr 110.69.2025 w sprawie odwołania Ambasadora Rzeczypospolitej Polskiej,2025-07-21,2025-08-26,2025-08-27T11:33:51,322eac588a3c74e30a5790a0734f6fc8434e02d01d9032bd8e0b66e007b56a9b,1,60,0,0,0,ok,,eli2md 0.6.3,2026-09-29T23:24:45Z
MP/2025/818,2025,818,Postanowienie,Postanowienie Prezydenta Rzeczypospolitej Polskiej z dnia 21 lipca 2025 r. nr 110.70.2025 w sprawie odwołania Ambasadora Rzeczypospolitej Polskiej,2025-07-21,2025-08-26,2025-08-27T11:33:51,b6a6bea6b6d5a16a78c5c827fff73ce137934d1cf3bf8d71139fa23698e670cc,1,60,0,0,0,ok,,eli2md 0.6.3,2026-09-29T23:24:45Z
MP/2025/819,2025,819,Postanowienie,Postanowienie Prezydenta Rzeczypospolitej Polskiej z dnia 21 lipca 2025 r. nr 110.71.2025 w sprawie odwołania Ambasadora Rzeczypospolitej Polskiej,2025-07-21,2025-08-26,2025-08-27T11:33:52,58303985cc6ba11adf79f08d529c25047a3d6075ade35c9166ea419e7cf93da9,1,70,0,0,0,ok,,eli2md 0.6.3,2026-09-29T23:24:45Z
MP/2025/820,2025,820,Postanowienie,Postanowienie Prezydenta Rzeczypospolitej Polskiej z dnia 21 lipca 2025 r. nr 110.72.2025 w sprawie odwołania Ambasadora Rzeczypospolitej Polskiej,2025-07-21,2025-08-26,2025-08-27T11:33:52,49649ba0562990ad2054d19c18b0d78565b19552c1f434eaade91220e0c71ba5,1,59,0,0,0,ok,,eli2md 0.6.3,2026-09-29T23:24:45Z
MP/2025/821,2025,821,Postanowienie,Postanowienie Prezydenta Rzeczypospolitej Polskiej z dnia 30 stycznia 2025 r. nr rej. 59/2025 o nadaniu orderu,2025-01-30,2025-08-25,2025-08-27T11:33:52,7a26ad1c2df316158fd47dde7bbe47de965d111a6eda0051cc4a2d761541eaab,1,78,0,0,0,ok,,eli2md 0.6.3,2026-09-29T23:24:45Z
MP/2025/822,2025,822,Postanowienie,Postanowienie Prezydenta Rzeczypospolitej Polskiej z dnia 4 czerwca 2025 r. nr rej. 342/2025 o nadaniu orderu i odznaczeń,2025-06-04,2025-08-25,2025-08-27T11:33:52,591dcf1eb307795fceca3a497cbea4e2d0dd38cb30c1df08cb3d72fd34a892cd,2,198,0,0,0,ok,,eli2md 0.6.3,2026-09-29T23:24:45Z
MP/2025/823,2025,823,Postanowienie,Postanowienie Prezydenta Rzeczypospolitej Polskiej z dnia 5 czerwca 2025 r. nr rej. 346/2025 o nadaniu odznaczeń,2025-06-05,2025-08-25,2025-08-27T11:33:52,27ddc58aa567750dc277a19c08d2e4d69085c17ab8d5918adc4845f3bd2b5a6b,1,93,0,0,0,ok,,eli2md 0.6.3,2026-09-29T23:24:45Z
MP/2025/824,2025,824,Postanowienie,Postanowienie Prezydenta Rzeczypospolitej Polskiej z dnia 5 czerwca 2025 r. nr rej. 349/2025 o nadaniu orderów,2025-06-05,2025-08-25,2025-08-27T11:33:52,1a35f314414ad8b84ed3b5bb40524606691c2186e68a7000f0488ac3db9aea56,1,112,0,0,0,ok,,eli2md 0.6.3,2026-09-29T23:24:45Z
MP/2025/825,2025,825,Postanowienie,Postanowienie Prezydenta Rzeczypospolitej Polskiej z dnia 16 czerwca 2025 r. nr rej. 356/2025 o nadaniu odznaczeń,2025-06-16,2025-08-25,2025-08-27T11:33:52,561fe12b5cda832d18fa4637f0d70c20527598a1c72864de4fc11b1a65d50c17,4,647,0,0,0,ok,,eli2md 0.6.3,2026-09-29T23:24:45Z
MP/2025/826,2025,826,Postanowienie,Postanowienie Prezydenta Rzeczypospolitej Polskiej z dnia 21 lipca 2025 r. nr 110.73.2025 w sprawie odwołania Ambasadora Rzeczypospolitej Polskiej,2025-07-21,2025-08-27,2025-08-28T10:30:09,2a0cd7f7884e8c802b859f9c8ed9393e9ed4450eb9ef57e971296eb0d41479c3,1,60,0,0,0,ok,,eli2md 0.6.3,2026-09-29T23:24:45Z
MP/2025/827,2025,827,Postanowienie,Postanowienie Prezydenta Rzeczypospolitej Polskiej z dnia 21 lipca 2025 r. nr 110.74.2025 w sprawie odwołania Ambasadora Rzeczypospolitej Polskiej,2025-07-21,2025-08-27,2025-08-28T10:30:09,bb30e310b982ac1772f08d01e782b901bdbcf86659bcb1ac39d459cf06a64d16,1,61,0,0,0,ok,,eli2md 0.6.3,2026-09-29T23:24:45Z
MP/2025/828,2025,828,Postanowienie,Postanowienie Prezydenta Rzeczypospolitej Polskiej z dnia 21 lipca 2025 r. nr 110.75.2025 w sprawie odwołania Ambasadora Rzeczypospolitej Polskiej,2025-07-21,2025-08-27,2025-08-28T10:30:09,06249fcfa56ce07a6d1ec5c90edbd1a93bb14df46e966aa106abe351d93b1a8c,1,61,0,0,0,ok,,eli2md 0.6.3,2026-09-29T23:24:45Z
MP/2025/829,2025,829,Postanowienie,Postanowienie Prezydenta Rzeczypospolitej Polskiej z dnia 21 lipca 2025 r. nr 110.76.2025 w sprawie odwołania Ambasadora Rzeczypospolitej Polskiej,2025-07-21,2025-08-27,2025-08-28T10:30:09,22d85d24d51dbddd78394587b9e3bc4278c0d5dc9834b4b47ec771a702ffc868,1,60,0,0,0,ok,,eli2md 0.6.3,2026-09-29T23:24:45Z
MP/2025/830,2025,830,Postanowienie,Postanowienie Prezydenta Rzeczypospolitej Polskiej z dnia 21 lipca 2025 r. nr 110.77.2025 w sprawie odwołania Ambasadora Rzeczypospolitej Polskiej,2025-07-21,2025-08-27,2025-08-28T10:30:10,9ad01932363de9bfd31610a86f26736e1f5e929e2a841ecbf36eb0037553043c,1,60,0,0,0,ok,,eli2md 0.6.3,2026-09-29T23:24:45Z
MP/2025/831,2025,831,Postanowienie,Postanowienie Prezydenta Rzeczypospolitej Polskiej z dnia 21 lipca 2025 r. nr 110.77.2025 w sprawie odwołania Ambasadora Rzeczypospolitej Polskiej,2025-07-21,2025-08-27,2025-08-28T10:30:10,79ba6fdefd1a0a216278189b60ea418620517ac442ae5e6ba693dae70c202178,1,62,0,0,0,ok,,eli2md 0.6.3,2026-09-29T23:24:45Z
MP/2025/832,2025,832,Postanowienie,Postanowienie Prezydenta Rzeczypospolitej Polskiej z dnia 21 lipca 2025 r. nr 110.77.2025 w sprawie odwołania Ambasadora Rzeczypospolitej Polskiej,2025-07-21,2025-08-27,2025-08-28T10:30:10,757714dc4f9ef1a2a7c9bcd37bc53a27be3777e1de4dec9963b137c58194ad17,1,60,0,0,0,ok,,eli2md 0.6.3,2026-09-29T23:24:45Z
MP/2025/833,2025,833,Postanowienie,Postanowienie Prezydenta Rzeczypospolitej Polskiej z dnia 21 lipca 2025 r. nr 110.80.2025 w sprawie odwołania Ambasadora Rzeczypospolitej Polskiej,2025-07-21,2025-08-27,2025-08-28T10:30:11,b8f83d16e8892611d1fe3a631834f1b972740670f75c9a980f8dd8e4b1aefdff,1,60,0,0,0,ok,,eli2md 0.6.3,2026-09-29T23:24:45Z
MP/2025/834,2025,834,Postanowienie,Postanowienie Prezydenta Rzeczypospolitej Polskiej z dnia 21 lipca 2025 r. nr 110.81.2025 w sprawie odwołania Ambasadora Rzeczypospolitej Polskiej,2025-07-21,2025-08-27,2025-08-28T10:30:11,b212e9c2bb4de9802bd4e7713b54bbcf1351a8f67d2e522f8d9533fb521a72d1,1,60,0,0,0,ok,,eli2md 0.6.3,2026-09-29T23:24:45Z
MP/2025/835,2025,835,Postanowienie,Postanowienie Prezydenta Rzeczypospolitej Polskiej z dnia 21 lipca 2025 r. nr 110.82.2025 w sprawie odwołania Ambasadora Rzeczypospolitej Polskiej,2025-07-21,2025-08-27,2025-08-28T10:30:11,b21b4e64002d7156e43052ec6837ea09e3f0a881464a0ecac81ceb97515303b5,1,62,0,0,0,ok,,eli2md 0.6.3,2026-09-29T23:24:45Z
MP/2025/836,2025,836,Postanowienie,Postanowienie Prezydenta Rzeczypospolitej Polskiej z dnia 6 czerwca 2025 r. nr rej. 357/2025 o nadaniu orderów,2025-06-06,2025-08-27,2025-08-28T10:30:12,7ed92b643d474b2372944b8de27630663b459465ffae86363cd2795a290c2e07,1,196,0,0,0,ok,,eli2md 0.6.3,2026-09-29T23:24:45Z
MP/2025/837,2025,837,Postanowienie,Postanowienie Prezydenta Rzeczypospolitej Polskiej z dnia 6 czerwca 2025 r. nr rej. 358/2025 o nadaniu orderów,2025-06-06,2025-08-27,2025-08-28T10:30:12,40a4d689a05d19d3f68eb4ff5a5bfa013add1bf0282edade0a2b704a99cc83b2,1,184,0,0,0,ok,,eli2md 0.6.3,2026-09-29T23:24:45Z
MP/2025/838,2025,838,Postanowienie,Postanowienie Prezydenta Rzeczypospolitej Polskiej z dnia 6 czerwca 2025 r. nr rej. 361/2025 o nadaniu odznaczeń,2025-06-06,2025-08-27,2025-08-28T10:30:12,d32f2b9d366544de9f4445fd4aff6716d7f9c069df565ae841179a5e5592a8dd,1,87,0,0,0,ok,,eli2md 0.6.3,2026-09-29T23:24:45Z
MP/2025/839,2025,839,Postanowienie,Postanowienie Prezydenta Rzeczypospolitej Polskiej z dnia 6 czerwca 2025 r. nr rej. 363/2025 o nadaniu odznaczeń,2025-06-06,2025-08-27,2025-08-28T10:30:13,a21cefde707b2f870bcba75bf8c788b33b2fa9ecc72e6289eef755ed4bf6bc15,1,97,0,0,0,ok,,eli2md 0.6.3,2026-09-29T23:24:45Z
MP/2025/840,2025,840,Postanowienie,Postanowienie Prezydenta Rzeczypospolitej Polskiej z dnia 10 czerwca 2025 r. nr rej. 364/2025 o nadaniu orderu,2025-06-10,2025-08-27,2025-08-28T10:30:13,10f29aa25fa14f8862be429bd540a7aee93c402171df6b9561911a4844ef1110,1,77,0,0,0,ok,,eli2md 0.6.3,2026-09-29T23:24:45Z
MP/2025/841,2025,841,Komunikat,"Komunikat Ministra Rolnictwa i Rozwoju Wsi z dnia 25 sierpnia 2025 r. w sprawie zmienionych wytycznych szczegółowych w zakresie pomocy w ramach płatności bezpośrednich, przejściowego wsparcia krajowego, płatności w ramach interwencji związanych ze środowiskiem, klimatem i innych zobowiązań w dziedzinie zarządzania, o których mowa w art. 69 lit. a rozporządzenia 2021/2115, wsparcia inwestycji leśnych lub zadrzewieniowych realizowanych w ramach art. 69 lit. d rozporządzenia 2021/2115 oraz warunkowości",2025-08-25,2025-08-27,2025-08-28T10:33:31,485de97d96847cf904a749c119d1b87a0f5c1e37de535565a524dd1837515cb4,1,223,0,0,0,ok,,eli2md 0.6.3,2026-09-29T23:24:45Z
MP/2025/842,2025,842,Postanowienie,Postanowienie Marszałka Sejmu Rzeczypospolitej Polskiej z dnia 22 sierpnia 2025 r. w sprawie obsadzenia wygasłego mandatu w okręgu wyborczym nr 11 z siedzibą Okręgowej Komisji Wyborczej w Sieradzu,2025-08-22,2025-08-28,2025-08-29T10:42:30,c593e9597a42bdff37d8714d484947407d3011fad27ae7897e950654fb74be07,1,112,0,0,0,ok,,eli2md 0.6.3,2026-09-29T23:24:45Z
MP/2025/843,2025,843,Postanowienie,Postanowienie Marszałka Sejmu Rzeczypospolitej Polskiej z dnia 22 sierpnia 2025 r. w sprawie obsadzenia wygasłego mandatu w okręgu wyborczym nr 24 z siedzibą Okręgowej Komisji Wyborczej w Białymstoku,2025-08-22,2025-08-28,2025-08-29T10:42:30,e503b1b70082bfa35ddf4f16a29b35d86abcce0dc01ff6dce59b01ce350784f6,1,110,0,0,0,ok,,eli2md 0.6.3,2026-09-29T23:24:45Z
MP/2025/844,2025,844,Postanowienie,Postanowienie Marszałka Sejmu Rzeczypospolitej Polskiej z dnia 22 sierpnia 2025 r. w sprawie obsadzenia wygasłego mandatu w okręgu wyborczym nr 41 z siedzibą Okręgowej Komisji Wyborczej w Szczecinie,2025-08-22,2025-08-28,2025-08-29T10:42:30,153a8ee7b7c6728faa6e91d2a2962626026aa00a6b30b5aa986ca01ac84ffd70,1,110,0,0,0,ok,,eli2md 0.6.3,2026-09-29T23:24:45Z
MP/2025/845,2025,845,Postanowienie,Postanowienie Prezydenta Rzeczypospolitej Polskiej z dnia 12 czerwca 2025 r. nr rej. 365/2025 o nadaniu orderów,2025-06-12,2025-08-28,2025-08-29T10:42:30,3dea54ad24ffa9cc5f6fb89a49edbe5239623b5a8de58a34212d11720fcc7729,2,321,0,0,0,ok,,eli2md 0.6.3,2026-09-29T23:24:45Z
MP/2025/846,2025,846,Postanowienie,Postanowienie Prezydenta Rzeczypospolitej Polskiej z dnia 16 czerwca 2025 r. nr rej. 366/2025 o nadaniu orderów i odznaczeń,2025-06-16,2025-08-28,2025-08-29T10:42:30,4b4aad609264a98995abf2bfe0d55ace4d2012b07ca59c48524f33f1d521963f,2,261,0,0,0,ok,,eli2md 0.6.3,2026-09-29T23:24:45Z
MP/2025/847,2025,847,Postanowienie,Postanowienie Prezydenta Rzeczypospolitej Polskiej z dnia 12 czerwca 2025 r. nr rej. 368/2025 o nadaniu orderu,2025-06-12,2025-08-28,2025-08-29T10:42:30,a1d222e02e000760bf8c0812b9299faef671348864cab0bed7e2271e0cc7224c,1,75,0,0,0,ok,,eli2md 0.6.3,2026-09-29T23:24:45Z
MP/2025/848,2025,848,Postanowienie,Postanowienie Prezydenta Rzeczypospolitej Polskiej z dnia 16 czerwca 2025 r. nr rej. 369/2025 o nadaniu odznaczeń,2025-06-16,2025-08-28,2025-08-29T10:42:30,8ca257ad6f634cae002c3beadd1964db991066b7823576a1229badd0483cdf20,1,124,0,0,0,ok,,eli2md 0.6.3,2026-09-29T23:24:45Z
MP/2025/849,2025,849,Postanowienie,Postanowienie Prezydenta Rzeczypospolitej Polskiej z dnia 12 czerwca 2025 r. nr rej. 370/2025 o nadaniu odznaczenia,2025-06-12,2025-08-28,2025-08-29T10:42:30,096e68720bf231117ef449ebf219626f3b0fe342beedbf017d4fe3af8dfe0b75,1,75,0,0,0,ok,,eli2md 0.6.3,2026-09-29T23:24:45Z
MP/2025/850,2025,850,Postanowienie,Postanowienie Prezydenta Rzeczypospolitej Polskiej z dnia 16 czerwca 2025 r. nr rej. 375/2025 o nadaniu orderów i odznaczenia,2025-06-16,2025-08-28,2025-08-29T10:42:30,ac297023e2e80a1808ecf42037d55379d83bddd9208c661e8ffd086416719026,1,125,0,0,0,ok,,eli2md 0.6.3,2026-09-29T23:24:45Z
MP/2025/851,2025,851,Postanowienie,Postanowienie Prezydenta Rzeczypospolitej Polskiej z dnia 16 czerwca 2025 r. nr rej. 376/2025 o nadaniu orderu,2025-06-16,2025-08-28,2025-08-29T10:42:30,41b88e8210b6f474c1593415e13ed57bfc4438c389f0bab620d98a0622708f85,1,84,0,0,0,ok,,eli2md 0.6.3,2026-09-29T23:24:45Z
MP/2025/852,2025,852,Obwieszczenie,Obwieszczenie Ministra Klimatu i Środowiska z dnia 12 sierpnia 2025 r. w sprawie wykazu programów i instrumentów finansowych dotyczących przedsięwzięć służących poprawie efektywności energetycznej u odbiorcy końcowego,2025-08-12,2025-08-28,2025-08-29T10:42:30,6c895e2fbe03ca152e5b1f6624a48c4853bf678e6226646e2da310f2888f9087,11,3296,0,0,0,ok,,eli2md 0.6.3,2026-09-29T23:24:45Z
MP/2025/853,2025,853,Postanowienie,Postanowienie Prezydenta Rzeczypospolitej Polskiej z dnia 29 kwietnia 2025 r. nr 1130.22.2025 o powołaniu do pełnienia urzędu na stanowisku sędziego,2025-04-29,2025-08-28,2025-08-29T10:42:30,99e392af759407d6cff5940a14391618760e513c95440ba61c0f7f55e3b5cc4f,1,57,0,0,0,ok,,eli2md 0.6.3,2026-09-29T23:24:45Z
MP/2025/854,2025,854,Postanowienie,Postanowienie Prezydenta Rzeczypospolitej Polskiej z dnia 15 maja 2025 r. nr 1130.23.2025 o powołaniu do pełnienia urzędu na stanowisku sędziego,2025-05-15,2025-08-28,2025-08-29T10:42:30,f2da54ee09faba0778fb2f7b09523d5f14c257d5b62118774aa77b9966a29027,1,114,0,0,0,ok,,eli2md 0.6.3,2026-09-29T23:24:45Z
MP/2025/855,2025,855,Postanowienie,Postanowienie Prezydenta Rzeczypospolitej Polskiej z dnia 21 lipca 2025 r. nr 110.83.2025 w sprawie odwołania Ambasadora Rzeczypospolitej Polskiej,2025-07-21,2025-08-27,2025-08-29T10:42:30,dc55cf324d5cd93fdbbfe6b8901481c5d42076eba17a373d80d73ba6537f89d3,1,60,0,0,0,ok,,eli2md 0.6.3,2026-09-29T23:24:45Z
MP/2025/856,2025,856,Postanowienie,Postanowienie Prezydenta Rzeczypospolitej Polskiej z dnia 21 lipca 2025 r. nr 110.84.2025 w sprawie odwołania Ambasadora Rzeczypospolitej Polskiej,2025-07-21,2025-08-27,2025-08-29T10:42:30,ce2dc2bc94637018773375c91b6dd61d95f65c0aafaf55b9d6a008e6550cd032,1,61,0,0,0,ok,,eli2md 0.6.3,2026-09-29T23:24:45Z
MP/2025/857,2025,857,Postanowienie,Postanowienie Prezydenta Rzeczypospolitej Polskiej z dnia 21 lipca 2025 r. nr 110.85.2025 w sprawie odwołania Ambasadora Rzeczypospolitej Polskiej,2025-07-21,2025-08-27,2025-08-29T10:42:30,0fbbd594cfa2ba6669b985bd1d96eb2250cbc3b198be917ae852c624d62111f6,1,97,0,0,0,ok,,eli2md 0.6.3,2026-09-29T23:24:45Z
MP/2025/858,2025,858,Postanowienie,Postanowienie Prezydenta Rzeczypospolitej Polskiej z dnia 21 lipca 2025 r. nr 110.86.2025 w sprawie odwołania Ambasadora Rzeczypospolitej Polskiej,2025-07-21,2025-08-27,2025-08-29T10:42:30,3123d6a00e96bab4e1e2d0e656e3b0d2bfb227bd4db946d8d367e51afc0b3b1a,1,60,0,0,0,ok,,eli2md 0.6.3,2026-09-29T23:24:45Z
MP/2025/859,2025,859,Postanowienie,Postanowienie Prezydenta Rzeczypospolitej Polskiej z dnia 23 lipca 2025 r. nr 110.87.2025 w sprawie odwołania Ambasadora Rzeczypospolitej Polskiej,2025-07-23,2025-08-27,2025-08-29T10:42:30,ce9a531136128096c77ebda19c631a66411b50a56545c83d859d32b8210f7cea,1,60,0,0,0,ok,,eli2md 0.6.3,2026-09-29T23:24:45Z
MP/2025/860,2025,860,Postanowienie,Postanowienie Prezydenta Rzeczypospolitej Polskiej z dnia 24 czerwca 2025 r. nr rej. 386/2025 o nadaniu orderów i odznaczeń,2025-06-24,2025-08-29,2025-09-01T12:19:01,1120cc515a293d3f66c6f96c938f57a3d4c6110b98c20433b61add668beaeb71,2,336,0,0,0,ok,,eli2md 0.6.3,2026-09-29T23:24:45Z
MP/2025/861,2025,861,Postanowienie,Postanowienie Prezydenta Rzeczypospolitej Polskiej z dnia 24 czerwca 2025 r. nr rej. 389/2025 o nadaniu orderu i odznaczenia,2025-06-24,2025-08-29,2025-09-01T12:19:01,8d093b41c3e21fa57878e6113e9132c0ab4d181b8dd5658c6488db870c126f13,1,113,0,0,0,ok,,eli2md 0.6.3,2026-09-29T23:24:45Z
MP/2025/862,2025,862,Postanowienie,Postanowienie Prezydenta Rzeczypospolitej Polskiej z dnia 26 czerwca 2025 r. nr rej. 390/2025 o nadaniu orderów i odznaczeń,2025-06-26,2025-08-29,2025-09-01T12:19:01,31a00713d2ad197bb0dda2ba3d77ccf46a776e69c5bb02718b91e923bc2a1e66,2,260,0,0,0,ok,,eli2md 0.6.3,2026-09-29T23:24:45Z
MP/2025/863,2025,863,Postanowienie,Postanowienie Prezydenta Rzeczypospolitej Polskiej z dnia 24 czerwca 2025 r. nr rej. 391/2025 o nadaniu orderu,2025-06-24,2025-08-29,2025-09-01T12:19:01,40f8f31ccfb308518d029a76ebe6508319eaf1664f497d3ec1163fc42a225c84,1,74,0,0,0,ok,,eli2md 0.6.3,2026-09-29T23:24:45Z
MP/2025/864,2025,864,Postanowienie,Postanowienie Prezydenta Rzeczypospolitej Polskiej z dnia 26 czerwca 2025 r. nr rej. 392/2025 o nadaniu orderów,2025-06-26,2025-08-29,2025-09-01T12:19:01,d09b6f4e1566a095441e16b6020483d28c09bf2f65405b2e1bbf9585424135ba,1,88,0,0,0,ok,,eli2md 0.6.3,2026-09-29T23:24:45Z
MP/2025/865,2025,865,Umowa międzynarodowa,"Memorandum of Understanding w sprawie wdrażania Mechanizmu Finansowego Europejskiego Obszaru Gospodarczego na lata 2021-2028 między Rzecząpospolitą Polską a Islandią, Księstwem Liechtensteinu i Królestwem Norwegii, podpisane w Warszawie dnia 23 kwietnia 2025 r.",2025-04-23,2025-08-29,2025-09-01T12:19:02,d12032fdc7d34f994fd80505e622f3f6d205c2edc7976f7535ec83a6e9e33031,26,6510,25,1,25,ok,,eli2md 0.6.3,2026-09-29T23:24:45Z
MP/2025/866,2025,866,Oświadczenie rządowe,"Oświadczenie rządowe z dnia 6 czerwca 2025 r. o związaniu Rzeczypospolitej Polskiej Memorandum of Understanding w sprawie wdrażania Mechanizmu Finansowego Europejskiego Obszaru Gospodarczego na lata 2021-2028 między Rzecząpospolitą Polską a Islandią, Księstwem Liechtensteinu i Królestwem Norwegii, podpisanym w Warszawie dnia 23 kwietnia 2025 r.",2025-06-06,2025-08-29,2025-09-01T12:19:02,f11ade1e08cf37d16c61fc596f3264f2e518a21e456d555afaa6cd07da8c8844,1,152,0,0,0,ok,,eli2md 0.6.3,2026-09-29T23:24:45Z
MP/2025/867,2025,867,Protokół,Protokół Zgromadzenia Narodowego zwołanego w celu złożenia przysięgi przez nowo wybranego Prezydenta Rzeczypospolitej Polskiej,2025-08-06,2025-08-29,2025-09-01T12:19:02,5dc1c5c95ba858c7107f94df0a8bf741f9d875cb456258044fdb06c20ac32c51,1,139,0,0,0,ok,,eli2md 0.6.3,2026-09-29T23:24:45Z
MP/2025/868,2025,868,Zarządzenie,Zarządzenie nr 40 Prezesa Rady Ministrów z dnia 28 sierpnia 2025 r. zmieniające zarządzenie w sprawie nadania statutu Ministerstwu Nauki i Szkolnictwa Wyższego,2025-08-28,2025-08-29,2025-09-01T12:19:02,390dd359599bb1210f890a2474e30f29e814bdfc46006c04e51c9c0bdee35555,1,187,0,0,0,ok,,eli2md 0.6.3,2026-09-29T23:24:45Z
MP/2025/869,2025,869,Zarządzenie,Zarządzenie nr 46 Prezesa Rady Ministrów z dnia 29 sierpnia 2025 r. w sprawie Komitetu Rady Ministrów do spraw Nadzoru nad Wdrażaniem Polityki Rządu,2025-08-29,2025-08-29,2026-09-21T00:00:00,25ee87baeaccebbbad20f773488cfdef1f9e4c0c9777841bcbd41c17a5d849bc,3,870,0,0,0,ok,,eli2md 0.6.3,2026-09-29T23:24:45Z
MP/2025/870,2025,870,Postanowienie,Postanowienie Prezydenta Rzeczypospolitej Polskiej z dnia 29 sierpnia 2025 r. o przedłużeniu okresu użycia Polskiego Kontyngentu Wojskowego w Republice Libańskiej,2025-08-29,2025-08-29,2025-09-01T12:19:02,5e17c31325cb855b13393e4d37133902aae8697a9e7766e141435213ad73ad97,1,238,0,0,0,ok,,eli2md 0.6.3,2026-09-29T23:24:45Z
MP/2025/871,2025,871,Zarządzenie,Zarządzenie nr 39 Prezesa Rady Ministrów z dnia 26 sierpnia 2025 r. w sprawie przeznaczenia niektórych składników majątkowych związanych ze zmianami w funkcjonowaniu urzędu obsługującego ministra właściwego do spraw rozwoju regionalnego,2025-08-26,2025-09-01,2025-09-02T12:07:46,6f6a24a6c62191e2eb961d35a9a3b32f0751ae4e50a4dde25aa7eee172bb67f4,4,964,0,0,0,ok,,eli2md 0.6.3,2026-09-29T23:24:45Z
MP/2025/872,2025,872,Obwieszczenie,Obwieszczenie Ministra Energii z dnia 29 sierpnia 2025 r. o wykorzystaniu więcej niż 80 % środków przeznaczonych w roku 2025 na wyrównania dla przedsiębiorstw energetycznych stosujących maksymalną cenę dostawy ciepła dla niektórych odbiorców,2025-08-29,2025-09-02,2025-09-03T10:54:02,038e7841c92f9e41acafa177a8459ebe88bccf12ebf272a6aceaa2157da2ccf6,1,179,0,0,0,ok,,eli2md 0.6.3,2026-09-29T23:24:45Z
MP/2025/873,2025,873,Postanowienie,Postanowienie Prezydenta Rzeczypospolitej Polskiej z dnia 29 kwietnia 2025 r. nr 1130.22.2025 o powołaniu do pełnienia urzędu na stanowisku sędziego,2025-04-29,2025-09-02,2025-09-03T10:54:02,f1319fedb3a29a81dabe929e0a64af24d9ae9eb2cd8321f35643a8c5aaec6653,1,122,0,0,0,ok,,eli2md 0.6.3,2026-09-29T23:24:45Z
MP/2025/874,2025,874,Postanowienie,Postanowienie Prezydenta Rzeczypospolitej Polskiej z dnia 29 maja 2025 r. nr 1130.38.2025 o powołaniu do pełnienia urzędu na stanowisku sędziego,2025-05-29,2025-09-02,2025-09-03T10:54:02,8f5922f20a01fd303c424ad088174982c98e6af3f921c7209159e74c16464bdd,1,57,0,0,0,ok,,eli2md 0.6.3,2026-09-29T23:24:45Z
MP/2025/875,2025,875,Postanowienie,Postanowienie Prezydenta Rzeczypospolitej Polskiej z dnia 23 lipca 2025 r. nr 110.88.2025 w sprawie odwołania Ambasadora Rzeczypospolitej Polskiej,2025-07-23,2025-09-02,2025-09-03T10:54:02,ee3fae934a8b4202b996e40a27875084f713b45b16476b7665adb3b39eb5cd77,1,60,0,0,0,ok,,eli2md 0.6.3,2026-09-29T23:24:45Z
MP/2025/876,2025,876,Postanowienie,Postanowienie Prezydenta Rzeczypospolitej Polskiej z dnia 23 lipca 2025 r. nr 110.89.2025 w sprawie odwołania Ambasadora Rzeczypospolitej Polskiej,2025-07-23,2025-09-02,2025-09-03T10:54:02,2c627013055ea966ac8af8edcf58bd6c63e64703aa6bc659a9401727c1fe2288,1,60,0,0,0,ok,,eli2md 0.6.3,2026-09-29T23:24:45Z
MP/2025/877,2025,877,Postanowienie,Postanowienie Prezydenta Rzeczypospolitej Polskiej z dnia 23 lipca 2025 r. nr 110.90.2025 w sprawie odwołania Ambasadora Rzeczypospolitej Polskiej,2025-07-23,2025-09-02,2025-09-03T10:54:02,9a775e9245eab93df97174e548b715713bfd4937f9c0ff581659d437f2fa8a32,1,60,0,0,0,ok,,eli2md 0.6.3,2026-09-29T23:24:45Z
MP/2025/878,2025,878,Postanowienie,Postanowienie Prezydenta Rzeczypospolitej Polskiej z dnia 23 lipca 2025 r. nr 110.91.2025 w sprawie odwołania Ambasadora Rzeczypospolitej Polskiej,2025-07-23,2025-09-02,2025-09-03T10:54:02,a6c61be7ad0f39f2f3a81a67760670caea0177e01ebeda83691fbe2324d74bd6,1,60,0,0,0,ok,,eli2md 0.6.3,2026-09-29T23:24:45Z
MP/2025/879,2025,879,Postanowienie,Postanowienie Prezydenta Rzeczypospolitej Polskiej z dnia 23 lipca 2025 r. nr 110.92.2025 w sprawie odwołania Ambasadora Rzeczypospolitej Polskiej,2025-07-23,2025-09-02,2025-09-03T10:54:02,fd577fbe224d06f7cc46655e2a08bd0dfa445caf052d2f85216bdb2463099def,1,60,0,0,0,ok,,eli2md 0.6.3,2026-09-29T23:24:45Z
MP/2025/880,2025,880,Postanowienie,Postanowienie Prezydenta Rzeczypospolitej Polskiej z dnia 23 lipca 2025 r. nr 110.93.2025 w sprawie odwołania Ambasadora Rzeczypospolitej Polskiej,2025-07-23,2025-09-02,2025-09-03T10:54:02,ebd9d703f0dd4f64357f43fdbcd2d0d8d0b3c280f63b5d77e9297136b6c8130c,1,65,0,0,0,ok,,eli2md 0.6.3,2026-09-29T23:24:45Z
MP/2025/881,2025,881,Postanowienie,Postanowienie Prezydenta Rzeczypospolitej Polskiej z dnia 23 lipca 2025 r. nr 110.94.2025 w sprawie odwołania Ambasadora Rzeczypospolitej Polskiej,2025-07-23,2025-09-02,2025-09-03T10:54:02,3f804d58ac02a8ea0f7a5f0de6622436c6586f7ad461f6c85d40c20396d3a2a5,1,65,0,0,0,ok,,eli2md 0.6.3,2026-09-29T23:24:45Z
MP/2025/882,2025,882,Postanowienie,Postanowienie Prezydenta Rzeczypospolitej Polskiej z dnia 29 lipca 2025 r. nr 110.95.2025 w sprawie odwołania Ambasadora Rzeczypospolitej Polskiej,2025-07-29,2025-09-02,2025-09-03T10:54:02,1c462863345c340b0e417e245f373625aa6ee8a86d8018f02c4f60edfdf40689,1,60,0,0,0,ok,,eli2md 0.6.3,2026-09-29T23:24:45Z
MP/2025/883,2025,883,Postanowienie,Postanowienie Prezydenta Rzeczypospolitej Polskiej z dnia 29 lipca 2025 r. nr 110.96.2025 w sprawie odwołania Ambasadora Rzeczypospolitej Polskiej,2025-07-29,2025-09-02,2025-09-03T10:54:02,e59b25b9ee015d3dd4277290e2a6f0011fa85722b3608f98a9e7f0cb62a6da1a,1,61,0,0,0,ok,,eli2md 0.6.3,2026-09-29T23:24:45Z
MP/2025/884,2025,884,Postanowienie,Postanowienie Prezydenta Rzeczypospolitej Polskiej z dnia 29 lipca 2025 r. nr 110.97.2025 w sprawie odwołania Ambasadora Rzeczypospolitej Polskiej,2025-07-29,2025-09-02,2025-09-03T10:54:02,81a0a41d885e2b43a15a5c6d703558136a6c949f0d2d69fbd1b0188e895a6851,1,66,0,0,0,ok,,eli2md 0.6.3,2026-09-29T23:24:45Z
MP/2025/885,2025,885,Postanowienie,Postanowienie Prezydenta Rzeczypospolitej Polskiej z dnia 27 czerwca 2025 r. nr rej. 402/2025 o nadaniu orderów i odznaczeń,2025-06-27,2025-09-02,2025-09-03T10:54:02,71103022ad96732d65eeb339f9c4421642efcca7bfa7992fa793006849627d5d,2,221,0,0,0,ok,,eli2md 0.6.3,2026-09-29T23:24:45Z
MP/2025/886,2025,886,Postanowienie,Postanowienie Prezydenta Rzeczypospolitej Polskiej z dnia 26 czerwca 2025 r. nr rej. 403/2025 o nadaniu orderów i odznaczeń,2025-06-26,2025-09-02,2025-09-03T10:54:02,1fb862fadc5c92a0065d8ffa7739dfb858f4ab8970a328a65d369e1c37a8d03e,2,215,0,0,0,ok,,eli2md 0.6.3,2026-09-29T23:24:45Z
MP/2025/887,2025,887,Postanowienie,Postanowienie Prezydenta Rzeczypospolitej Polskiej z dnia 26 czerwca 2025 r. nr rej. 404/2025 o nadaniu odznaczenia,2025-06-26,2025-09-02,2025-09-03T10:54:02,530ba2694a0c4841bad8d26b5548f12c534c95117bd5ab10cf941cdb11203d51,1,69,0,0,0,ok,,eli2md 0.6.3,2026-09-29T23:24:45Z
MP/2025/888,2025,888,Postanowienie,Postanowienie Prezydenta Rzeczypospolitej Polskiej z dnia 26 czerwca 2025 r. nr rej. 405/2025 o nadaniu odznaczeń,2025-06-26,2025-09-02,2025-09-03T10:54:02,a75014d6e4802218b374045dc2a217fab5a31636cdfcaf39136abe43e0b50804,1,138,0,0,0,ok,,eli2md 0.6.3,2026-09-29T23:24:45Z
MP/2025/889,2025,889,Postanowienie,Postanowienie Prezydenta Rzeczypospolitej Polskiej z dnia 27 czerwca 2025 r. nr rej. 406/2025 o nadaniu odznaczenia,2025-06-27,2025-09-02,2025-09-03T10:54:03,c2ff8f899a6fde02a95e567c3fbb86c52b206e71c745991552a6dbf002907f78,1,73,0,0,0,ok,,eli2md 0.6.3,2026-09-29T23:24:45Z
MP/2025/890,2025,890,Postanowienie,Postanowienie Prezydenta Rzeczypospolitej Polskiej z dnia 29 lipca 2025 r. nr rej. 483/2025 o pozbawieniu odznaczenia,2025-07-29,2025-09-02,2025-09-03T10:54:03,5910022ff5cbb40f11639a18ceaa54987f4db87ba57fdf097a498519f7f2e147,1,74,0,0,0,ok,,eli2md 0.6.3,2026-09-29T23:24:45Z
MP/2025/891,2025,891,Postanowienie,Postanowienie Prezydenta Rzeczypospolitej Polskiej z dnia 18 lipca 2025 r. nr rej. 508/2025 o zmianie postanowienia o nadaniu orderów i odznaczeń,2025-07-18,2025-09-02,2025-09-03T10:54:03,79c519147870201ad84c31bfb35127df52d63fe20b58271ee1b750d076cd046c,1,126,0,0,0,ok,,eli2md 0.6.3,2026-09-29T23:24:45Z
MP/2025/892,2025,892,Postanowienie,Postanowienie Marszałka Sejmu Rzeczypospolitej Polskiej z dnia 1 września 2025 r. w sprawie obsadzenia wygasłego mandatu w okręgu wyborczym nr 40 z siedzibą Okręgowej Komisji Wyborczej w Koszalinie,2025-09-01,2025-09-03,2025-09-04T10:14:07,297595c9ea860cc2aefe9d8e291e4c92fe4305b1c014923ec1a054b09f9273b2,1,112,0,0,0,ok,,eli2md 0.6.3,2026-09-29T23:24:45Z
MP/2025/893,2025,893,Zarządzenie,Zarządzenie nr 47 Prezesa Rady Ministrów z dnia 2 września 2025 r. zmieniające zarządzenie w sprawie nadania statutu Ministerstwu Klimatu i Środowiska,2025-09-02,2025-09-03,2026-05-05T09:23:04,337a01120fb6014e5dbdda183d59243e115055c5c3e3d3a5c3b58cbc563fe4c2,1,256,0,0,0,ok,,eli2md 0.6.3,2026-09-29T23:24:45Z
MP/2025/894,2025,894,Zarządzenie,Zarządzenie nr 48 Prezesa Rady Ministrów z dnia 3 września 2025 r. w sprawie nadania statutu Ministerstwu Energii,2025-09-03,2025-09-04,2025-09-05T12:28:41,d3ff8d70e88a757814c1d63920bcc33aede8e719f8d3acfc04733dd926fdd54b,2,331,0,0,0,ok,,eli2md 0.6.3,2026-09-29T23:24:45Z
MP/2025/895,2025,895,Obwieszczenie,Obwieszczenie Ministra Spraw Zagranicznych z dnia 1 września 2025 r. w sprawie wykazu jednostek organizacyjnych podległych Ministrowi Spraw Zagranicznych lub przez niego nadzorowanych,2025-09-01,2025-09-04,2025-09-05T12:28:41,fa17e3998fe2b7d11efb2a899c7e9f9d450d14ca45fa198f9bf6609db2842959,12,3253,0,0,0,ok,,eli2md 0.6.3,2026-09-29T23:24:45Z
MP/2025/896,2025,896,Obwieszczenie,"Obwieszczenie Ministra Finansów i Gospodarki z dnia 6 sierpnia 2025 r. w sprawie włączenia kwalifikacji wolnorynkowej ""Przeprowadzanie badań laboratoryjnych w kontroli procesowej w produkcji farb, lakierów i klejów"" do Zintegrowanego Systemu Kwalifikacji",2025-08-06,2025-09-04,2025-09-05T12:28:41,a25dfe2f92265296e54844ee6de651558240fa584163f59d0af94fa5fccb49d8,5,1615,0,0,0,ok,,eli2md 0.6.3,2026-09-29T23:24:45Z
MP/2025/897,2025,897,Postanowienie,Postanowienie Prezydenta Rzeczypospolitej Polskiej z dnia 5 maja 2025 r. nr 1130.11.2025 o powołaniu do pełnienia urzędu na stanowisku sędziego,2025-05-05,2025-09-05,2025-09-08T10:34:39,9d12868772e74bf71152cb00f39c487705d8a66c8f756b4de975e93da2ee96fa,1,87,0,0,0,ok,,eli2md 0.6.3,2026-09-29T23:24:45Z
MP/2025/898,2025,898,Postanowienie,Postanowienie Prezydenta Rzeczypospolitej Polskiej z dnia 8 lipca 2025 r. nr 1130.37.2025 o powołaniu do pełnienia urzędu na stanowisku sędziego,2025-07-08,2025-09-05,2025-09-08T10:34:39,facb03c71d0d78fcfe1b2d05fbe9f63d1ba6299baa18a9ee8206b72ccdc9dfa1,1,89,0,0,0,ok,,eli2md 0.6.3,2026-09-29T23:24:45Z
MP/2025/899,2025,899,Postanowienie,Postanowienie Prezydenta Rzeczypospolitej Polskiej z dnia 29 lipca 2025 r. nr 110.98.2025 w sprawie odwołania Ambasadora Rzeczypospolitej Polskiej,2025-07-29,2025-09-05,2025-09-08T10:34:39,dc2c85d743bba4c4b27ff1952fb6c674d2fbbaf8fc4cdd0fe2782340c87f761e,1,61,0,0,0,ok,,eli2md 0.6.3,2026-09-29T23:24:45Z
MP/2025/900,2025,900,Postanowienie,Postanowienie Prezydenta Rzeczypospolitej Polskiej z dnia 29 lipca 2025 r. nr 110.99.2025 w sprawie odwołania Ambasadora Rzeczypospolitej Polskiej,2025-07-29,2025-09-05,2025-09-08T10:34:39,b85f333da47a37d92c65f9d1c7438d1bf99ed4fbaf5f9b2c871286e95f6e864f,1,60,0,0,0,ok,,eli2md 0.6.3,2026-09-29T23:24:45Z
MP/2025/901,2025,901,Postanowienie,Postanowienie Prezydenta Rzeczypospolitej Polskiej z dnia 29 lipca 2025 r. nr 110.100.2025 w sprawie odwołania Ambasadora Rzeczypospolitej Polskiej,2025-07-29,2025-09-05,2025-09-08T10:34:39,00303ae976fa997c6f32aab0b7ece58b5dc203b56a35c5d591a8e3298c030340,1,61,0,0,0,ok,,eli2md 0.6.3,2026-09-29T23:24:45Z
MP/2025/902,2025,902,Postanowienie,Postanowienie Prezydenta Rzeczypospolitej Polskiej z dnia 29 lipca 2025 r. nr 110.101.2025 w sprawie odwołania Ambasadora Rzeczypospolitej Polskiej,2025-07-29,2025-09-05,2025-09-08T10:34:39,c9b8107b6d60178fa4246e9dbaf836498e4c7b7db7cd0c1f55fb4e210cfb1b68,1,60,0,0,0,ok,,eli2md 0.6.3,2026-09-29T23:24:45Z
MP/2025/903,2025,903,Postanowienie,Postanowienie Prezydenta Rzeczypospolitej Polskiej z dnia 29 lipca 2025 r. nr 110.102.2025 w sprawie odwołania Ambasadora Rzeczypospolitej Polskiej,2025-07-29,2025-09-05,2025-09-08T10:34:39,bc8cf7a3148f8d497d686a0af7720f4ee08790d338002507d055210fa03b2b12,1,60,0,0,0,ok,,eli2md 0.6.3,2026-09-29T23:24:45Z
MP/2025/904,2025,904,Postanowienie,Postanowienie Prezydenta Rzeczypospolitej Polskiej z dnia 29 lipca 2025 r. nr 110.103.2025 w sprawie odwołania Ambasadora Rzeczypospolitej Polskiej,2025-07-29,2025-09-05,2025-09-08T10:34:39,c18939f9bc233895d093f6b0d584c7e9e27ea41082a6bd46074ac99b6cf99241,1,60,0,0,0,ok,,eli2md 0.6.3,2026-09-29T23:24:45Z
MP/2025/905,2025,905,Postanowienie,Postanowienie Prezydenta Rzeczypospolitej Polskiej z dnia 29 lipca 2025 r. nr 110.104.2025 w sprawie odwołania Ambasadora Rzeczypospolitej Polskiej,2025-07-29,2025-09-05,2025-09-08T10:34:39,453f8b6abf4c43b5b01fb7d2c8cb7b5ad79404847587fe28cedb0e22903e1c2d,1,60,0,0,0,ok,,eli2md 0.6.3,2026-09-29T23:24:45Z
MP/2025/906,2025,906,Postanowienie,Postanowienie Prezydenta Rzeczypospolitej Polskiej z dnia 29 lipca 2025 r. nr 110.105.2025 w sprawie odwołania Ambasadora Rzeczypospolitej Polskiej,2025-07-29,2025-09-05,2025-09-08T10:34:39,94df73fe4a70872114a71d04fa5b5ba9b59365b47e222de4cf8aa0c9123fbb94,1,59,0,0,0,ok,,eli2md 0.6.3,2026-09-29T23:24:45Z
MP/2025/907,2025,907,Postanowienie,Postanowienie Prezydenta Rzeczypospolitej Polskiej z dnia 29 lipca 2025 r. nr 110.106.2025 w sprawie mianowania Ambasadora Rzeczypospolitej Polskiej,2025-07-29,2025-09-05,2025-09-08T10:34:39,b320b5036c1658c1012edbc2536d29e21530c695ac86b04874edb6903aabb5bc,1,58,0,0,0,ok,,eli2md 0.6.3,2026-09-29T23:24:45Z
MP/2025/908,2025,908,Postanowienie,Postanowienie Prezydenta Rzeczypospolitej Polskiej z dnia 29 lipca 2025 r. nr 110.107.2025 w sprawie mianowania Ambasadora Rzeczypospolitej Polskiej,2025-07-29,2025-09-05,2025-09-08T10:34:39,bc613697befa676539fe7ce7e8ddc6e63527fe0b98e8b26f0dea21621f6d934f,1,59,0,0,0,ok,,eli2md 0.6.3,2026-09-29T23:24:45Z
MP/2025/909,2025,909,Postanowienie,Postanowienie Prezydenta Rzeczypospolitej Polskiej z dnia 29 lipca 2025 r. nr 110.108.2025 w sprawie mianowania Ambasadora Rzeczypospolitej Polskiej,2025-07-29,2025-09-05,2025-09-08T10:34:39,141029a21c44865a079a66b5c5abb512bb9c7e0abfb50270e62944859ca63a85,1,58,0,0,0,ok,,eli2md 0.6.3,2026-09-29T23:24:45Z
MP/2025/910,2025,910,Obwieszczenie,Obwieszczenie Prezesa Polskiego Komitetu Normalizacyjnego z dnia 14 lipca 2025 r. w sprawie wykazu norm zharmonizowanych,2025-07-14,2025-09-05,2025-09-08T10:34:40,39278f904c0a43149ecfcdbe3fd8e82750c07ffbf1e88d96e3f4dc0b5339e623,384,87602,0,0,0,ok,,eli2md 0.6.3,2026-09-29T23:24:45Z
MP/2025/911,2025,911,Zarządzenie,"Zarządzenie nr 49 Prezesa Rady Ministrów z dnia 5 września 2025 r. zmieniające zarządzenie w sprawie Zespołu do spraw Odbudowy po Powodzi, która miała miejsce we wrześniu 2024 r.",2025-09-05,2025-09-05,2025-09-08T10:34:40,e3e5df5c04269b5659b917d30c5bae913d58214f8fd525ad0bd457bd828d66ea,2,357,0,0,0,ok,,eli2md 0.6.3,2026-09-29T23:24:45Z
MP/2025/912,2025,912,Zarządzenie,Zarządzenie nr 20/2025 Prezesa Narodowego Banku Polskiego z dnia 3 września 2025 r. w sprawie ustalenia wzoru i wielkości emisji banknotu o wartości nominalnej 20 zł,2025-09-03,2025-09-08,2025-09-09T10:29:49,3aed480608259c7ab252acd7472a68c07f83d3c5ab0caeb23d8c86d1638c9f97,3,908,0,0,0,ok,,eli2md 0.6.3,2026-09-29T23:24:45Z
MP/2025/913,2025,913,Zarządzenie,Zarządzenie Prezydenta Rzeczypospolitej Polskiej z dnia 1 września 2025 r. zmieniające zarządzenie w sprawie nadania statutu Kancelarii Prezydenta Rzeczypospolitej Polskiej,2025-09-01,2025-09-08,2025-09-09T10:29:49,abf89af291f4145aaaf824d6044eeac9ef91fa2ec919eb70b4f14a0ba394a932,1,240,0,0,0,ok,,eli2md 0.6.3,2026-09-29T23:24:45Z
MP/2025/914,2025,914,Postanowienie,Postanowienie Prezydenta Rzeczypospolitej Polskiej z dnia 18 lipca 2025 r. nr rej. 76/2025 o nadaniu odznaczeń,2025-07-18,2025-09-08,2025-09-09T10:29:49,d4b4ea26e11d86622ff5005542f1bfe9fa5c6feda743a579fb5ef0ce11b070f1,3,386,0,0,0,ok,,eli2md 0.6.3,2026-09-29T23:24:45Z
MP/2025/915,2025,915,Postanowienie,Postanowienie Prezydenta Rzeczypospolitej Polskiej z dnia 7 lipca 2025 r. nr rej. 206/2025 o nadaniu odznaczeń,2025-07-07,2025-09-08,2025-09-09T10:29:49,fc0f22f285be5cda8f95482bbcd4adc3530df1bd4ba00cddf0d13951fb25c0d4,1,106,0,0,0,ok,,eli2md 0.6.3,2026-09-29T23:24:45Z
MP/2025/916,2025,916,Postanowienie,Postanowienie Prezydenta Rzeczypospolitej Polskiej z dnia 6 maja 2025 r. nr rej. 260/2025 o nadaniu odznaczenia,2025-05-06,2025-09-08,2025-09-09T10:29:49,1503aa2039177a883b8fb59e2d9295678be31af35beefa75f406cf606833336c,1,75,0,0,0,ok,,eli2md 0.6.3,2026-09-29T23:24:45Z
MP/2025/917,2025,917,Postanowienie,Postanowienie Prezydenta Rzeczypospolitej Polskiej z dnia 18 lipca 2025 r. nr rej. 319/2025 o nadaniu odznaczeń,2025-07-18,2025-09-08,2025-09-09T10:29:49,606a848dfdf04ae4fdf9cde56167764ce9e4bfea7c48855756b29ecc72787aca,1,179,0,0,0,ok,,eli2md 0.6.3,2026-09-29T23:24:45Z
MP/2025/918,2025,918,Postanowienie,Postanowienie Prezydenta Rzeczypospolitej Polskiej z dnia 2 lipca 2025 r. nr rej. 379/2025 o nadaniu odznaczenia,2025-07-02,2025-09-08,2025-09-09T10:29:49,d0d74a182404f7caa86d7f71c9bbe3c57556d97dafc149150784d13ec2a8fbd0,1,69,0,0,0,ok,,eli2md 0.6.3,2026-09-29T23:24:45Z
MP/2025/919,2025,919,Obwieszczenie,Obwieszczenie Prezesa Naczelnego Sądu Administracyjnego z dnia 26 sierpnia 2025 r. o wolnych stanowiskach asesorskich w Wojewódzkim Sądzie Administracyjnym w Warszawie,2025-08-26,2025-09-09,2025-09-10T12:01:48,9becb00ff70c285cfd9c79940ea0e74f2839311c286748b10e2cb8eb1074e420,1,243,0,0,0,ok,,eli2md 0.6.3,2026-09-29T23:24:45Z
MP/2025/920,2025,920,Obwieszczenie,Obwieszczenie Prezesa Naczelnego Sądu Administracyjnego z dnia 26 sierpnia 2025 r. o wolnych stanowiskach asesorskich w Wojewódzkim Sądzie Administracyjnym we Wrocławiu,2025-08-26,2025-09-09,2025-09-10T12:01:48,2b9024eea4b75f36f91521d47ce8fa86cef2c458becf6f23fd01ae1b1518985e,1,243,0,0,0,ok,,eli2md 0.6.3,2026-09-29T23:24:45Z
MP/2025/921,2025,921,Obwieszczenie,Obwieszczenie Prezesa Naczelnego Sądu Administracyjnego z dnia 27 sierpnia 2025 r. o wolnych stanowiskach asesorskich w Wojewódzkim Sądzie Administracyjnym w Warszawie,2025-08-27,2025-09-09,2025-09-10T12:01:48,a77a105bf45160190534d5c4631ec04eb64dcffc05ace5d079bbd3a214c2bf22,1,243,0,0,0,ok,,eli2md 0.6.3,2026-09-29T23:24:45Z
MP/2025/922,2025,922,Postanowienie,Postanowienie Prezydenta Rzeczypospolitej Polskiej z dnia 4 lipca 2025 r. nr rej. 380/2025 o nadaniu orderów i odznaczeń,2025-07-04,2025-09-08,2025-09-10T12:01:48,bd5be67449aa30f99e7403da17f6ad518b4b8dda18d0c9bb3a4a940304552908,2,312,0,0,0,ok,,eli2md 0.6.3,2026-09-29T23:24:45Z
MP/2025/923,2025,923,Postanowienie,Postanowienie Prezydenta Rzeczypospolitej Polskiej dnia 2 lipca 2025 r. nr rej. 393/2025 o nadaniu odznaczeń,2025-07-02,2025-09-09,2025-09-10T12:01:48,83db6727846b74cd36cea659d734f6ac8e2f8f363cdc55c4c25cac8f899673b4,2,151,0,0,0,ok,,eli2md 0.6.3,2026-09-29T23:24:45Z
MP/2025/924,2025,924,Postanowienie,Postanowienie Prezydenta Rzeczypospolitej Polskiej z dnia 2 lipca 2025 r. nr rej. 394/2025 o nadaniu orderu i odznaczenia,2025-07-02,2025-09-09,2025-09-10T12:01:49,036fd54c321eb5509e5e89333bde7ff194b95544abfdd647a73bda44af6ed965,1,88,0,0,0,ok,,eli2md 0.6.3,2026-09-29T23:24:45Z
MP/2025/925,2025,925,Postanowienie,Postanowienie Prezydenta Rzeczypospolitej Polskiej z dnia 3 lipca 2025 r. nr rej. 408/2025 o nadaniu odznaczeń,2025-07-03,2025-09-09,2025-09-10T12:01:49,cb2e917bf850086ab7d7b6cb55f9c59f1e367c238bb4bb6d3af787fae4ff1423,5,766,0,0,0,ok,,eli2md 0.6.3,2026-09-29T23:24:45Z
MP/2025/926,2025,926,Postanowienie,Postanowienie Prezydenta Rzeczypospolitej Polskiej z dnia 8 lipca 2025 r. nr rej. 421/2025 o nadaniu odznaczeń,2025-07-08,2025-09-09,2025-09-10T12:01:49,b6a051de7a558cc1c3147fea999c3170f5051c91e9652788a12da22a8c0ab0cd,2,289,0,0,0,ok,,eli2md 0.6.3,2026-09-29T23:24:45Z
MP/2025/927,2025,927,Postanowienie,Postanowienie Prezydenta Rzeczypospolitej Polskiej z dnia 3 lipca 2025 r. nr rej. 422/2025 o nadaniu orderu,2025-07-03,2025-09-09,2025-09-10T12:01:49,19a4f3049a0a20d7e540c235e2b59c170430c228519bc00291e0ce6d49a5199f,1,71,0,0,0,ok,,eli2md 0.6.3,2026-09-29T23:24:45Z
MP/2025/928,2025,928,Obwieszczenie,Obwieszczenie Prezesa Naczelnego Sądu Administracyjnego z dnia 27 sierpnia 2025 r. o wolnym stanowisku asesorskim w Wojewódzkim Sądzie Administracyjnym w Białymstoku,2025-08-27,2025-09-09,2025-09-10T12:01:49,393ecbd7aba57b075c57560c79530b345dc8f991144535f2b618ded27064efc9,1,243,0,0,0,ok,,eli2md 0.6.3,2026-09-29T23:24:45Z
MP/2025/929,2025,929,Obwieszczenie,Obwieszczenie Prezesa Naczelnego Sądu Administracyjnego z dnia 27 sierpnia 2025 r. o wolnym stanowisku asesorskim w Wojewódzkim Sądzie Administracyjnym w Bydgoszczy,2025-08-27,2025-09-09,2025-09-10T12:01:49,30af1a07350db133f8964a167733a42dc85acdf7cec910ecad3eac408d97a2cf,1,243,0,0,0,ok,,eli2md 0.6.3,2026-09-29T23:24:45Z
MP/2025/930,2025,930,Obwieszczenie,Obwieszczenie Prezesa Naczelnego Sądu Administracyjnego z dnia 26 sierpnia 2025 r. o wolnym stanowisku asesorskim w Wojewódzkim Sądzie Administracyjnym w Gliwicach,2025-08-26,2025-09-09,2025-09-10T12:01:49,4bb3b7c1afc6fe08b06ae8a0ccbbc5b502057abbfedde5bda98a14a4cbbeb16a,1,243,0,0,0,ok,,eli2md 0.6.3,2026-09-29T23:24:45Z
MP/2025/931,2025,931,Postanowienie,Postanowienie Prezydenta Rzeczypospolitej Polskiej z dnia 28 maja 2025 r. nr 1130.32.2025 o powołaniu do pełnienia urzędu na stanowisku sędziego,2025-05-28,2025-09-09,2025-09-10T12:01:49,5f3e92aa695b5c2eddfd4ea72866de48b21bb74c78cf33b755d95029e888a174,2,229,0,0,0,ok,,eli2md 0.6.3,2026-09-29T23:24:45Z
MP/2025/932,2025,932,Postanowienie,Postanowienie Prezydenta Rzeczypospolitej Polskiej z dnia 29 maja 2025 r. nr 1130.36.2025 o powołaniu do pełnienia urzędu na stanowisku sędziego,2025-05-29,2025-09-09,2025-09-10T12:01:49,6ece10118f9cb3f61a5df81343ce7bff554fb933e504813f2047e619dba0d1bf,1,131,0,0,0,ok,,eli2md 0.6.3,2026-09-29T23:24:45Z
MP/2025/933,2025,933,Obwieszczenie,Obwieszczenie Prezesa Naczelnego Sądu Administracyjnego z dnia 27 sierpnia 2025 r. o wolnym stanowisku asesorskim w Wojewódzkim Sądzie Administracyjnym w Rzeszowie,2025-08-27,2025-09-09,2025-09-10T12:01:49,0e782b51043a39debcd636f2d8a5830ff6748e47fd462928ac013ceaf00fe1a6,1,243,0,0,0,ok,,eli2md 0.6.3,2026-09-29T23:24:45Z
MP/2025/934,2025,934,Obwieszczenie,Obwieszczenie Prezesa Naczelnego Sądu Administracyjnego z dnia 27 sierpnia 2025 r. o wolnym stanowisku asesorskim w Wojewódzkim Sądzie Administracyjnym w Poznaniu,2025-08-27,2025-09-09,2025-09-10T12:01:49,8c33d9c83b076fafddb9c8e18c2e75c066c149c6070fcd8b7a3854dc19ffce80,1,243,0,0,0,ok,,eli2md 0.6.3,2026-09-29T23:24:45Z
MP/2025/935,2025,935,Obwieszczenie,Obwieszczenie Prezesa Naczelnego Sądu Administracyjnego z dnia 27 sierpnia 2025 r. o wolnym stanowisku asesorskim w Wojewódzkim Sądzie Administracyjnym w Opolu,2025-08-27,2025-09-09,2025-09-10T12:01:50,a6d1808d5725e02987a8667be84fd2ba30f6dc981872013f28adfed72a28d8cc,1,243,0,0,0,ok,,eli2md 0.6.3,2026-09-29T23:24:45Z
MP/2025/936,2025,936,Komunikat,Komunikat Prezesa Zakładu Ubezpieczeń Społecznych z dnia 5 września 2025 r. w sprawie wysokości odsetek należnych z tytułu nieprzekazania w terminie składek do otwartego funduszu emerytalnego,2025-09-05,2025-09-10,2025-09-11T11:05:06,111f1ee6c9e5ed38084914b86496f71b38030dc05cbcf9e03b44ffa154c6445f,1,92,0,0,0,ok,,eli2md 0.6.3,2026-09-29T23:24:45Z
MP/2025/937,2025,937,Postanowienie,Postanowienie Prezydenta Rzeczypospolitej Polskiej z dnia 2 lipca 2025 r. nr rej. 423/2025 o nadaniu odznaczenia,2025-07-02,2025-09-10,2025-09-11T11:05:06,9cf8d387e967502c998b27be6ed7528e2ff291e219253c53bd58ca3d69d8d872,1,68,0,0,0,ok,,eli2md 0.6.3,2026-09-29T23:24:45Z
MP/2025/938,2025,938,Postanowienie,Postanowienie Prezydenta Rzeczypospolitej Polskiej z dnia 8 lipca 2025 r. nr rej. 424/2025 o nadaniu odznaczeń,2025-07-08,2025-09-10,2025-09-11T11:05:06,9bcc4a95e6b0370133862e972ef8e3dc22df185b714b527c78fd2d93aa54cb8d,1,125,0,0,0,ok,,eli2md 0.6.3,2026-09-29T23:24:45Z
MP/2025/939,2025,939,Postanowienie,Postanowienie Prezydenta Rzeczypospolitej Polskiej z dnia 4 lipca 2025 r. nr rej. 425/2025 o nadaniu orderu i odznaczeń,2025-07-04,2025-09-10,2025-09-11T11:05:06,a16d174e037b5e198353da6447cd28e8c31033737c22a592fad15389227babdd,1,102,0,0,0,ok,,eli2md 0.6.3,2026-09-29T23:24:45Z
MP/2025/940,2025,940,Postanowienie,Postanowienie Prezydenta Rzeczypospolitej Polskiej z dnia 4 lipca 2025 r. nr rej. 426/2025 o nadaniu odznaczeń,2025-07-04,2025-09-10,2025-09-11T11:05:06,cc7845f73feae1ee62a28a4137f940a2ded5af3d1c0a07a72dd46b4f20094ac7,1,97,0,0,0,ok,,eli2md 0.6.3,2026-09-29T23:24:45Z
MP/2025/941,2025,941,Postanowienie,Postanowienie Prezydenta Rzeczypospolitej Polskiej z dnia 4 lipca 2025 r. nr rej. 428/2025 o nadaniu odznaczeń,2025-07-04,2025-09-10,2025-09-11T11:05:06,0699e5de3bdfa025e3310a36c3be44e9c7ad0aa98d2bbd82325a6ee116d6b215,1,138,0,0,0,ok,,eli2md 0.6.3,2026-09-29T23:24:45Z
MP/2025/942,2025,942,Postanowienie,Postanowienie Prezydenta Rzeczypospolitej Polskiej z dnia 7 lipca 2025 r. nr rej. 429/2025 o nadaniu odznaczeń,2025-07-04,2025-09-10,2025-09-11T11:05:06,049165e6f7663773636fee6d8bfc17f84a37b3255d8e0d4bb5b2d8fe9cab4e9c,4,515,0,0,0,ok,,eli2md 0.6.3,2026-09-29T23:24:45Z
MP/2025/943,2025,943,Postanowienie,Postanowienie Prezydenta Rzeczypospolitej Polskiej z dnia 4 lipca 2025 r. nr rej. 430/2025 o nadaniu orderów i odznaczeń,2025-07-04,2025-09-10,2025-09-11T11:05:06,67c0897dbbc5942f4a18d64855a2bbd62e0354a2cc0b8da095680814a30ba0db,2,238,0,0,0,ok,,eli2md 0.6.3,2026-09-29T23:24:45Z
MP/2025/944,2025,944,Postanowienie,Postanowienie Prezydenta Rzeczypospolitej Polskiej z dnia 4 lipca 2025 r. nr rej. 431/2025 o nadaniu orderów i odznaczeń,2025-07-04,2025-09-10,2025-09-11T11:05:06,40e26f7d29a33300d0e0d1c5cf8fcf76c728fdb7bd3f6c0b7402ffe3772001cd,1,178,0,0,0,ok,,eli2md 0.6.3,2026-09-29T23:24:45Z
MP/2025/945,2025,945,Postanowienie,Postanowienie Prezydenta Rzeczypospolitej Polskiej z dnia 4 lipca 2025 r. nr rej. 454/2025 o nadaniu orderów,2025-07-04,2025-09-10,2025-09-11T11:05:06,8e938257014e49f211069204be70507713b9c3212f5aeedeee8897eb94c21251,1,111,0,0,0,ok,,eli2md 0.6.3,2026-09-29T23:24:45Z
MP/2025/946,2025,946,Postanowienie,Postanowienie Prezydenta Rzeczypospolitej Polskiej z dnia 4 lipca 2025 r. nr rej. 456/2025 o nadaniu orderu,2025-07-04,2025-09-10,2025-09-11T11:05:06,838fa7a61d0b2a046701d1b3776abe550f4ba1a472a636faad3d69810d0fa7fa,1,79,0,0,0,ok,,eli2md 0.6.3,2026-09-29T23:24:45Z
MP/2025/947,2025,947,Obwieszczenie,Obwieszczenie Ministra Edukacji z dnia 5 września 2025 r. w sprawie ogólnopolskiej sieci branżowych centrów umiejętności na lata 2023-2028,2025-09-05,2025-09-11,2026-05-22T10:39:18,5137dbb3d03c9b7bb01697dd65694cc903ccaa402d48c4a5022c5c0fc7edfedf,8,1805,0,0,0,ok,,eli2md 0.6.3,2026-09-29T23:24:45Z
MP/2025/948,2025,948,Postanowienie,Postanowienie Prezydenta Rzeczypospolitej Polskiej z dnia 28 maja 2025 r. nr 1130.31.2025 o powołaniu do pełnienia urzędu na stanowisku sędziego,2025-05-28,2025-09-12,2025-09-15T10:42:21,8b31f11861c609a692a9877b7b1854b7374381ad87cc728665369b47ad57afcc,1,129,0,0,0,ok,,eli2md 0.6.3,2026-09-29T23:24:45Z
MP/2025/949,2025,949,Postanowienie,Postanowienie Prezydenta Rzeczypospolitej Polskiej z dnia 6 czerwca 2025 r. nr 1130.41.2025 o powołaniu do pełnienia urzędu na stanowisku sędziego,2025-06-06,2025-09-12,2025-09-15T10:41:38,fa03acb2456796d75cc2e999c1caf4911f9954e9af899867bd5e6003b60543ac,1,60,0,0,0,ok,,eli2md 0.6.3,2026-09-29T23:24:45Z
MP/2025/950,2025,950,Obwieszczenie,"Obwieszczenie Ministra Finansów i Gospodarki z dnia 6 września 2025 r. w sprawie stawki odsetek za zwłokę od zaległości podatkowych, obniżonej stawki odsetek za zwłokę od zaległości podatkowych oraz podwyższonej stawki odsetek za zwłokę od zaległości podatkowych",2025-09-06,2025-09-12,2025-09-15T10:40:53,7cc4893b3a452e54b782270673cdaca951b1e91a88039ccbdd8595fdd56d8248,1,120,0,0,0,ok,,eli2md 0.6.3,2026-09-29T23:24:45Z
MP/2025/951,2025,951,Postanowienie,Postanowienie Prezydenta Rzeczypospolitej Polskiej z dnia 11 lipca 2025 r. nr rej. 457/2025 o nadaniu orderów i odznaczeń,2025-07-11,2025-09-15,2025-09-16T10:50:26,01b3831b408717f650f0c6e0be8901d3c5077db94429979155c5eb4055632cc1,1,147,0,0,0,ok,,eli2md 0.6.3,2026-09-29T23:24:45Z
MP/2025/952,2025,952,Postanowienie,Postanowienie Prezydenta Rzeczypospolitej Polskiej z dnia 7 lipca 2025 r. nr rej. 458/2025 o nadaniu orderu i odznaczenia,2025-07-07,2025-09-15,2025-09-16T10:50:27,6a2854b14217048f5fef17ac1dbbfe4b9984737c913547372d125fbc0536d085,1,89,0,0,0,ok,,eli2md 0.6.3,2026-09-29T23:24:45Z
MP/2025/953,2025,953,Postanowienie,Postanowienie Prezydenta Rzeczypospolitej Polskiej z dnia 7 lipca 2025 r. nr rej. 459/2025 o nadaniu orderu,2025-07-07,2025-09-15,2025-09-16T10:50:27,170b60ee9715deabb68c24c772b91866af62f34f129ae37c17259aaecbb73811,1,79,0,0,0,ok,,eli2md 0.6.3,2026-09-29T23:24:45Z
MP/2025/954,2025,954,Postanowienie,Postanowienie Prezydenta Rzeczypospolitej Polskiej z dnia 9 lipca 2025 r. nr rej. 462/2025 o nadaniu orderów,2025-07-09,2025-09-15,2025-09-16T10:50:27,144a4bba9ec638a382283e0e96fdbebbc81eed5fd6b5c8663ee539fa6e54a723,2,287,0,0,0,ok,,eli2md 0.6.3,2026-09-29T23:24:45Z
MP/2025/955,2025,955,Postanowienie,Postanowienie Prezydenta Rzeczypospolitej Polskiej z dnia 8 lipca 2025 r. nr rej. 469/2025 o nadaniu odznaczenia,2025-07-08,2025-09-15,2025-09-16T10:50:27,6e16213cbe59652c46b3a87a8ce19be0e05ab2a604a11a3a2d4993521b534fdc,1,68,0,0,0,ok,,eli2md 0.6.3,2026-09-29T23:24:45Z
MP/2025/956,2025,956,Postanowienie,Postanowienie Prezydenta Rzeczypospolitej Polskiej z dnia 9 lipca 2025 r. nr rej. 470/2025 o nadaniu orderów i odznaczeń,2025-07-08,2025-09-15,2025-09-16T10:50:28,ccc901c835c4c34d035d3fc247a5b2c60e6b20de62fdd27413fbdf0f78b2654f,1,122,0,0,0,ok,,eli2md 0.6.3,2026-09-29T23:24:45Z
MP/2025/957,2025,957,Postanowienie,Postanowienie Prezydenta Rzeczypospolitej Polskiej z dnia 9 lipca 2025 r. nr rej. 471/2025 o nadaniu orderów i odznaczeń,2025-07-09,2025-09-15,2025-09-16T10:50:28,7daa31d2972b4baceddd2c22a48060e0ce674ef79a132e4ecacd8a3753ea6915,3,336,0,0,0,ok,,eli2md 0.6.3,2026-09-29T23:24:45Z
MP/2025/958,2025,958,Postanowienie,Postanowienie Prezydenta Rzeczypospolitej Polskiej z dnia 9 lipca 2025 r. nr rej. 472/2025 o nadaniu orderów,2025-07-09,2025-09-15,2025-09-16T10:50:28,ebd6f7f04ed88bef8b8e41910e7bfac8b8a71eb2fbf8b93184a6099b7b85314c,1,161,0,0,0,ok,,eli2md 0.6.3,2026-09-29T23:24:45Z
MP/2025/959,2025,959,Postanowienie,Postanowienie Prezydenta Rzeczypospolitej Polskiej z dnia 11 lipca 2025 r. nr rej. 474/2025 o nadaniu orderów i odznaczenia,2025-07-11,2025-09-15,2025-09-16T10:50:29,0c1288e4b9156d498a6f40d21dbf7be9d978e445281be3eeaf01deab24f8a197,1,138,0,0,0,ok,,eli2md 0.6.3,2026-09-29T23:24:45Z
MP/2025/960,2025,960,Postanowienie,Postanowienie Prezydenta Rzeczypospolitej Polskiej z dnia 10 lipca 2025 r. nr rej. 478/2025 o nadaniu odznaczeń,2025-07-10,2025-09-15,2025-09-16T10:50:29,6082bb5b35e2fa47ddf4f6f0d31b7b4a29f8ced5dbb6f4f9aa94e704bd39cbb8,2,207,0,0,0,ok,,eli2md 0.6.3,2026-09-29T23:24:45Z
MP/2025/961,2025,961,Obwieszczenie,"Obwieszczenie Ministra Finansów i Gospodarki z dnia 10 września 2025 r. w sprawie wykazu jednostek organizacyjnych podległych Ministrowi Finansów i Gospodarki lub przez niego nadzorowanych w zakresie działów administracji rządowej: budownictwo, planowanie i zagospodarowanie przestrzenne oraz mieszkalnictwo i gospodarka",2025-09-10,2025-09-15,2025-09-16T11:18:41,8158128103cf1aed9a3f1dcba17c80c819f11f630ff5486cb9f7d347c44eb8d8,2,181,0,0,0,ok,,eli2md 0.6.3,2026-09-29T23:24:45Z
MP/2025/962,2025,962,Postanowienie,Postanowienie Prezydenta Rzeczypospolitej Polskiej z dnia 4 czerwca 2025 r. nr 1130.27.2025 o powołaniu do pełnienia urzędu na stanowisku sędziego,2025-06-04,2025-09-16,2025-09-17T11:34:46,c24272781cc782e54af0691c47fd2eba6e16e02db388a3df6638b21f31893112,1,168,0,0,0,ok,,eli2md 0.6.3,2026-09-29T23:24:45Z
MP/2025/963,2025,963,Postanowienie,Postanowienie Prezydenta Rzeczypospolitej Polskiej z dnia 29 kwietnia 2025 r. nr 1130.28.2025 o powołaniu do pełnienia urzędu na stanowisku sędziego,2025-04-29,2025-09-16,2025-09-17T11:34:46,d358ecbe11dfd2e27e29634c29f3818e1211d8d491bb82c266b8c8979480387a,1,62,0,0,0,ok,,eli2md 0.6.3,2026-09-29T23:24:45Z
MP/2025/964,2025,964,Postanowienie,Postanowienie Prezydenta Rzeczypospolitej Polskiej z dnia 10 lipca 2025 r. nr rej. 481/2025 o nadaniu orderu,2025-07-10,2025-09-16,2025-09-17T11:34:47,b4d7b31d7180caceb80f3a98d0fbf1146643b9c454d6eb2a3066ecaf24dd7b6b,1,87,0,0,0,ok,,eli2md 0.6.3,2026-09-29T23:24:45Z
MP/2025/965,2025,965,Postanowienie,Postanowienie Prezydenta Rzeczypospolitej Polskiej z dnia 11 lipca 2025 r. nr rej. 482/2025 o nadaniu odznaczenia,2025-07-11,2025-09-16,2025-09-17T11:34:47,f83ee026bd78736c8131fa874057ca2f3e48bdc9768332fce62d125e245503d6,1,68,0,0,0,ok,,eli2md 0.6.3,2026-09-29T23:24:45Z
MP/2025/966,2025,966,Postanowienie,Postanowienie Prezydenta Rzeczypospolitej Polskiej z dnia 16 lipca 2025 r. nr rej. 487/2025 o nadaniu orderów i odznaczeń,2025-07-16,2025-09-16,2025-09-17T11:34:47,9323c6102f16b50c4d5c83275476a9132d1640d287ee803af3109483e186c2cc,1,165,0,0,0,ok,,eli2md 0.6.3,2026-09-29T23:24:45Z
MP/2025/967,2025,967,Postanowienie,Postanowienie Prezydenta Rzeczypospolitej Polskiej z dnia 18 lipca 2025 r. nr rej. 492/2025 o nadaniu orderu,2025-07-18,2025-09-16,2025-09-17T11:34:48,43b51945915fc2b48f9c3963143ef2b176fa255cf4ee1261ec180ea49f8b424e,1,89,0,0,0,ok,,eli2md 0.6.3,2026-09-29T23:24:45Z
MP/2025/968,2025,968,Postanowienie,Postanowienie Prezydenta Rzeczypospolitej Polskiej z dnia 16 lipca 2025 r. nr rej. 494/2025 o nadaniu orderów,2025-07-16,2025-09-16,2025-09-17T11:34:48,92d3f0e6dda66944dca615c6c5e7bae652721d313f144b51cc023aa7d1669767,1,105,0,0,0,ok,,eli2md 0.6.3,2026-09-29T23:24:45Z
MP/2025/969,2025,969,Postanowienie,Postanowienie Prezydenta Rzeczypospolitej Polskiej z dnia 15 lipca 2025 r. nr rej. 501/2025 o zmianie postanowienia o nadaniu orderów,2025-07-15,2025-09-16,2025-09-17T11:34:48,aa7e434947ac72821ff5c502d0c6415b10338739d90a333eaf5c60d8d9cfed0b,1,103,0,0,0,ok,,eli2md 0.6.3,2026-09-29T23:24:45Z
MP/2025/970,2025,970,Postanowienie,Postanowienie Prezydenta Rzeczypospolitej Polskiej z dnia 15 lipca 2025 r. nr rej. 502/2025 o nadaniu orderu,2025-07-15,2025-09-16,2025-09-17T11:34:49,eab87b58e038a2dde0dec9e6363bd56d5c46891b8b86103b9c66d8f8851b1e49,1,77,0,0,0,ok,,eli2md 0.6.3,2026-09-29T23:24:45Z
MP/2025/971,2025,971,Postanowienie,Postanowienie Prezydenta Rzeczypospolitej Polskiej z dnia 24 lipca 2025 r. nr rej. 503/2025 o nadaniu orderu i odznaczeń,2025-07-24,2025-09-16,2025-09-17T11:34:49,f9ff7c5a5804a98beaf6f8558ff64437fdd6310d20f8c466845ffd912c25cfa4,2,173,0,0,0,ok,,eli2md 0.6.3,2026-09-29T23:24:45Z
MP/2025/972,2025,972,Postanowienie,Postanowienie Prezydenta Rzeczypospolitej Polskiej z dnia 18 lipca 2025 r. nr rej. 504/2025 o nadaniu orderów,2025-07-18,2025-09-16,2025-09-17T11:34:49,27868ba0b6948175f51f19b0e66a18e72f28a9d3d45243b4841f1bdc69e5f286,1,81,0,0,0,ok,,eli2md 0.6.3,2026-09-29T23:24:45Z
MP/2025/973,2025,973,Postanowienie,Postanowienie Prezydenta Rzeczypospolitej Polskiej z dnia 23 lipca 2025 r. nr rej. 507/2025 o nadaniu odznaczenia,2025-07-23,2025-09-16,2025-09-17T11:34:49,1a8c1a2983d23ab8d0e9d59c0a51a6932bce67da1f7391a60b2d349e5bd4804a,1,73,0,0,0,ok,,eli2md 0.6.3,2026-09-29T23:24:45Z
MP/2025/974,2025,974,Postanowienie,Postanowienie Prezydenta Rzeczypospolitej Polskiej z dnia 18 lipca 2025 r. nr rej. 510/2025 o nadaniu orderu,2025-07-18,2025-09-17,2025-09-18T10:39:47,36c2bda7caa2d50886f8423b0d38fc5b2dd8c8ca82a6c55224123ff9d76895ec,1,72,0,0,0,ok,,eli2md 0.6.3,2026-09-29T23:24:45Z
MP/2025/975,2025,975,Postanowienie,Postanowienie Prezydenta Rzeczypospolitej Polskiej z dnia 23 lipca 2025 r. nr rej. 526/2025 o nadaniu orderu i odznaczeń,2025-07-23,2025-09-17,2025-09-18T10:39:48,db6d3ca603587ace6bfba7df76da2cc35ddee0b1df5fc359aee067606b3703c4,1,103,0,0,0,ok,,eli2md 0.6.3,2026-09-29T23:24:45Z
MP/2025/976,2025,976,Postanowienie,Postanowienie Prezydenta Rzeczypospolitej Polskiej z dnia 24 lipca 2025 r. nr rej. 527/2025 o nadaniu orderów i odznaczenia,2025-07-24,2025-09-17,2025-09-18T10:39:48,5d1b314dbcdac97ba473ea2caadfbaabfd79130396efaf497c7c7f844ae6a672,1,178,0,0,0,ok,,eli2md 0.6.3,2026-09-29T23:24:45Z
MP/2025/977,2025,977,Postanowienie,Postanowienie Prezydenta Rzeczypospolitej Polskiej z dnia 23 lipca 2025 r. nr rej. 529/2025 o nadaniu odznaczeń,2025-07-23,2025-09-17,2025-09-18T10:39:48,dc11f67e4ea5eec9c04efb24c0321408dde01d1fd27ad5e29cfff5ca22c40ebb,1,114,0,0,0,ok,,eli2md 0.6.3,2026-09-29T23:24:45Z
MP/2025/978,2025,978,Postanowienie,Postanowienie Prezydenta Rzeczypospolitej Polskiej z dnia 23 lipca 2025 r. nr rej. 530/2025 o nadaniu orderów i odznaczeń,2025-07-23,2025-09-17,2025-09-18T10:39:49,3f92469901172a309d92cb26588f741b7660209dc42e3c17d54a7c8a0d949b70,2,191,0,0,0,ok,,eli2md 0.6.3,2026-09-29T23:24:45Z
MP/2025/979,2025,979,Postanowienie,Postanowienie Prezydenta Rzeczypospolitej Polskiej z dnia 24 lipca 2025 r. nr rej. 531/2025 o nadaniu orderów i odznaczeń,2025-07-24,2025-09-17,2025-09-18T10:39:49,7c266c1e4f391377f77161d94ee1281413d64920700c8cd806c647206de10884,1,164,0,0,0,ok,,eli2md 0.6.3,2026-09-29T23:24:45Z
MP/2025/980,2025,980,Postanowienie,Postanowienie Prezydenta Rzeczypospolitej Polskiej z dnia 24 lipca 2025 r. nr rej. 532/2025 o nadaniu odznaczeń,2025-07-24,2025-09-17,2025-09-18T10:39:49,70c9315153c92a8d85f1227c9c352acf514d8e072c0b3066c399134e39c32290,1,80,0,0,0,ok,,eli2md 0.6.3,2026-09-29T23:24:45Z
MP/2025/981,2025,981,Postanowienie,Postanowienie Prezydenta Rzeczypospolitej Polskiej z dnia 24 lipca 2025 r. nr rej. 535/2025 o nadaniu odznaczeń,2025-07-24,2025-09-17,2025-09-18T10:39:49,a2f6458b2d716942dde3cf97758a33d327dd3908449ea037e8bc5d64626d90f1,1,126,0,0,0,ok,,eli2md 0.6.3,2026-09-29T23:24:45Z
MP/2025/982,2025,982,Postanowienie,Postanowienie Prezydenta Rzeczypospolitej Polskiej z dnia 31 lipca 2025 r. nr rej. 542/2025 o nadaniu orderu i odznaczeń,2025-07-31,2025-09-17,2025-09-18T10:39:50,55b6cb1e5528ba659abb55bd7bc7da034ab3f3003860e52054de63628c8d9753,1,122,0,0,0,ok,,eli2md 0.6.3,2026-09-29T23:24:45Z
MP/2025/983,2025,983,Postanowienie,Postanowienie Prezydenta Rzeczypospolitej Polskiej z dnia 29 lipca 2025 r. nr rej. 543/2025 o nadaniu orderów i odznaczeń,2025-07-29,2025-09-17,2025-09-18T10:39:50,5a57f047cb61091b301f8ab30bb170522f25313ba810b85cfff73b7d8043fcfc,2,168,0,0,0,ok,,eli2md 0.6.3,2026-09-29T23:24:45Z
MP/2025/984,2025,984,Uchwała,Uchwała Sejmu Rzeczypospolitej Polskiej z dnia 12 września 2025 r. w sprawie wyrażenia zgody na przedłużenie okresu obowiązywania czasowego ograniczenia prawa do złożenia wniosku o udzielenie ochrony międzynarodowej na granicy państwowej z Republiką Białorusi,2025-09-12,2025-09-18,2026-01-16T10:35:17,39ab95e3f6fb5bf52b08882b8d8d77262eecd480834192a435f090f6a8922cc0,1,191,0,0,0,ok,,eli2md 0.6.3,2026-09-29T23:24:45Z
MP/2025/985,2025,985,Postanowienie,Postanowienie Prezydenta Rzeczypospolitej Polskiej z dnia 9 lipca 2025 r. nr 1130.48.2025 o powołaniu do pełnienia urzędu na stanowisku sędziego,2025-07-09,2025-09-18,2025-09-19T10:25:30,18becc388104cb4c7c7bea8427a02da9799456934de51ab83e208a71f0d4520c,1,57,0,0,0,ok,,eli2md 0.6.3,2026-09-29T23:24:45Z
MP/2025/986,2025,986,Postanowienie,Postanowienie Prezydenta Rzeczypospolitej Polskiej z dnia 21 lipca 2025 r. nr 1130.46.2025 o powołaniu do pełnienia urzędu na stanowisku sędziego,2025-07-21,2025-09-18,2025-09-19T10:25:30,692b8a20e6315a91af3cc3a9fc20c43611005af3d768bad809cb8733865a2ff1,1,71,0,0,0,ok,,eli2md 0.6.3,2026-09-29T23:24:45Z
MP/2025/987,2025,987,Postanowienie,Postanowienie Prezydenta Rzeczypospolitej Polskiej z dnia 31 lipca 2025 r. nr rej. 544/2025 o nadaniu odznaczeń,2025-07-31,2025-09-18,2025-09-19T10:25:30,4c41bcc0fffa609913a60522982800463a8f379551225882380540fa8b3621a5,5,674,0,0,0,ok,,eli2md 0.6.3,2026-09-29T23:24:45Z
MP/2025/988,2025,988,Postanowienie,Postanowienie Prezydenta Rzeczypospolitej Polskiej z dnia 30 lipca 2025 r. nr rej. 545/2025 o nadaniu orderów i odznaczenia,2025-07-30,2025-09-18,2025-09-19T10:25:30,4f33ad723c009c3f83e803ce31d8cd77669ff670ba6034e441bf8e9d1a7169ad,1,137,0,0,0,ok,,eli2md 0.6.3,2026-09-29T23:24:45Z
MP/2025/989,2025,989,Postanowienie,Postanowienie Prezydenta Rzeczypospolitej Polskiej z dnia 30 lipca 2025 r. nr rej. 546/2025 o nadaniu orderów i odznaczeń,2025-07-30,2025-09-18,2025-09-19T10:25:30,4c3aa87dd303cdb2b79b7f5a03070b9e24e66c0c6aef1538e47b0d4bc51b1643,1,119,0,0,0,ok,,eli2md 0.6.3,2026-09-29T23:24:45Z
MP/2025/990,2025,990,Postanowienie,Postanowienie Prezydenta Rzeczypospolitej Polskiej z dnia 30 lipca 2025 r. nr rej. 547/2025 o nadaniu odznaczenia,2025-07-30,2025-09-18,2025-09-19T10:25:31,c8217b66e6299c16681908507366700ac6424a9a49db56d77f4bce7de03eb78c,1,73,0,0,0,ok,,eli2md 0.6.3,2026-09-29T23:24:45Z
MP/2025/991,2025,991,Postanowienie,Postanowienie Prezydenta Rzeczypospolitej Polskiej z dnia 31 lipca 2025 r. nr rej. 548/2025 o nadaniu orderu,2025-07-31,2025-09-18,2025-09-19T10:25:31,d1f427bf841e24e08b6793ac031e0bf86bcfa8045acdb5104712aff20ae1f279,1,76,0,0,0,ok,,eli2md 0.6.3,2026-09-29T23:24:45Z
MP/2025/992,2025,992,Postanowienie,Postanowienie Prezydenta Rzeczypospolitej Polskiej z dnia 31 lipca 2025 r. nr rej. 549/2025 o nadaniu odznaczeń,2025-07-31,2025-09-18,2025-09-19T10:25:31,0c7cb9df170d47c8fbd5de90b4b3ad400f0f56ebf1bf6158bc991a41d9cb5b86,1,82,0,0,0,ok,,eli2md 0.6.3,2026-09-29T23:24:45Z
MP/2025/993,2025,993,Postanowienie,Postanowienie Prezydenta Rzeczypospolitej Polskiej z dnia 31 lipca 2025 r. nr rej. 553/2025 o nadaniu orderów i odznaczeń,2025-07-31,2025-09-18,2025-09-19T10:25:31,302ee99ddc63a758d82f9bb7d98e659ff08b49659b22ff256dc72bcaeb977ac3,1,147,0,0,0,ok,,eli2md 0.6.3,2026-09-29T23:24:45Z
MP/2025/994,2025,994,Uchwała,Uchwała Sejmu Rzeczypospolitej Polskiej z dnia 12 września 2025 r. w sprawie wyrażenia sprzeciwu wobec naruszenia przestrzeni powietrznej Rzeczypospolitej Polskiej przez Federację Rosyjską przy użyciu bezzałogowych statków powietrznych w dniach 9 i 10 września 2025 r.,2025-09-12,2025-09-19,2025-09-22T09:50:20,76f87396b964bef9edcd2921bb8a4bfe153d370fba17f4f8111ab985956ba155,1,302,0,0,0,ok,,eli2md 0.6.3,2026-09-29T23:24:45Z
MP/2025/995,2025,995,Postanowienie,Postanowienie Prezydenta Rzeczypospolitej Polskiej z dnia 19 września 2025 r. o przedłużeniu okresu użycia Polskiego Kontyngentu Wojskowego w szkoleniowej misji wojskowej Unii Europejskiej w Republice Środkowoafrykańskiej,2025-09-19,2025-09-19,2025-09-22T09:50:48,7ea2f08cbd64a42a0b2c9246930ab08b776837dddd6b75851e607c14e60c9b79,1,194,0,0,0,ok,,eli2md 0.6.3,2026-09-29T23:24:45Z
MP/2025/996,2025,996,Uchwała,Uchwała Sejmu Rzeczypospolitej Polskiej z dnia 12 września 2025 r. w 150. rocznicę śmierci Albina Węsierskiego,2025-09-12,2025-09-22,2026-05-12T09:01:27,2b4a957648c2b1af67f16d2be6b4509dc5e3787af6d22feaf05d436bd9ffa3ec,1,249,0,0,0,ok,,eli2md 0.6.3,2026-09-29T23:24:45Z
MP/2025/997,2025,997,Uchwała,Uchwała Sejmu Rzeczypospolitej Polskiej z dnia 12 września 2025 r. w sprawie upamiętnienia 45. rocznicy powstania Niezależnego Zrzeszenia Studentów,2025-09-12,2025-09-22,2026-05-12T09:01:27,d32dec380ae71de467294b4f081e97aaf31ebdd4d41f8bcfb31a38224cbc0050,1,290,0,0,0,ok,,eli2md 0.6.3,2026-09-29T23:24:45Z
MP/2025/998,2025,998,Komunikat,"Komunikat Ministra Rolnictwa i Rozwoju Wsi z dnia 16 września 2025 r. w sprawie zmienionych wytycznych szczegółowych w zakresie przyznawania, wypłaty i zwrotu pomocy finansowej w ramach Planu Strategicznego dla Wspólnej Polityki Rolnej na lata 2023-2027 dla interwencji I.10.5 Rozwój małych gospodarstw",2025-09-16,2025-09-22,2025-09-23T11:37:22,22eb392beabbfa783769c4d2904da3b4465fbc38cf047b471a4acac7c177c74d,1,173,0,0,0,ok,,eli2md 0.6.3,2026-09-29T23:24:45Z
MP/2025/999,2025,999,Postanowienie,Postanowienie Prezydenta Rzeczypospolitej Polskiej z dnia 21 lipca 2025 r. nr 1130.46.2025 o powołaniu do pełnienia urzędu na stanowisku sędziego,2025-07-21,2025-09-23,2025-09-25T09:51:34,61d48e43dfcfedeea7d2b749d13f47d4488ec7cd3a49352942b7afedcb542e2c,1,58,0,0,0,ok,,eli2md 0.6.3,2026-09-29T23:24:45Z
MP/2025/1000,2025,1000,Postanowienie,Postanowienie Prezydenta Rzeczypospolitej Polskiej z dnia 21 lipca 2025 r. nr 1130.47.2025 o powołaniu do pełnienia urzędu na stanowisku sędziego,2025-07-21,2025-09-23,2025-09-25T09:51:34,0d5afd3d1c40194b65beefb9426552202ad7412d7050e005b52c569747cdf4aa,1,148,0,0,0,ok,,eli2md 0.6.3,2026-09-29T23:24:45Z
MP/2025/1001,2025,1001,Uchwała,Uchwała Sejmu Rzeczypospolitej Polskiej z dnia 12 września 2025 r. w sprawie powołania Prezesa Najwyższej Izby Kontroli,2025-09-12,2025-09-23,2025-09-25T09:51:34,91343a44c401c1fa862c4e53676cfa86c2a032412af80564a3dedeb129a0ce88,1,65,0,0,0,ok,,eli2md 0.6.3,2026-09-29T23:24:45Z
MP/2025/1002,2025,1002,Uchwała,Uchwała Senatu Rzeczypospolitej Polskiej z dnia 17 września 2025 r. w sprawie wyrażenia zgody na powołanie Prezesa Najwyższej Izby Kontroli,2025-09-17,2025-09-23,2025-09-25T09:51:35,eb9013ebb7a4ffcdd7e8c80dad78c58324ab7125accc28ebacd28f4487c1b7b7,1,71,0,0,0,ok,,eli2md 0.6.3,2026-09-29T23:24:45Z
MP/2025/1003,2025,1003,Ogłoszenie,Ogłoszenie Przewodniczącego Krajowej Rady Radiofonii i Telewizji z dnia 17 września 2025 r. o możliwości uzyskania koncesji na rozpowszechnianie programu radiowego,2025-09-17,2025-09-23,2026-09-22T09:57:40,c2998dd07286bd81aad3bfdfcdfaaeb47807b7151a597bcde26f2ff32c1a38b8,2,827,0,0,0,ok,,eli2md 0.6.3,2026-09-29T23:24:45Z
MP/2025/1004,2025,1004,Obwieszczenie,Obwieszczenie Ministra Energii z dnia 12 września 2025 r. w sprawie wykazu jednostek organizacyjnych nadzorowanych przez Ministra Energii,2025-09-12,2025-09-23,2025-09-25T09:51:36,ace0c03e666265e6d6b5bc414f18238a4e6544cfb0697e3dbed09a1b23183178,2,153,0,0,0,ok,,eli2md 0.6.3,2026-09-29T23:24:45Z
MP/2025/1005,2025,1005,Uchwała,Uchwała Sejmu Rzeczypospolitej Polskiej z dnia 12 września 2025 r. w sprawie wyboru przewodniczącego Państwowej Komisji do spraw przeciwdziałania wykorzystaniu seksualnemu małoletnich poniżej lat 15,2025-09-12,2025-09-23,2025-09-25T09:51:36,b8a2d170e00e0fdbb75cea0effe35147d0491dc73eb111eef2df7619ddb4d6db,1,78,0,0,0,ok,,eli2md 0.6.3,2026-09-29T23:24:45Z
MP/2025/1006,2025,1006,Obwieszczenie,Obwieszczenie Prezesa Głównego Urzędu Statystycznego z dnia 22 września 2025 r. w sprawie wysokości przeciętnego dochodu z pracy w indywidualnych gospodarstwach rolnych z 1 ha przeliczeniowego w 2024 r.,2025-09-22,2025-09-23,2025-09-25T09:51:36,21e7c62f9bd8b9b0c1034758f777af6fcb3e6a31026a229d1a386b2dc99aff3d,1,80,0,0,0,ok,,eli2md 0.6.3,2026-09-29T23:24:45Z
MP/2025/1007,2025,1007,Zarządzenie,"Zarządzenie nr 21/2025 Prezesa Narodowego Banku Polskiego z dnia 18 września 2025 r. w sprawie ustalenia wzorów, próby, masy i wielkości emisji monet o wartości nominalnej 10 zł i 500 zł, z serii ""Hetmani Rzeczypospolitej"" - Jan Karol Chodkiewicz",2025-09-18,2025-09-23,2025-09-25T09:51:37,5286166058b4d80e2529674a438bc83216aaaf4ba0232da93c73d646a854a415,3,292,0,0,0,ok,,eli2md 0.6.3,2026-09-29T23:24:45Z
MP/2025/1008,2025,1008,Obwieszczenie,"Obwieszczenie Ministra Rodziny, Pracy i Polityki Społecznej z dnia 22 września 2025 r. w sprawie wskaźnika waloryzacji składek na ubezpieczenie emerytalne za II kwartał 2025 r.",2025-09-22,2025-09-24,2025-09-25T11:25:39,3b477fd58967b48f993464a8915187d31b90a56a3a12be15be401a9eb4a9c120,1,90,0,0,0,ok,,eli2md 0.6.3,2026-09-29T23:24:45Z
MP/2025/1009,2025,1009,Obwieszczenie,Obwieszczenie Ministra Rolnictwa i Rozwoju Wsi z dnia 18 września 2025 r. w sprawie wykazu jednostek organizacyjnych podległych Ministrowi Rolnictwa i Rozwoju Wsi lub przez niego nadzorowanych,2025-09-18,2025-09-24,2025-09-25T11:25:39,a9d1327ccb2c5a7a9bf5e8f38c1b7eeb56f01f43b9fc82d1b286cb4799f9fe5a,4,1142,0,0,0,ok,,eli2md 0.6.3,2026-09-29T23:24:45Z
MP/2025/1010,2025,1010,Obwieszczenie,"Obwieszczenie Ministra Finansów i Gospodarki z dnia 16 września 2025 r. w sprawie wykazu jurysdykcji innych niż Rzeczpospolita Polska, które wdrożyły kwalifikowaną zasadę włączenia dochodu do opodatkowania lub kwalifikowany krajowy podatek wyrównawczy lub spełniają wymagania bezpiecznych przystani dla kwalifikowanego krajowego podatku wyrównawczego",2025-09-16,2025-09-24,2026-03-30T13:43:21,30b480fe078f54bd5f7c1689ea3d8277293aa62ec306f6e1e9ba5dbff75c86fd,6,1108,0,0,0,ok,,eli2md 0.6.3,2026-09-29T23:24:45Z
MP/2025/1011,2025,1011,Postanowienie,Postanowienie Prezydenta Rzeczypospolitej Polskiej z dnia 9 lipca 2025 r. nr 1130.42.2025 o powołaniu do pełnienia urzędu na stanowisku sędziego,2025-07-09,2025-09-26,2025-09-29T10:22:36,9741a5a3718d94a10ccad4cfd1ca92fc1a6238b51f79f36873edd3cf46ec296a,1,58,0,0,0,ok,,eli2md 0.6.3,2026-09-29T23:24:45Z
MP/2025/1012,2025,1012,Postanowienie,Postanowienie Prezydenta Rzeczypospolitej Polskiej z dnia 21 lipca 2025 r. nr 1130.51.2025 o powołaniu do pełnienia urzędu na stanowisku sędziego,2025-07-21,2025-09-26,2025-09-29T10:22:36,f0253e7dde4c98a166bf2b2db55fb618133da6fd8ad195ad616c4847f6a2713f,1,58,0,0,0,ok,,eli2md 0.6.3,2026-09-29T23:24:45Z
MP/2025/1013,2025,1013,Uchwała,Uchwała nr 7/2025 Rady Polityki Pieniężnej z dnia 2 września 2025 r. w sprawie ustalenia założeń polityki pieniężnej na rok 2026,2025-09-02,2025-09-26,2025-09-29T10:22:36,50051e42a9013cee119f6fc5f412b20b2da2e6fbd33de1efdb7a0bc8fca7f1a0,12,2834,0,0,0,ok,,eli2md 0.6.3,2026-09-29T23:24:45Z
MP/2025/1014,2025,1014,Obwieszczenie,Obwieszczenie Ministra Sprawiedliwości z dnia 24 września 2025 r. w sprawie wysokości odsetek ustawowych,2025-09-24,2025-09-26,2025-09-29T10:22:37,70888d25cfab6a4c0d768a4c8e8583c09fb6224a6d1dd6ee67e32cfc9386758b,1,61,0,0,0,ok,,eli2md 0.6.3,2026-09-29T23:24:45Z
MP/2025/1015,2025,1015,Obwieszczenie,Obwieszczenie Ministra Sprawiedliwości z dnia 24 września 2025 r. w sprawie wysokości odsetek ustawowych za opóźnienie,2025-09-24,2025-09-26,2025-09-29T10:22:37,545ab22b8923b365833ba627fef448033d219c4a7d8ec119d33a309533cc2988,1,65,0,0,0,ok,,eli2md 0.6.3,2026-09-29T23:24:45Z
MP/2025/1016,2025,1016,Obwieszczenie,Obwieszczenie Ministra Klimatu i Środowiska z dnia 19 września 2025 r. w sprawie wysokości stawek kar za przekroczenie dopuszczalnego poziomu hałasu na rok 2026,2025-09-19,2025-09-26,2025-09-29T10:22:37,2b971224f372d150ec796a809c2ffc53fd987438b76bad8a949722315f656c96,2,159,0,0,0,ok,,eli2md 0.6.3,2026-09-29T23:24:45Z
MP/2025/1017,2025,1017,Uchwała,Uchwała nr 125 Rady Ministrów z dnia 25 września 2025 r. zmieniająca uchwałę w sprawie ustanowienia Rządowego Programu Przeciwdziałania Przemocy Domowej na lata 2024-2030,2025-09-25,2025-09-26,2025-10-21T11:42:36,5dfaafda3d314d8b37631d444f39c0d08700f111e8a378290ab066a5d82ed806,3,1107,0,0,0,ok,,eli2md 0.6.3,2026-09-29T23:24:45Z
MP/2025/1018,2025,1018,Postanowienie,Postanowienie Prezydenta Rzeczypospolitej Polskiej z dnia 10 lipca 2025 r. nr 1130.40.2025 o powołaniu do pełnienia urzędu na stanowisku sędziego,2025-07-10,2025-09-29,2025-09-30T11:24:54,4047c18dd4a1be87c355c03d383e16137201de75d1c66154b41f67c51c2d9ef1,1,58,0,0,0,ok,,eli2md 0.6.3,2026-09-29T23:24:45Z
MP/2025/1019,2025,1019,Postanowienie,Postanowienie Prezydenta Rzeczypospolitej Polskiej z dnia 21 lipca 2025 r. nr 1130.49.2025 o powołaniu do pełnienia urzędu na stanowisku sędziego,2025-07-21,2025-09-29,2025-09-30T11:24:54,6622a496c22100ae944ddd42a8685eec97f8aac2c40dd2c126bab87deddd4e11,1,92,0,0,0,ok,,eli2md 0.6.3,2026-09-29T23:24:45Z
MP/2025/1020,2025,1020,Zarządzenie,Zarządzenie nr 51 Prezesa Rady Ministrów z dnia 25 września 2025 r. zmieniające zarządzenie w sprawie nadania statutu Urzędowi Transportu Kolejowego,2025-09-25,2025-09-29,2025-09-30T11:24:54,b55167737a58c3a76234fa5de414e8c9b45bea2f5ca0c7f235b2af7eabf6ff62,1,162,0,0,0,ok,,eli2md 0.6.3,2026-09-29T23:24:45Z
MP/2025/1021,2025,1021,Zarządzenie,Zarządzenie Prezydenta Rzeczypospolitej Polskiej z dnia 15 września 2025 r. w sprawie organizacji oraz zakresu działania Biura Bezpieczeństwa Narodowego,2025-09-15,2025-09-29,2026-07-08T00:00:00,86b610c6ff6f09b4ead79da07ad5aa2ac1c521235a20ac85db119c03c0ed1915,4,1315,0,0,0,ok,,eli2md 0.6.3,2026-09-29T23:24:45Z
MP/2025/1022,2025,1022,Uchwała,Uchwała Senatu Rzeczypospolitej Polskiej z dnia 25 września 2025 r. w sprawie sprawozdania Krajowej Rady Radiofonii i Telewizji,2025-09-25,2025-09-29,2025-09-30T11:24:55,9eec60e2963b4a37cd7b3453c828320528c761fdb94f07ce2740c9a52fb62c88,1,244,0,0,0,ok,,eli2md 0.6.3,2026-09-29T23:24:45Z
MP/2025/1023,2025,1023,Uchwała,Uchwała Senatu Rzeczypospolitej Polskiej z dnia 24 września 2025 r. w stulecie powstania Uniwersytetu Ekonomicznego w Krakowie,2025-09-24,2025-09-29,2026-05-12T09:01:27,aa8504f3c85d0d445c0976b45bfb9b306729f5facf6e6af599158bd72541f185,1,262,0,0,0,ok,,eli2md 0.6.3,2026-09-29T23:24:45Z
MP/2025/1024,2025,1024,Postanowienie,Postanowienie Prezydenta Rzeczypospolitej Polskiej z dnia 30 września 2025 r. o użyciu Polskiego Kontyngentu Wojskowego dla wzmocnienia Sił Zbrojnych Królestwa Danii,2025-09-30,2025-09-30,2025-10-01T11:51:41,f40993fc99e9359ce389efa290501c202514a4a2af928f3b74dbce71ae96f80e,1,182,0,0,0,ok,,eli2md 0.6.3,2026-09-29T23:24:45Z
MP/2025/1025,2025,1025,Uchwała,Uchwała Senatu Rzeczypospolitej Polskiej z dnia 25 września 2025 r. w sprawie utworzenia Młodzieżowej Rady Polonijnej,2025-09-25,2025-09-30,2025-11-20T10:43:33,692bb2c41fc77d196a3c15812b70c3dcba7c1cdf9f1b12580e381cb7db2dd86a,1,207,0,0,0,ok,,eli2md 0.6.3,2026-09-29T23:24:45Z
MP/2025/1026,2025,1026,Uchwała,Uchwała Senatu Rzeczypospolitej Polskiej z dnia 25 września 2025 r. w sprawie informacji Rady Mediów Narodowych,2025-09-25,2025-09-30,2025-10-01T11:51:42,af8f78065b306e68febbf53131b3c4f175373e41114f44138435b45c7d93dca4,1,68,0,0,0,ok,,eli2md 0.6.3,2026-09-29T23:24:45Z
MP/2025/1027,2025,1027,Obwieszczenie,Obwieszczenie Ministra Energii z dnia 12 września 2025 r. w sprawie stawek opłaty egzaminacyjnej oraz opłaty za wydanie świadectwa stwierdzającego kwalifikacje w zakresie górnictwa i ratownictwa górniczego na rok 2026,2025-09-12,2025-10-01,2025-10-02T11:27:33,1d9f852d178e97df054a4970585504c073ce0daab421f5b2cf91bd0385ff2bfa,1,110,0,0,0,ok,,eli2md 0.6.3,2026-09-29T23:24:45Z
MP/2025/1028,2025,1028,Obwieszczenie,Obwieszczenie Ministra Edukacji z dnia 19 września 2025 r. w sprawie wykazu jednostek organizacyjnych podległych Ministrowi Edukacji lub przez niego nadzorowanych,2025-09-19,2025-10-01,2025-10-02T11:27:33,4693d9406cf34a4e01888701586c739acb9f7f73b770006a4a1b1a967ef5957c,2,147,0,0,0,ok,,eli2md 0.6.3,2026-09-29T23:24:45Z
MP/2025/1029,2025,1029,Postanowienie,Postanowienie Prezydenta Rzeczypospolitej Polskiej z dnia 12 maja 2025 r. nr 1130.19.2025 o powołaniu do pełnienia urzędu na stanowisku sędziego,2025-05-12,2025-10-02,2025-10-03T10:42:50,3cfcd1c3812a4d17a9700b199c8ff90372f522954d667b3ed2d455ee9fc794bf,1,70,0,0,0,ok,,eli2md 0.6.3,2026-09-29T23:24:45Z
MP/2025/1030,2025,1030,Postanowienie,Postanowienie Prezydenta Rzeczypospolitej Polskiej z dnia 9 maja 2025 r. nr 1130.30.2025 o powołaniu do pełnienia urzędu na stanowisku sędziego,2025-05-09,2025-10-02,2025-10-03T10:42:50,c32b08e43ff1a1746099491e8b0e21bac87b890872e0c6c05ccb1fc7fb0c0a4b,1,67,0,0,0,ok,,eli2md 0.6.3,2026-09-29T23:24:45Z
MP/2025/1031,2025,1031,Obwieszczenie,Obwieszczenie Ministra Finansów i Gospodarki z dnia 19 września 2025 r. w sprawie ogłoszenia rejestru aktuariuszy,2025-09-19,2025-10-02,2025-10-03T10:42:50,8a1a9b44b2384c3e351f66be564c797113f99ae2f05fe365414660acf2662646,13,3498,0,0,0,ok,,eli2md 0.6.3,2026-09-29T23:24:45Z
MP/2025/1032,2025,1032,Uchwała,Uchwała Sejmu Rzeczypospolitej Polskiej z dnia 26 września 2025 r. w sprawie wyrażenia przez Sejm Rzeczypospolitej Polskiej zgody na pociągnięcie do odpowiedzialności karnej posła Grzegorza Płaczka,2025-09-26,2025-10-02,2025-10-03T10:42:50,caf9e78c3019b15f0e94cada0eb17df276998ebb8db538e98d3669594ffe364c,1,93,0,0,0,ok,,eli2md 0.6.3,2026-09-29T23:24:45Z
MP/2025/1033,2025,1033,Zarządzenie,Zarządzenie nr 52 Prezesa Rady Ministrów z dnia 30 września 2025 r. w sprawie Zespołu do spraw wsparcia zrównoważonego rozwoju przedsiębiorstw,2025-09-30,2025-10-02,2025-10-03T10:42:50,c6447e5c6a2380c3ad028374ac527bb0c5b6908ee883c7d0eae343546dfb1785,4,1586,0,0,0,ok,,eli2md 0.6.3,2026-09-29T23:24:45Z
MP/2025/1034,2025,1034,Zarządzenie,Zarządzenie nr 54 Prezesa Rady Ministrów z dnia 30 września 2025 r. zmieniające zarządzenie w sprawie utworzenia Instytutu Strat Wojennych im. Jana Karskiego,2025-09-30,2025-10-02,2025-10-03T10:42:51,147bd8b4dc5693243a8ffc17325623a412afdc27ea53276d7182307d1f9e9d81,2,364,0,0,0,ok,,eli2md 0.6.3,2026-09-29T23:24:45Z
MP/2025/1035,2025,1035,Uchwała,Uchwała Sejmu Rzeczypospolitej Polskiej z dnia 26 września 2025 r. w sprawie powołania Prezesa Urzędu Komunikacji Elektronicznej,2025-09-26,2025-10-02,2025-10-03T10:42:51,81f2fa19b173f666a3100fc49ab63955a1eb17d6e26fa3cc362dcf05e5809c4f,1,71,0,0,0,ok,,eli2md 0.6.3,2026-09-29T23:24:45Z
MP/2025/1036,2025,1036,Komunikat,Komunikat Ministra Funduszy i Polityki Regionalnej z dnia 30 września 2025 r. w sprawie zmienionych wytycznych dotyczących monitorowania postępu rzeczowego realizacji programów na lata 2021-2027,2025-09-30,2025-10-02,2025-10-03T10:42:51,86e4e7f762eecc48feaefae7e369bbbda4eec1527d4d0ce23ea778131f6903d0,1,140,0,0,0,ok,,eli2md 0.6.3,2026-09-29T23:24:45Z
MP/2025/1037,2025,1037,Uchwała,Uchwała Sejmu Rzeczypospolitej Polskiej z dnia 26 września 2025 r. w sprawie zmiany Regulaminu Sejmu Rzeczypospolitej Polskiej,2025-09-26,2025-10-02,2026-06-10T10:17:20,54f8c9604395a0bdb59e90e053e30c57c7c269ce9de7fff4ee7fdb2efbaf2c1d,1,138,0,0,0,ok,,eli2md 0.6.3,2026-09-29T23:24:45Z
MP/2025/1038,2025,1038,Uchwała,Uchwała Sejmu Rzeczypospolitej Polskiej z dnia 26 września 2025 r. w sprawie zmiany Regulaminu Sejmu Rzeczypospolitej Polskiej,2025-09-26,2025-10-02,2026-06-10T10:17:08,2bd2219b7ee0dfc413b44f5b5ad81da9a722af295d822ee0a740ab9bd7edbe39,1,224,0,0,0,ok,,eli2md 0.6.3,2026-09-29T23:24:45Z
MP/2025/1039,2025,1039,Zarządzenie,Zarządzenie nr 53 Prezesa Rady Ministrów z dnia 1 października 2025 r. w sprawie Rady do spraw Przemysłu Drzewnego i Meblarskiego,2025-10-01,2025-10-03,2025-10-06T10:44:34,b8a0a22acf4ba980a1b0ef051d190a80d08b70074a6bfbd577e53cd6df1164bf,3,967,0,0,0,ok,,eli2md 0.6.3,2026-09-29T23:24:45Z
MP/2025/1040,2025,1040,Zarządzenie,Zarządzenie nr 56 Prezesa Rady Ministrów z dnia 3 października 2025 r. w sprawie użycia żołnierzy Żandarmerii Wojskowej do udzielenia pomocy Straży Granicznej,2025-10-03,2025-10-03,2025-10-06T10:44:34,f93920f7b306209dc37261651656434d4ccd6e9a67580552f762f7ef7e793303,1,146,0,0,0,ok,,eli2md 0.6.3,2026-09-29T23:24:45Z
MP/2025/1041,2025,1041,Postanowienie,Postanowienie Prezydenta Rzeczypospolitej Polskiej z dnia 3 października 2025 r. o użyciu oddziałów i pododdziałów Sił Zbrojnych Rzeczypospolitej Polskiej do pomocy Straży Granicznej,2025-10-03,2025-10-03,2025-10-06T10:44:34,52529ad40b72ba790180df35d4be7d501cf86400170a83ea7d83878514a743f5,1,127,0,0,0,ok,,eli2md 0.6.3,2026-09-29T23:24:45Z
MP/2025/1042,2025,1042,Postanowienie,Postanowienie Prezydenta Rzeczypospolitej Polskiej z dnia 25 kwietnia 2025 r. nr 1130.20.2025 o powołaniu do pełnienia urzędu na stanowisku sędziego,2025-04-25,2025-10-06,2025-10-07T11:18:01,832786a02a43f6a7dae2f21adaeb6cd802085b66a991f73b965ed6effa2a3da2,1,58,0,0,0,ok,,eli2md 0.6.3,2026-09-29T23:24:45Z
MP/2025/1043,2025,1043,Komunikat,Komunikat Ministra Funduszy i Polityki Regionalnej z dnia 30 września 2025 r. o podjęciu przez Komisję Europejską decyzji zmieniającej program współpracy (Interreg VI-A) NEXT Polska-Ukraina,2025-09-30,2025-10-06,2025-10-07T11:18:01,1372a3270e49c25dc861097fef81a46d2e978cc3d30d8891d3260f75c675efca,1,207,0,0,0,ok,,eli2md 0.6.3,2026-09-29T23:24:45Z
MP/2025/1044,2025,1044,Umowa międzynarodowa,"Umowa między Rządem Rzeczypospolitej Polskiej a Rządem Republiki Kuby o współpracy w dziedzinie kultury, nauki, edukacji i sportu, podpisana w Hawanie dnia 2 lipca 2024 r.",2024-07-02,2025-10-06,2025-10-07T11:18:01,13a9ce351906a467dd8f079f1b3988ef2fce886afc5c44038804015728446d4e,21,5875,20,1,20,ok,,eli2md 0.6.3,2026-09-29T23:24:45Z
MP/2025/1045,2025,1045,Oświadczenie rządowe,"Oświadczenie rządowe z dnia 8 września 2025 r. w sprawie związania Rzeczypospolitej Polskiej Umową między Rządem Rzeczypospolitej Polskiej a Rządem Republiki Kuby o współpracy w dziedzinie kultury, nauki, edukacji i sportu, podpisaną w Hawanie dnia 2 lipca 2024 r.",2025-09-08,2025-10-06,2025-10-07T11:18:01,3d3a11c5ce2a9211a32d6ed2ef8b13171b6e613c5cefef164b47b7c0150b38e3,1,123,0,0,0,ok,,eli2md 0.6.3,2026-09-29T23:24:45Z
MP/2025/1046,2025,1046,Obwieszczenie,Obwieszczenie Prezesa Głównego Urzędu Statystycznego z dnia 30 września 2025 r. w sprawie Narodowego Rachunku Zdrowia za 2023 r.,2025-09-30,2025-10-06,2025-10-07T11:18:01,ce215f2f299d34e61b03ed3cbdddb19fab961e75b9ff7dcf249b1d2108a5dace,2,145,0,0,0,ok,,eli2md 0.6.3,2026-09-29T23:24:45Z
MP/2025/1047,2025,1047,Obwieszczenie,"Obwieszczenie Ministra Infrastruktury z dnia 1 października 2025 r. w sprawie wysokości maksymalnych stawek opłaty za naruszenie ""Programu działań mających na celu zmniejszenie zanieczyszczenia wód azotanami pochodzącymi ze źródeł rolniczych oraz zapobieganie dalszemu zanieczyszczeniu"", obowiązującej od dnia 1 stycznia 2026 r.",2025-10-01,2025-10-06,2025-10-07T11:18:02,b2e18adad0b8ededb9f52303b0f7054213f4753ef1ade03ae9e3d36c3256c54c,1,200,0,0,0,ok,,eli2md 0.6.3,2026-09-29T23:24:45Z
MP/2025/1048,2025,1048,Obwieszczenie,"Obwieszczenie Ministra Spraw Wewnętrznych i Administracji z dnia 1 października 2025 r. w sprawie wykazu jednostek samorządu terytorialnego, które przystąpiły do międzynarodowych zrzeszeń społeczności lokalnych i regionalnych w okresie od dnia 1 stycznia 2024 r. do dnia 31 grudnia 2024 r. oraz wykazu jednostek samorządu terytorialnego, które wystąpiły z międzynarodowych zrzeszeń społeczności lokalnych i regionalnych w okresie od dnia 1 stycznia 2024 r. do dnia 31 grudnia 2024 r.",2025-10-01,2025-10-06,2025-10-07T11:18:02,4c3058801aeb912163c6fbe504f4e890701ce71508b8e97ef3ff0e6546b24c16,3,342,0,0,0,ok,,eli2md 0.6.3,2026-09-29T23:24:45Z
MP/2025/1049,2025,1049,Obwieszczenie,"Obwieszczenie Prezesa Głównego Urzędu Statystycznego z dnia 2 października 2025 r. w sprawie wskaźników zmian cen dla lokali mieszkalnych w drugim kwartale 2025 r., z podziałem na województwa",2025-10-02,2025-10-07,2025-10-08T11:05:23,d2d520f089930131d0e0e28b210126ba15cca1a26472a0f49f48c3447f2f14d7,2,165,0,0,0,ok,,eli2md 0.6.3,2026-09-29T23:24:45Z
MP/2025/1050,2025,1050,Komunikat,"Komunikat Ministra Rolnictwa i Rozwoju Wsi z dnia 7 października 2025 r. w sprawie wytycznych szczegółowych w zakresie przyznawania, wypłaty i zwrotu pomocy finansowej w ramach Planu Strategicznego dla Wspólnej Polityki Rolnej na lata 2023-2027 dla interwencji 14.4 Wsparcie gospodarstw demonstracyjnych - moduł 1 Transfer wiedzy w oparciu o demonstracje",2025-10-07,2025-10-13,2025-10-14T11:01:11,39fb653b0ae83106b346ff9c2434d21678f0a423ca194a4ebc067a5dd017fa1b,1,189,0,0,0,ok,,eli2md 0.6.3,2026-09-29T23:24:45Z
MP/2025/1051,2025,1051,Komunikat,"Komunikat Ministra Rolnictwa i Rozwoju Wsi z dnia 6 października 2025 r. w sprawie zmienionych wytycznych szczegółowych w zakresie przyznawania, wypłaty i zwrotu pomocy finansowej w ramach Planu Strategicznego dla Wspólnej Polityki Rolnej na lata 2023-2027 dla interwencji I.13.1 LEADER/Rozwój Lokalny Kierowany przez Społeczność (RLKS) - komponent Zarządzanie LSR",2025-10-06,2025-10-13,2025-10-14T11:01:11,2467b0fab2fafef54a2e54a1ad7fc7cdd6312c3bd412957b5bb2febb02a855ae,1,187,0,0,0,ok,,eli2md 0.6.3,2026-09-29T23:24:45Z
MP/2025/1052,2025,1052,Obwieszczenie,Obwieszczenie Prokuratora Generalnego z dnia 3 października 2025 r. o wolnych stanowiskach prokuratorskich,2025-10-03,2025-10-13,2025-10-14T11:01:11,c26d98b3636f4d714c18f421a6b1969b684e4ade14aab327fe8d256b290e66a3,2,381,0,0,0,ok,,eli2md 0.6.3,2026-09-29T23:24:45Z
MP/2025/1053,2025,1053,Obwieszczenie,Obwieszczenie Prezesa Rady Ministrów z dnia 7 października 2025 r. w sprawie ogłoszenia jednolitego tekstu uchwały Rady Ministrów w sprawie koordynacji procesu legislacyjnego wdrażającego deregulację,2025-10-07,2025-10-13,2026-09-02T00:00:00,3a2f9238455a4f17d77a1f47b04b525ccd4e5b4f5416a30354e98368529d60b5,4,1213,0,0,0,ok,,eli2md 0.6.3,2026-09-29T23:24:45Z
MP/2025/1054,2025,1054,Komunikat,"Komunikat Ministra Rolnictwa i Rozwoju Wsi z dnia 9 października 2025 r. w sprawie zmienionych wytycznych szczegółowych w zakresie przyznawania, wypłaty i zwrotu pomocy finansowej w ramach Planu Strategicznego dla Wspólnej Polityki Rolnej na lata 2023-2027 dla interwencji I.13.4 Rozwój współpracy producentów w ramach systemów jakości żywności",2025-10-09,2025-10-13,2025-10-14T11:01:11,3f14bfcc7895a0a430768344cf5f6341685eace35c3766173053567401878f7f,1,183,0,0,0,ok,,eli2md 0.6.3,2026-09-29T23:24:45Z
MP/2025/1055,2025,1055,Uchwała,"Uchwała Sejmu Rzeczypospolitej Polskiej z dnia 26 września 2025 r. w sprawie upamiętnienia setnej rocznicy powstania Stowarzyszenia ""Rodzina Wojskowa""",2025-09-26,2025-10-14,2026-06-09T08:46:40,4ff388180f7ae9fb3e56e6ef54e1540107a4a2a1a1634bdacbee20287c463176,1,149,0,0,0,ok,,eli2md 0.6.3,2026-09-29T23:24:45Z
MP/2025/1056,2025,1056,Uchwała,Uchwała Sejmu Rzeczypospolitej Polskiej z dnia 26 września 2025 r. w sprawie upamiętnienia 100. rocznicy urodzin profesora Wiktora Zina,2025-09-26,2025-10-14,2026-05-12T09:01:27,0da8ab68b00ae6128029feb4ed4cc7f8852faa39f2547343c4515044f51ad729,2,543,0,0,0,ok,,eli2md 0.6.3,2026-09-29T23:24:45Z
MP/2025/1057,2025,1057,Uchwała,Uchwała Sejmu Rzeczypospolitej Polskiej z dnia 26 września 2025 r. w sprawie ustanowienia roku 2026 Rokiem Stanisława Staszica,2025-09-26,2025-10-14,2026-05-12T09:01:27,20a27cd7c0c4cfa681202aabf8e2811ade7b6f11d0f0bd69d526268900de0ab8,2,564,0,0,0,ok,,eli2md 0.6.3,2026-09-29T23:24:45Z
MP/2025/1058,2025,1058,Uchwała,Uchwała Sejmu Rzeczypospolitej Polskiej z dnia 26 września 2025 r. w sprawie ustanowienia roku 2026 Rokiem Józefa Czapskiego	2,2025-09-26,2025-10-14,2026-05-12T09:01:27,6d764240c220746af6355fc17b3fc92730f72ceef08b2a359aca742b5b15f55d,1,290,0,0,0,ok,,eli2md 0.6.3,2026-09-29T23:24:45Z
MP/2025/1059,2025,1059,Uchwała,Uchwała Sejmu Rzeczypospolitej Polskiej z dnia 26 września 2025 r. w sprawie ustanowienia roku 2026 Rokiem Mieczysława Fogga,2025-09-26,2025-10-15,2026-05-12T09:01:27,4c9ff377dee160d177d3173d3df73dd0200468542294b726e45b129f3c8a7857,1,467,0,0,0,ok,,eli2md 0.6.3,2026-09-29T23:24:45Z
MP/2025/1060,2025,1060,Obwieszczenie,"Obwieszczenie Ministra Edukacji z dnia 25 września 2025 r. w sprawie włączenia kwalifikacji wolnorynkowej ""Wspieranie uczenia się dzieci i młodzieży z wykorzystaniem podejścia STEAM"" do Zintegrowanego Systemu Kwalifikacji",2025-09-25,2025-10-15,2025-10-16T10:40:51,096a22924e2c49b9373a605f5a1161ca3e6ecfe04df556e53e056420c2ae875d,9,2714,0,0,0,ok,,eli2md 0.6.3,2026-09-29T23:24:45Z
MP/2025/1061,2025,1061,Komunikat,Komunikat Prezesa Głównego Urzędu Statystycznego z dnia 15 października 2025 r. w sprawie wskaźnika cen towarów i usług konsumpcyjnych w okresie pierwszych trzech kwartałów 2025 r.,2025-10-15,2025-10-15,2025-10-16T10:40:52,2b899e12534e2854879c394fbab8882e6bf35f2947209dcc0c3501468e34a21f,1,100,0,0,0,ok,,eli2md 0.6.3,2026-09-29T23:24:45Z
MP/2025/1062,2025,1062,Komunikat,Komunikat Prezesa Głównego Urzędu Statystycznego z dnia 15 października 2025 r. w sprawie wskaźnika cen towarów i usług konsumpcyjnych ogółem w trzecim kwartale 2025 r.,2025-10-15,2025-10-15,2025-10-16T10:40:52,6270d55fc205bffb55a154d9e31a114fb0ff21d2804d4cda42f55ee79eb71b35,1,99,0,0,0,ok,,eli2md 0.6.3,2026-09-29T23:24:45Z
MP/2025/1063,2025,1063,Komunikat,Komunikat Prezesa Głównego Urzędu Statystycznego z dnia 15 października 2025 r. w sprawie wskaźnika wzrostu cen towarów i usług konsumpcyjnych ogółem we wrześniu 2025 r. w stosunku do września 2019 r.,2025-10-15,2025-10-15,2025-10-16T10:40:52,e71190c8034341e60cf2dd1714250f3ef7904afc615ba42944064fcf475bdc0c,1,98,0,0,0,ok,,eli2md 0.6.3,2026-09-29T23:24:45Z
MP/2025/1064,2025,1064,Zarządzenie,Zarządzenie nr 55 Prezesa Rady Ministrów z dnia 8 października 2025 r. w sprawie nadania statutu Ministerstwu Rolnictwa i Rozwoju Wsi,2025-10-08,2025-10-16,2025-10-17T11:10:46,4981e5ea42069cb526d9ebc5302a21bb0f80740625ce0e6c8f974c857f6da4de,3,398,0,0,0,ok,,eli2md 0.6.3,2026-09-29T23:24:45Z
MP/2025/1065,2025,1065,Postanowienie,Postanowienie Prezydenta Rzeczypospolitej Polskiej z dnia 9 lipca 2025 r. nr rej. 461/2025 o nadaniu orderów i odznaczeń,2025-07-09,2025-10-16,2025-10-17T11:10:46,3908f4186684438df7ef9e30d4fba0c3f9e6b0caded7d8b4fe5bdfe354d61bcf,1,114,0,0,0,ok,,eli2md 0.6.3,2026-09-29T23:24:45Z
MP/2025/1066,2025,1066,Postanowienie,Postanowienie Prezydenta Rzeczypospolitej Polskiej z dnia 17 września 2025 r. nr rej. 537/2025 o nadaniu odznaczeń,2025-09-17,2025-10-16,2025-10-17T11:10:46,324c3fd9b3004bcef0a454f44b96a6d7bd1728a373b76d4e02c9e7c30160b83b,1,118,0,0,0,ok,,eli2md 0.6.3,2026-09-29T23:24:45Z
MP/2025/1067,2025,1067,Postanowienie,Postanowienie Prezydenta Rzeczypospolitej Polskiej z dnia 17 września 2025 r. nr rej. 539/2025 o nadaniu odznaczeń,2025-09-17,2025-10-16,2025-10-17T11:10:46,3804922ca914e3da996aad6322d7c26da47b2416f9e668a78025e24f3e5b0b61,1,81,0,0,0,ok,,eli2md 0.6.3,2026-09-29T23:24:45Z
MP/2025/1068,2025,1068,Komunikat,"Komunikat Ministra Rolnictwa i Rozwoju Wsi z dnia 13 października 2025 r. w sprawie zmienionych wytycznych szczegółowych w zakresie przyznawania, wypłaty i zwrotu pomocy finansowej w ramach Planu Strategicznego dla Wspólnej Polityki Rolnej na lata 2023-2027 dla interwencji I.13.1 LEADER/Rozwój Lokalny Kierowany przez Społeczność (RLKS) - komponent Zarządzanie LSR",2025-10-13,2025-10-16,2025-10-20T10:34:57,60617cc97b625d858cf267dc7474d3d1ba23c921cb52bd03970ff3e0f58ba3ef,1,187,0,0,0,ok,,eli2md 0.6.3,2026-09-29T23:24:45Z
MP/2025/1069,2025,1069,Uchwała,Uchwała Sejmu Rzeczypospolitej Polskiej z dnia 26 września 2025 r. w sprawie ustanowienia roku 2026 Rokiem Profilaktyki Zdrowotnej,2025-09-26,2025-10-16,2026-05-12T09:01:27,9239a5ec08dd5e0cbcf556bdd8ac3ae41b6fabceb305f5cf73638e08b749cbd2,1,307,0,0,0,ok,,eli2md 0.6.3,2026-09-29T23:24:45Z
MP/2025/1070,2025,1070,Komunikat,Komunikat Prezesa Głównego Urzędu Statystycznego z dnia 15 października 2025 r. w sprawie wskaźnika cen towarów nieżywnościowych trwałego użytku w trzecim kwartale 2025 r.,2025-10-15,2025-10-16,2025-10-17T11:10:46,0b94300e0bfdff4d4632e6c214afeecc350d055fd3721fe9860cc500a9f69e37,1,93,0,0,0,ok,,eli2md 0.6.3,2026-09-29T23:24:45Z
MP/2025/1071,2025,1071,Obwieszczenie,"Obwieszczenie Ministra Cyfryzacji z dnia 29 września 2025 r. w sprawie włączenia kwalifikacji wolnorynkowej ""Wykorzystanie dużych modeli językowych"" do Zintegrowanego Systemu Kwalifikacji",2025-09-29,2025-10-16,2025-10-17T11:10:46,0b797a580b50cec05d7aab452f410306acef4a2adabc858920c79af0e702784e,7,1780,0,0,0,ok,,eli2md 0.6.3,2026-09-29T23:24:45Z
MP/2025/1072,2025,1072,Komunikat,"Komunikat Państwowej Komisji Wyborczej z dnia 17 września 2025 r. w sprawie sprawozdań finansowych komitetów wyborczych uczestniczących w wyborach Prezydenta Rzeczypospolitej Polskiej zarządzonych na dzień 18 maja 2025 r., głosowanie w których przeprowadzone zostało w dniach 18 maja i 1 czerwca 2025 r.",2025-10-17,2025-10-17,2025-10-20T10:38:40,83d8a8be27600000efaa536a8548a83cac91c75cff96863281881240966a0b08,52,5235,39,9,32,ok,,eli2md 0.6.3,2026-09-29T23:24:45Z
MP/2025/1073,2025,1073,Uchwała,Uchwała Sejmu Rzeczypospolitej Polskiej z dnia 26 września 2025 r. w sprawie ustanowienia roku 2026 Rokiem Ignacego Daszyńskiego,2025-09-26,2025-10-17,2026-05-12T09:01:27,01cfd0a84fbb3b86e13358fdc5f464764ff189a52e461f382a08c6a996135559,1,369,0,0,0,ok,,eli2md 0.6.3,2026-09-29T23:24:45Z
MP/2025/1074,2025,1074,Uchwała,Uchwała Sejmu Rzeczypospolitej Polskiej z dnia 26 września 2025 r. w sprawie ustanowienia roku 2026 Rokiem Polskiego Radia,2025-09-26,2025-10-17,2026-05-12T09:01:27,126f47fb4dd969a0998e9b5a16f4803f262d9d269244ed17adc24fb8116eba3c,1,381,0,0,0,ok,,eli2md 0.6.3,2026-09-29T23:24:45Z
MP/2025/1075,2025,1075,Postanowienie,Postanowienie Prezydenta Rzeczypospolitej Polskiej z dnia 1 sierpnia 2025 r. nr rej. 556/2025 o nadaniu orderów,2025-08-01,2025-10-17,2025-10-20T10:38:43,6b50473329594f6d80897472a1fa97038dd8abda4f6f07efa9ee45a8d04409cc,1,104,0,0,0,ok,,eli2md 0.6.3,2026-09-29T23:24:45Z
MP/2025/1076,2025,1076,Postanowienie,Postanowienie Prezydenta Rzeczypospolitej Polskiej z dnia 1 sierpnia 2025 r. nr rej. 560/2025 o nadaniu odznaczeń,2025-08-01,2025-10-17,2025-10-20T10:38:43,cf37813a8eb93c41ef576230bc9627de1ed7a10ed456906d8a83a2fa2d08efb9,1,157,0,0,0,ok,,eli2md 0.6.3,2026-09-29T23:24:45Z
MP/2025/1077,2025,1077,Postanowienie,Postanowienie Prezydenta Rzeczypospolitej Polskiej z dnia 1 sierpnia 2025 r. nr rej. 561/2025 o nadaniu orderu,2025-08-01,2025-10-17,2025-10-20T10:38:43,cc23e79ee9effa8945540ff3b1a3b5aca47cd4127c49f8105721d5cc6eaf22e9,1,90,0,0,0,ok,,eli2md 0.6.3,2026-09-29T23:24:45Z
MP/2025/1078,2025,1078,Postanowienie,Postanowienie Prezydenta Rzeczypospolitej Polskiej z dnia 1 sierpnia 2025 r. nr rej. 565/2025 o nadaniu odznaczeń,2025-08-01,2025-10-17,2025-10-20T10:38:43,b81eb3795180c42da11472de8f5546e39829d652d70739c808b7d65e07bd1343,1,92,0,0,0,ok,,eli2md 0.6.3,2026-09-29T23:24:45Z
MP/2025/1079,2025,1079,Postanowienie,Postanowienie Prezydenta Rzeczypospolitej Polskiej z dnia 1 sierpnia 2025 r. nr rej. 566/2025 o nadaniu orderueń,2025-08-01,2025-10-17,2025-10-20T10:38:43,a6e6f2180c55a7bfb9b778e2c0b98dd49e2de2a9f6a9821068699425eb612a61,1,82,0,0,0,ok,,eli2md 0.6.3,2026-09-29T23:24:45Z
MP/2025/1080,2025,1080,Postanowienie,Postanowienie Prezydenta Rzeczypospolitej Polskiej z dnia 1 sierpnia 2025 r. nr rej. 567/2025 o nadaniu orderu,2025-08-01,2025-10-17,2025-10-20T10:38:43,c1058d3c3ef9bc0bff42204efd99f333ae5005f226434eba56868adb9181f5af,1,73,0,0,0,ok,,eli2md 0.6.3,2026-09-29T23:24:45Z
MP/2025/1081,2025,1081,Postanowienie,Postanowienie Prezydenta Rzeczypospolitej Polskiej z dnia 5 sierpnia 2025 r. nr rej. 568/2025 o nadaniu orderów i odznaczenia,2025-08-05,2025-10-17,2025-10-20T10:38:43,603d80b2a0c6c1d3b3bf61ee7dfc30f5f590ada12d01ac39b3c1106f91058ced,1,132,0,0,0,ok,,eli2md 0.6.3,2026-09-29T23:24:45Z
MP/2025/1082,2025,1082,Postanowienie,Postanowienie Prezydenta Rzeczypospolitej Polskiej z dnia 5 sierpnia 2025 r. nr rej. 569/2025 o nadaniu odznaczenia,2025-08-05,2025-10-17,2025-10-20T10:38:43,5d5d2416b7124d7cd79239d756a864277232bf12b50a703517b8ed6babb8fe9b,1,93,0,0,0,ok,,eli2md 0.6.3,2026-09-29T23:24:45Z
MP/2025/1083,2025,1083,Postanowienie,Postanowienie Prezydenta Rzeczypospolitej Polskiej z dnia 4 sierpnia 2025 r. nr rej. 571/2025 o nadaniu orderu,2025-08-04,2025-10-17,2025-10-20T10:38:43,c5adc819d95f82e5ae8562a0a815d03fb53e35c5feffeff2a3529544893cd6d3,1,79,0,0,0,ok,,eli2md 0.6.3,2026-09-29T23:24:45Z
MP/2025/1084,2025,1084,Postanowienie,Postanowienie Prezydenta Rzeczypospolitej Polskiej z dnia 4 sierpnia 2025 r. nr rej. 573/2025 o nadaniu odznaczenia,2025-08-04,2025-10-17,2025-10-20T10:38:43,42f00e0079cad89b3540f7f509b1d96bd9e2fa2b568e08ac7c3b15283b41af95,1,73,0,0,0,ok,,eli2md 0.6.3,2026-09-29T23:24:45Z
MP/2025/1085,2025,1085,Komunikat,Komunikat Prezesa Głównego Urzędu Statystycznego z dnia 20 października 2025 r. w sprawie średniej ceny skupu żyta za okres 11 kwartałów będącej podstawą do ustalenia podatku rolnego na rok podatkowy 2026,2025-10-20,2025-10-20,2025-10-21T11:50:34,2084a17d83001379fba7ac1fc63cb9ff7594698c18adad73981a71fd2a6bcfcc,1,83,0,0,0,ok,,eli2md 0.6.3,2026-09-29T23:24:45Z
MP/2025/1086,2025,1086,Komunikat,"Komunikat Prezesa Głównego Urzędu Statystycznego z dnia 17 października 2025 r. w sprawie średniej ceny sprzedaży drewna, obliczonej według średniej ceny drewna uzyskanej przez nadleśnictwa za pierwsze trzy kwartały 2025 r.",2025-10-17,2025-10-20,2025-10-21T11:50:34,3af5573021d0c8dc193aaba90a726a8bf9f7f012c7b26856412c6a366c5431e8,1,87,0,0,0,ok,,eli2md 0.6.3,2026-09-29T23:24:45Z
MP/2025/1087,2025,1087,Postanowienie,Postanowienie Prezydenta Rzeczypospolitej Polskiej z dnia 5 sierpnia 2025 r. nr rej. 574/2025 o nadaniu odznaczenia,2025-08-05,2025-10-20,2025-10-21T11:50:34,3d6cef1630b1d69bff642a9f0fb2362be29cf661878e666731b2bd9254618b17,1,68,0,0,0,ok,,eli2md 0.6.3,2026-09-29T23:24:45Z
MP/2025/1088,2025,1088,Postanowienie,Postanowienie Prezydenta Rzeczypospolitej Polskiej z dnia 26 sierpnia 2025 r. nr rej. 592/2025 o nadaniu odznaczenia,2025-08-26,2025-10-20,2025-10-21T11:50:34,18827a2c555692cd9e01fa2d5ee74740006deb905fad57d7d94de41f58af6f6e,1,70,0,0,0,ok,,eli2md 0.6.3,2026-09-29T23:24:45Z
MP/2025/1089,2025,1089,Postanowienie,Postanowienie Prezydenta Rzeczypospolitej Polskiej z dnia 27 sierpnia 2025 r. nr rej. 593/2025 o nadaniu orderu,2025-08-27,2025-10-20,2025-10-21T11:50:34,eb6cbefc3cc114a2874073a9e7ffa923b8d78f7a127c20f3cb10be4fd924e271,1,77,0,0,0,ok,,eli2md 0.6.3,2026-09-29T23:24:45Z
MP/2025/1090,2025,1090,Postanowienie,Postanowienie Prezydenta Rzeczypospolitej Polskiej z dnia 28 sierpnia 2025 r. nr rej. 597/2025 o nadaniu odznaczeń,2025-08-28,2025-10-20,2025-10-21T11:50:34,62a4ef6f197017012aef72613e30654bcc25a96dc015a7ced37372a98c7c8f8f,1,115,0,0,0,ok,,eli2md 0.6.3,2026-09-29T23:24:45Z
MP/2025/1091,2025,1091,Postanowienie,Postanowienie Prezydenta Rzeczypospolitej Polskiej z dnia 28 sierpnia 2025 r. nr rej. 598/2025 o nadaniu odznaczeń,2025-08-28,2025-10-20,2025-10-21T11:50:34,0c5866f73cdf9493da1e6325628338da15f779b2e3e4e768452df33300257b05,1,77,0,0,0,ok,,eli2md 0.6.3,2026-09-29T23:24:45Z
MP/2025/1092,2025,1092,Zarządzenie,"Zarządzenie nr 24/2025 Prezesa Narodowego Banku Polskiego z dnia 8 października 2025 r. w sprawie ustalenia wzoru i wielkości emisji banknotu o wartości nominalnej 20 zł, upamiętniającego tysiąclecie koronacji Bolesława Chrobrego",2025-10-08,2025-10-20,2025-10-21T11:50:35,69e5f061a0778de7c6969c6dbcf33bf56dd4052d2bce336c6ce55dfe98caf03a,2,301,0,1,0,ok,,eli2md 0.6.3,2026-09-29T23:24:45Z
MP/2025/1093,2025,1093,Uchwała,"Uchwała nr 137 Rady Ministrów z dnia 14 października 2025 r. w sprawie ustanowienia rządowego programu wspierania rodziny ""Asystent rodziny w 2025 r.""",2025-10-14,2025-10-20,2025-10-21T11:50:35,4ef2f249d3fa9bc25ced717cf5d22b2eba5ae0f51a6a9a5f3248cf6eed478a0e,20,4025,0,0,0,ok,,eli2md 0.6.3,2026-09-29T23:24:45Z
MP/2025/1094,2025,1094,Postanowienie,Postanowienie Prezydenta Rzeczypospolitej Polskiej z dnia 28 sierpnia 2025 r. nr rej. 599/2025 o nadaniu orderu i odznaczeń,2025-08-28,2025-10-21,2025-10-22T13:05:23,b8e994aef1874bfb72d7c23811fe6c04bca1baa1a5b255180bc7ce1e06c5b8aa,1,104,0,0,0,ok,,eli2md 0.6.3,2026-09-29T23:24:45Z
MP/2025/1095,2025,1095,Postanowienie,Postanowienie Prezydenta Rzeczypospolitej Polskiej z dnia 28 sierpnia 2025 r. nr rej. 601/2025 o nadaniu orderu,2025-08-28,2025-10-21,2025-10-22T13:05:23,e26149965bece710ebd1bd0c7689d6000097f548f5752864da83e8a86702007b,1,82,0,0,0,ok,,eli2md 0.6.3,2026-09-29T23:24:45Z
MP/2025/1096,2025,1096,Postanowienie,Postanowienie Prezydenta Rzeczypospolitej Polskiej z dnia 17 września 2025 r. nr rej. 605/2025 o nadaniu odznaczenia,2025-09-17,2025-10-21,2025-10-22T13:05:23,56a53b5086164169de300e349872dcc380031f9332c957f134c8d4bc52dbc174,1,72,0,0,0,ok,,eli2md 0.6.3,2026-09-29T23:24:45Z
MP/2025/1097,2025,1097,Postanowienie,Postanowienie Prezydenta Rzeczypospolitej Polskiej z dnia 4 września 2025 r. nr rej. 607/2025 o nadaniu odznaczeń,2025-09-04,2025-10-21,2025-10-22T13:05:23,840a87eb66546681e21b5fff57c08a02c9103cd825bff0110c9c439e212100d2,1,82,0,0,0,ok,,eli2md 0.6.3,2026-09-29T23:24:45Z
MP/2025/1098,2025,1098,Postanowienie,Postanowienie Prezydenta Rzeczypospolitej Polskiej z dnia 4 września 2025 r. nr rej. 610/2025 o nadaniu odznaczenia,2025-09-04,2025-10-21,2025-10-22T13:05:23,257caf961fdf10e91633803648073fd01a10266fc27ddd7553c62b98c0e674ee,1,84,0,0,0,ok,,eli2md 0.6.3,2026-09-29T23:24:45Z
MP/2025/1099,2025,1099,Uchwała,Uchwała Sejmu Rzeczypospolitej Polskiej z dnia 26 września 2025 r. w sprawie ustanowienia roku 2026 Rokiem Sergiusza Piaseckiego,2025-09-26,2025-10-21,2026-05-12T09:01:27,7df95bb7aa3b21ca67f0649d62b6eac3a6ee9498f0d8922418e41775a0af6372,2,712,0,0,0,ok,,eli2md 0.6.3,2026-09-29T23:24:45Z
MP/2025/1100,2025,1100,Uchwała,Uchwała Sejmu Rzeczypospolitej Polskiej z dnia 26 września 2025 r. w sprawie upamiętnienia Franciszka Karpińskiego w 200. rocznicę śmierci,2025-09-26,2025-10-21,2026-05-12T09:01:27,80bceada9570cb6828607d37fa507c418c526f3e4a31bdd4d23276f3fe15a19e,1,416,0,0,0,ok,,eli2md 0.6.3,2026-09-29T23:24:45Z
MP/2025/1101,2025,1101,Uchwała,Uchwała Sejmu Rzeczypospolitej Polskiej z dnia 26 września 2025 r. w sprawie ustanowienia roku 2026 Rokiem Polskiej Kolei,2025-09-26,2025-10-21,2026-05-12T09:01:27,507f9f6c5e6ab7d2ab6030e1ba6cc1ecc9b269698c7ce53dede4dbe79f8d2d61,1,455,0,0,0,ok,,eli2md 0.6.3,2026-09-29T23:24:45Z
MP/2025/1102,2025,1102,Postanowienie,Postanowienie Prezydenta Rzeczypospolitej Polskiej z dnia 1 sierpnia 2025 r. nr rej. 554/2025 o nadaniu orderów i odznaczeń,2025-08-01,2025-10-21,2025-10-23T11:57:21,a01466f69f7744435da64cfd2c797e391672773df77a88bc65b16c897eb883d6,2,245,0,0,0,ok,,eli2md 0.6.3,2026-09-29T23:24:45Z
MP/2025/1103,2025,1103,Postanowienie,Postanowienie Prezydenta Rzeczypospolitej Polskiej z dnia 1 sierpnia 2025 r. nr rej. 555/2025 o nadaniu orderu i odznaczeń,2025-08-01,2025-10-21,2025-10-23T11:57:21,55aac6203681cc2b4962fb2f4f96d23ce60594a0d0df5ef68d7a72a03f56ab74,1,162,0,0,0,ok,,eli2md 0.6.3,2026-09-29T23:24:45Z
MP/2025/1104,2025,1104,Uchwała,Uchwała Sejmu Rzeczypospolitej Polskiej z dnia 26 września 2025 r. w sprawie ustanowienia roku 2026 Rokiem Józefa Maksymiliana Ossolińskiego,2025-09-26,2025-10-22,2026-05-12T09:01:27,c3746b4614ac4eb6ea0a03ee683e0de6788ad4d4b77df8ca4c9b839604f65fe4,2,651,0,0,0,ok,,eli2md 0.6.3,2026-09-29T23:24:45Z
MP/2025/1105,2025,1105,Obwieszczenie,"Obwieszczenie Ministra Finansów i Gospodarki z dnia 16 października 2025 r. w sprawie stawki odsetek za zwłokę od zaległości podatkowych, obniżonej stawki odsetek za zwłokę od zaległości podatkowych oraz podwyższonej stawki odsetek za zwłokę od zaległości podatkowych",2025-10-16,2025-10-22,2025-10-23T11:57:21,fc54022e1cbbc72e1cdb927c50c95855e43e59a87ff7501068118a226af1a738,1,121,0,0,0,ok,,eli2md 0.6.3,2026-09-29T23:24:45Z
MP/2025/1106,2025,1106,Postanowienie,Postanowienie Prezydenta Rzeczypospolitej Polskiej z dnia 18 września 2025 r. nr rej. 645/2025 o nadaniu orderów i odznaczeń,2025-09-18,2025-10-21,2025-10-23T11:57:21,ef9f313931f83c070ce0475e88c701cd239fddfc96003b1012bdd0e1005ad15d,2,282,0,0,0,ok,,eli2md 0.6.3,2026-09-29T23:24:45Z
MP/2025/1107,2025,1107,Postanowienie,Postanowienie Prezydenta Rzeczypospolitej Polskiej z dnia 18 września 2025 r. nr rej. 646/2025 o nadaniu odznaczeń,2025-09-18,2025-10-21,2025-10-23T11:57:21,7f349be492cb5ad0878bdb3a46f62772330474afa0422de5e72412fcc77fafb8,1,79,0,0,0,ok,,eli2md 0.6.3,2026-09-29T23:24:45Z
MP/2025/1108,2025,1108,Postanowienie,Postanowienie Prezydenta Rzeczypospolitej Polskiej z dnia 19 września 2025 r. nr rej. 655/2025 o nadaniu orderu,2025-09-19,2025-10-21,2025-10-23T11:57:21,fc3cdde854d5afe870db4b85e0f307e9cf16b23904c7813d6eab6a89737548c7,1,87,0,0,0,ok,,eli2md 0.6.3,2026-09-29T23:24:45Z
MP/2025/1109,2025,1109,Postanowienie,Postanowienie Prezydenta Rzeczypospolitej Polskiej z dnia 19 września 2025 r. nr rej. 656/2025 o nadaniu orderu,2025-09-19,2025-10-21,2025-10-23T11:57:21,f1591193cfea4bd9c818b43ebea428608d3dcf908a7e715f0cb3ab8ce5f18174,1,72,0,0,0,ok,,eli2md 0.6.3,2026-09-29T23:24:45Z
MP/2025/1110,2025,1110,Postanowienie,Postanowienie Prezydenta Rzeczypospolitej Polskiej z dnia 26 września 2025 r. nr rej. 665/2025 o nadaniu odznaczenia,2025-09-26,2025-10-21,2025-10-23T11:57:21,e86f95c39da2b2947aadacbdeda5e58901ead8bb2aa67c879602fabf61687d2e,1,77,0,0,0,ok,,eli2md 0.6.3,2026-09-29T23:24:45Z
MP/2025/1111,2025,1111,Postanowienie,Postanowienie Prezydenta Rzeczypospolitej Polskiej z dnia 26 września 2025 r. nr rej. 669/2025 o nadaniu odznaczenia,2025-09-26,2025-10-21,2025-10-23T11:57:21,a7c3880e647b2957a6e8b2018833676e912af3be9e640a9f538667904ac976ae,1,68,0,0,0,ok,,eli2md 0.6.3,2026-09-29T23:24:45Z
MP/2025/1112,2025,1112,Zarządzenie,Zarządzenie nr 57 Prezesa Rady Ministrów z dnia 16 października 2025 r. zmieniające zarządzenie w sprawie nadania statutu Ministerstwu Kultury i Dziedzictwa Narodowego,2025-10-16,2025-10-22,2026-06-01T09:27:40,6d5d00a0d089b2905a3ea5439cc523ab3b0c3b90904ca3f47909e2374b103da1,1,155,0,0,0,ok,,eli2md 0.6.3,2026-09-29T23:24:45Z
MP/2025/1113,2025,1113,Obwieszczenie,Obwieszczenie Ministra Finansów i Gospodarki z dnia 12 października 2025 r. w sprawie stawek minimalnych podatku od środków transportowych obowiązujących w 2026 r.,2025-10-12,2025-10-22,2025-10-23T11:57:21,64c9ad4ae624cf13c506c684b3fb0a71b1bc075d30ba002440023f8a36d1b3df,4,433,0,0,0,ok,,eli2md 0.6.3,2026-09-29T23:24:45Z
MP/2025/1114,2025,1114,Obwieszczenie,"Obwieszczenie Ministra Finansów i Gospodarki z dnia 5 października 2025 r. w sprawie ogłoszenia obowiązujących w 2026 r. maksymalnych stawek opłat za usunięcie, przechowywanie i strzeżenie środka transportu lub towaru w wyznaczonym miejscu",2025-10-05,2025-10-22,2025-10-23T11:57:21,c5b73b8d9c7514a958f0171b2eb561683499e523fe4ca726033b2be6007713d1,1,255,0,0,0,ok,,eli2md 0.6.3,2026-09-29T23:24:45Z
MP/2025/1115,2025,1115,Komunikat,Komunikat Ministra Rolnictwa i Rozwoju Wsi z dnia 19 października 2025 r. w sprawie zmienionych wytycznych podstawowych w zakresie pomocy finansowej w ramach Planu Strategicznego dla Wspólnej Polityki Rolnej na lata 2023-2027,2025-10-19,2025-10-22,2025-10-23T11:57:21,7ebcef683acb5f7c97754acfd60c5e8fd9d07bc6603c459942cca67e97dc44d0,1,153,0,0,0,ok,,eli2md 0.6.3,2026-09-29T23:24:45Z
MP/2025/1116,2025,1116,Komunikat,Komunikat Ministra Rolnictwa i Rozwoju Wsi z dnia 19 października 2025 r. w sprawie zmienionych wytycznych szczegółowych w zakresie przyznawania i wypłaty pomocy finansowej w ramach Planu Strategicznego dla Wspólnej Polityki Rolnej na lata 2023-2027 dla interwencji I.13.1 LEADER/Rozwój Lokalny Kierowany przez Społeczność (RLKS) - komponent Wdrażanie LSR,2025-10-19,2025-10-22,2025-10-23T11:59:38,6f67c9e868a13b65e6f563efca763f4108ad6d9c03dec8f0d1f16e987a0c6b12,1,185,0,0,0,ok,,eli2md 0.6.3,2026-09-29T23:24:45Z
MP/2025/1117,2025,1117,Obwieszczenie,"Obwieszczenie Ministra Klimatu i Środowiska z dnia 6 października 2025 r. w sprawie włączenia kwalifikacji wolnorynkowej ""Edukowanie o zmianie klimatu"" do Zintegrowanego Systemu Kwalifikacji",2025-10-06,2025-10-23,2025-10-24T10:38:53,e6690c7e4742fdfc3f38a6e9958eda4dfaa7f363f969201f1a5091c0e1fcbf18,5,1663,0,0,0,ok,,eli2md 0.6.3,2026-09-29T23:24:45Z
MP/2025/1118,2025,1118,Obwieszczenie,"Obwieszczenie Prezesa Głównego Urzędu Statystycznego z dnia 20 października 2025 r. w sprawie przeciętnego miesięcznego wynagrodzenia w sektorze przedsiębiorstw, włącznie z wypłatami z zysku, w trzecim kwartale 2025 r.",2025-10-20,2025-10-23,2025-10-24T10:38:53,9df3979e6581d6dff2b0209d6e27cb1d8f5efbb5b86b261d5d8072e0c229332e,1,90,0,0,0,ok,,eli2md 0.6.3,2026-09-29T23:24:45Z
MP/2025/1119,2025,1119,Obwieszczenie,"Obwieszczenie Ministra Finansów i Gospodarki z dnia 22 października 2025 r. w sprawie ogłoszenia listy krajów i terytoriów wskazanych w unijnym wykazie jurysdykcji niechętnych współpracy do celów podatkowych przyjmowanym przez Radę Unii Europejskiej, które nie zostały ujęte w wykazie krajów i terytoriów stosujących szkodliwą konkurencję podatkową wydawanym na podstawie przepisów o podatku dochodowym od osób fizycznych oraz przepisów o podatku dochodowym od osób prawnych, oraz dnia przyjęcia tego wykazu przez Radę Unii Europejskiej",2025-10-22,2025-10-24,2025-10-27T09:54:28,440c663d5ce17f0da0845b35147d8f97298577e6966fbe0e5e1f9935a78aacee,2,278,0,0,0,ok,,eli2md 0.6.3,2026-09-29T23:24:45Z
MP/2025/1120,2025,1120,Ogłoszenie,Ogłoszenie Przewodniczącego Krajowej Rady Radiofonii i Telewizji z dnia 15 października 2025 r. o możliwości uzyskania koncesji na rozpowszechnianie programu radiowego,2025-10-15,2025-10-24,2025-10-27T09:54:28,997520d7dac8c9022d3dfe209d8e98a187e1ce85d2e48eb75b6ae6908146a45e,2,556,0,0,0,ok,,eli2md 0.6.3,2026-09-29T23:24:45Z
MP/2025/1121,2025,1121,Uchwała,"Uchwała Sejmu Rzeczypospolitej Polskiej z dnia 17 października 2025 r. w sprawie upamiętnienia 200. rocznicy urodzin Karola Miarki starszego, wybitnego działacza społecznego ziemi śląskiej",2025-10-17,2025-10-28,2026-05-12T09:01:27,f9bf5324b6a0ae965c626324a90efd5c7e782f57e0e7c3e2a7baa03ce2b4d4f6,2,590,0,0,0,ok,,eli2md 0.6.3,2026-09-29T23:24:45Z
MP/2025/1122,2025,1122,Komunikat,"Komunikat Ministra Rolnictwa i Rozwoju Wsi z dnia 15 października 2025 r. w sprawie zmienionych wytycznych szczegółowych w zakresie przyznawania, wypłaty i zwrotu pomocy finansowej w ramach Planu Strategicznego dla Wspólnej Polityki Rolnej na lata 2023-2027 dla interwencji w sektorze pszczelarskim",2025-10-15,2025-10-27,2025-10-28T10:52:15,54211aee19001cdfb3d1d5aa34e2e1346fcb60ed35e276e61ed734aa28e6533f,1,171,0,0,0,ok,,eli2md 0.6.3,2026-09-29T23:24:45Z
MP/2025/1123,2025,1123,Obwieszczenie,Obwieszczenie Ministra Finansów i Gospodarki z dnia 16 października 2025 r. w sprawie ogłoszenia obowiązujących od dnia 1 stycznia 2026 r. stawek opłat za udostępnianie materiałów państwowego zasobu geodezyjnego i kartograficznego,2025-10-16,2025-10-28,2025-10-29T10:48:14,1ea5cfbb6cb61e75a8b826b1c4350c3c54673eb483672a121f05273af9cd4183,6,1307,0,0,0,ok,,eli2md 0.6.3,2026-09-29T23:24:45Z
MP/2025/1124,2025,1124,Komunikat,Komunikat Ministra Rolnictwa i Rozwoju Wsi z dnia 23 października 2025 r. w sprawie zmienionych wytycznych w zakresie zasad ustalania kwoty dostępnych środków w ramach niektórych interwencji Planu Strategicznego dla Wspólnej Polityki Rolnej na lata 2023-2027,2025-10-23,2025-10-28,2025-10-29T10:48:15,c5ab51ecf36e89842e5e56db8c18de07a1bfb3095adb4959346905a5daa460b5,1,161,0,0,0,ok,,eli2md 0.6.3,2026-09-29T23:24:45Z
MP/2025/1125,2025,1125,Obwieszczenie,Obwieszczenie Ministra Klimatu i Środowiska z dnia 17 października 2025 r. w sprawie wykazu jednostek organizacyjnych podległych Ministrowi Klimatu i Środowiska lub przez niego nadzorowanych,2025-10-17,2025-10-29,2025-10-30T10:18:53,be10df3ae23fbda4aab7b21f444075118581e69d245f64e51b12297460f13a2e,3,637,0,0,0,ok,,eli2md 0.6.3,2026-09-29T23:24:45Z
MP/2025/1126,2025,1126,Obwieszczenie,"Obwieszczenie Ministra Finansów i Gospodarki z dnia 16 października 2025 r. w sprawie wykazu jednostek organizacyjnych podległych Ministrowi Finansów i Gospodarki lub przez niego nadzorowanych w zakresie działów administracji rządowej: budżet, finanse publiczne i instytucje finansowe",2025-10-16,2025-10-29,2025-10-30T10:18:53,63f90061dca87ea851545338b1d92c46933883a6916ef77ec5200d3434e3680c,2,171,0,0,0,ok,,eli2md 0.6.3,2026-09-29T23:24:45Z
MP/2025/1127,2025,1127,Obwieszczenie,"Obwieszczenie Ministra Rodziny, Pracy i Polityki Społecznej z dnia 24 października 2025 r. w sprawie wysokości świadczenia pielęgnacyjnego w roku 2026",2025-10-24,2025-10-29,2025-10-30T10:18:53,e84156dfe2e0083a771ed18223277d2614e32da496b33b42938375aebb61f07c,1,64,0,0,0,ok,,eli2md 0.6.3,2026-09-29T23:24:45Z
MP/2025/1128,2025,1128,Uchwała,Uchwała nr 149 Rady Ministrów z dnia 28 października 2025 r. w sprawie Krajowych ram polityki w zakresie rozwoju rynku w odniesieniu do paliw alternatywnych w sektorze transportu i rozwoju odpowiedniej infrastruktury,2025-10-28,2025-10-30,2025-10-31T10:08:04,c39f246c32ba3ae8558c91d9b2947b41718cdd3dcc100054a3efc6e8010ffe44,106,29158,0,7,0,ok,,eli2md 0.6.3,2026-09-29T23:24:45Z
MP/2025/1129,2025,1129,Zarządzenie,"Zarządzenie nr 25/2025 Prezesa Narodowego Banku Polskiego z dnia 23 października 2025 r. w sprawie ustalenia wzoru, stopu, masy i wielkości emisji monety o wartości nominalnej 5 zł, z serii ""Odkryj Polskę"" - Ratusz w Brzegu",2025-10-23,2025-10-30,2026-06-03T09:49:29,13ebefa10b516d0a6dd7d35e5ca6ade7403d63363a756c0fd98cbcd7b12edce4,2,218,0,0,0,ok,,eli2md 0.6.3,2026-09-29T23:24:45Z
MP/2025/1130,2025,1130,Zarządzenie,"Zarządzenie nr 26/2025 Prezesa Narodowego Banku Polskiego z dnia 23 października 2025 r. w sprawie ustalenia wzoru, próby, masy i wielkości emisji monety o wartości nominalnej 20 zł, z serii ""Historia monety polskiej"" - 5 złotych z okresu powstania listopadowego",2025-10-23,2025-10-30,2025-10-31T10:08:05,955c234b0a68c6fbb682fefe4271c523fa0a7fdba1e749effc48e78eebccac1e,2,209,0,0,0,ok,,eli2md 0.6.3,2026-09-29T23:24:45Z
MP/2025/1131,2025,1131,Obwieszczenie,"Obwieszczenie Ministra Infrastruktury z dnia 28 października 2025 r. w sprawie wysokości stawek opłat za wydanie decyzji o profesjonalnej rejestracji pojazdów, blankietu profesjonalnego dowodu rejestracyjnego, profesjonalnych tablic rejestracyjnych oraz znaku legalizacyjnego obowiązujących od dnia 1 stycznia 2026 r.",2025-10-28,2025-10-30,2025-10-31T10:08:05,11e43fd138c03a00efe2c9c6a6568457127660902faee92e4978249c439f554a,1,176,0,0,0,ok,,eli2md 0.6.3,2026-09-29T23:24:45Z
MP/2025/1132,2025,1132,Komunikat,"Komunikat Ministra Rolnictwa i Rozwoju Wsi z dnia 28 października 2025 r. w sprawie wytycznych szczegółowych w zakresie przyznawania, wypłaty i zwrotu pomocy finansowej w ramach Planu Strategicznego dla Wspólnej Polityki Rolnej na lata 2023-2027 dla interwencji I.13.5 Współpraca Grup Operacyjnych EPI",2025-10-28,2025-10-30,2025-10-31T10:08:05,3750990d3ea290ce1e229fd1d27002416c811212afaf9943ae1b893ba54ed68c,1,173,0,0,0,ok,,eli2md 0.6.3,2026-09-29T23:24:45Z
MP/2025/1133,2025,1133,Obwieszczenie,Obwieszczenie Prezesa Głównego Urzędu Statystycznego z dnia 30 października 2025 r. w sprawie szacunków wartości produktu krajowego brutto na jednego mieszkańca w latach 2021-2023,2025-10-30,2025-10-31,2025-11-03T10:16:58,175b3e28af719d6994444a5520f7bbf470aa35bac6efd4cbdaf3d3e4a73d6f54,7,676,0,0,0,ok,,eli2md 0.6.3,2026-09-29T23:24:45Z
MP/2025/1134,2025,1134,Postanowienie,Postanowienie Prezydenta Rzeczypospolitej Polskiej z dnia 31 października 2025 r. o przedłużeniu okresu użycia Polskiego Kontyngentu Wojskowego w operacji wojskowej Unii Europejskiej w Bośni i Hercegowinie,2025-10-31,2025-11-01,2025-11-03T10:15:20,f737eeda8cfb30fae242f4f2aacd8a03fb6d1c3f1824b6382f31870933da1d57,1,185,0,0,0,ok,,eli2md 0.6.3,2026-09-29T23:24:45Z
MP/2025/1135,2025,1135,Obwieszczenie,Obwieszczenie Ministra Sprawiedliwości z dnia 30 października 2025 r. w sprawie wysokości odsetek ustawowych,2025-10-30,2025-11-03,2025-11-04T12:31:16,9d8ebb24c12c25047b11d1e4f045a392053a41754d660d8e091539dbc87c34d7,1,62,0,0,0,ok,,eli2md 0.6.3,2026-09-29T23:24:45Z
MP/2025/1136,2025,1136,Obwieszczenie,Obwieszczenie Ministra Sprawiedliwości z dnia 30 października 2025 r. w sprawie wysokości odsetek ustawowych za opóźnienie,2025-10-30,2025-11-03,2025-11-04T12:31:53,5e97c9b5088882f7a3fc794c2964281990a595e44ca3418b158a091e054f71c1,1,66,0,0,0,ok,,eli2md 0.6.3,2026-09-29T23:24:45Z
MP/2025/1137,2025,1137,Obwieszczenie,"Obwieszczenie Ministra Cyfryzacji z dnia 18 października 2025 r. w sprawie włączenia kwalifikacji wolnorynkowej ""Edukowanie w obszarze dostępności cyfrowej"" do Zintegrowanego Systemu Kwalifikacji",2025-10-18,2025-11-03,2025-11-04T12:32:37,a0830556755c93a5c570633b3fc987f72addfeaf39d27da3702c753b97261ac3,6,1553,0,0,0,ok,,eli2md 0.6.3,2026-09-29T23:24:45Z
MP/2025/1138,2025,1138,Uchwała,Uchwała Senatu Rzeczypospolitej Polskiej z dnia 29 października 2025 r. w 45. rocznicę powstania Niezależnego Zrzeszenia Studentów,2025-10-29,2025-11-04,2026-05-12T09:01:27,4e7563016207e632dd43c92d959bfb842c19f39eff63a50e5cdcb40157029491,1,214,0,0,0,ok,,eli2md 0.6.3,2026-09-29T23:24:45Z
MP/2025/1139,2025,1139,Zarządzenie,Zarządzenie nr 60 Prezesa Rady Ministrów z dnia 31 października 2025 r. zmieniające zarządzenie w sprawie nadania statutu Ministerstwu Aktywów Państwowych,2025-10-31,2025-11-04,2025-11-05T10:26:06,96dc44dbd664fcbb36c65af9d96e3ef85b681fa9e8b4cb90d76bac904478852e,1,146,0,0,0,ok,,eli2md 0.6.3,2026-09-29T23:24:45Z
MP/2025/1140,2025,1140,Uchwała,Uchwała Senatu Rzeczypospolitej Polskiej z dnia 29 października 2025 r. w sprawie zmiany Regulaminu Senatu,2025-10-29,2025-11-05,2026-08-13T10:17:01,00c77620a6f6cd52afc030bf4853fddb6dd319b6b896b72cda174f60a65ffed7,1,89,0,0,0,ok,,eli2md 0.6.3,2026-09-29T23:24:45Z
MP/2025/1141,2025,1141,Obwieszczenie,Obwieszczenie Ministra Klimatu i Środowiska z dnia 28 października 2025 r. w sprawie stawek opłaty egzaminacyjnej oraz opłaty za wydanie świadectwa stwierdzającego kwalifikacje w zakresie geologii na rok 2026,2025-10-28,2025-11-05,2025-11-06T10:15:35,9c48612017e75ab0913382f16069d3eaed28e66b527dfa377611bea7b12ca2ae,1,91,0,0,0,ok,,eli2md 0.6.3,2026-09-29T23:24:45Z
MP/2025/1142,2025,1142,Uchwała,"Uchwała nr 147 Rady Ministrów z dnia 29 października 2025 r. zmieniająca uchwałę w sprawie programu wieloletniego pod nazwą ""Program modernizacji badawczego reaktora jądrowego ""MARIA"" umożliwiający jego eksploatację po 2027 r.""",2025-10-29,2025-11-06,2025-11-07T10:31:07,6692bb9e8c7929b72874118b38c8c0417654045fcc2b50382b884435b152e0c3,14,4409,0,0,0,ok,,eli2md 0.6.3,2026-09-29T23:24:45Z
MP/2025/1143,2025,1143,Uchwała,Uchwała nr 151 Rady Ministrów z dnia 4 listopada 2025 r. zmieniająca uchwałę w sprawie zatwierdzenia Programu Ochrony Ludności i Obrony Cywilnej na lata 2025-2026,2025-11-04,2025-11-06,2025-11-07T10:31:07,724e715dc4257ecd3a5086f8194444a475c6f710d6b4afcbf6b05053d618f785,4,1660,0,0,0,ok,,eli2md 0.6.3,2026-09-29T23:24:45Z
MP/2025/1144,2025,1144,Komunikat,"Komunikat Ministra Funduszy i Polityki Regionalnej z dnia 4 listopada 2025 r. o podjęciu przez Komisję Europejską decyzji zmieniającej program ""Fundusze Europejskie dla Nowoczesnej Gospodarki 2021-2027""",2025-11-04,2025-11-07,2025-11-12T10:02:00,ed4cbad3fb5e27947d712482b795e9b1d884efe17fbbfe6d40403006b87f26ad,1,161,0,0,0,ok,,eli2md 0.6.3,2026-09-29T23:24:45Z
MP/2025/1145,2025,1145,Zarządzenie,Zarządzenie nr 62 Prezesa Rady Ministrów z dnia 4 listopada 2025 r. zmieniające zarządzenie w sprawie utworzenia Rady do spraw Innowacyjności,2025-11-04,2025-11-07,2026-07-30T10:45:14,3b0c81059ca5ed6f8eb112e7de2b76236e88a583d7feb792a6c683ee6117ceac,3,1160,0,0,0,ok,,eli2md 0.6.3,2026-09-29T23:24:45Z
MP/2025/1146,2025,1146,Obwieszczenie,"Obwieszczenie Ministra Klimatu i Środowiska z dnia 27 października 2025 r. w sprawie włączenia kwalifikacji wolnorynkowej ""Edukowanie na rzecz bioróżnorodności"" do Zintegrowanego Systemu Kwalifikacji",2025-10-27,2025-11-12,2025-11-13T11:48:17,52b16830d53e2dbbdb4e06e860bec72b181aa88b947430e085255227e9d6255c,6,2375,0,0,0,ok,,eli2md 0.6.3,2026-09-29T23:24:45Z
MP/2025/1147,2025,1147,Obwieszczenie,"Obwieszczenie Ministra Finansów i Gospodarki z dnia 16 września 2025 r. w sprawie włączenia kwalifikacji wolnorynkowej ""Obsługiwanie systemów przemieszczania i pakowania substancji szczególnie niebezpiecznych i specjalnego przeznaczenia"" do Zintegrowanego Systemu Kwalifikacji",2025-09-16,2025-11-12,2025-11-13T11:48:17,33c4c8aa26bfebaa56c680b78cd710ffa5a68820634dbe1c94532afe7e5ad40c,7,2744,0,0,0,ok,,eli2md 0.6.3,2026-09-29T23:24:45Z
MP/2025/1148,2025,1148,Komunikat,Komunikat Prezesa Głównego Urzędu Statystycznego z dnia 7 listopada 2025 r. w sprawie przeciętnego wynagrodzenia w trzecim kwartale 2025 r.,2025-11-07,2025-11-12,2025-11-13T11:48:17,3bec2607999ecd8fd9ddad64d9a96f274c659648cd1738f3507e5354f7b11170,1,78,0,0,0,ok,,eli2md 0.6.3,2026-09-29T23:24:45Z
MP/2025/1149,2025,1149,Uchwała,Uchwała Senatu Rzeczypospolitej Polskiej z dnia 6 listopada 2025 r. w 60. rocznicę Orędzia biskupów polskich do biskupów niemieckich,2025-11-06,2025-11-13,2026-05-12T09:01:27,6e284ac6cfd938ef8eafdb2b3ae33302c8edd6e41f2bf17ee005bf80c8bd280a,1,271,0,0,0,ok,,eli2md 0.6.3,2026-09-29T23:24:45Z
MP/2025/1150,2025,1150,Obwieszczenie,Obwieszczenie Ministra Finansów i Gospodarki z dnia 5 listopada 2025 r. w sprawie wysokości normatywu miesięcznych spłat kredytu mieszkaniowego za 1 m2 powierzchni użytkowej lokalu,2025-11-05,2025-11-14,2025-11-17T10:19:42,c1e34f22bdbd98b7b728c6d66a9b67614f202636b79626fa551799f279b161f8,1,90,0,0,0,ok,,eli2md 0.6.3,2026-09-29T23:24:45Z
MP/2025/1151,2025,1151,Obwieszczenie,"Obwieszczenie Ministra Rodziny, Pracy i Polityki Społecznej z dnia 10 listopada 2025 r. w sprawie wysokości limitu wpłat dokonywanych na subkonto ogólnoeuropejskiego indywidualnego produktu emerytalnego w roku 2026",2025-11-10,2025-11-14,2025-11-17T10:19:42,78362421d91bbac5e652546fe16d2ec80eb55eee55899c9bac1660dfb94f4109,1,78,0,0,0,ok,,eli2md 0.6.3,2026-09-29T23:24:45Z
MP/2025/1152,2025,1152,Uchwała,Uchwała Senatu Rzeczypospolitej Polskiej z dnia 7 listopada 2025 r. w sprawie zmiany Regulaminu Senatu,2025-11-07,2025-11-17,2026-08-13T10:17:32,7796776259668abdf1b9c97ce503dcac3fff8834f5fd73ea9e090587f6ec307c,2,415,0,0,0,ok,,eli2md 0.6.3,2026-09-29T23:24:45Z
MP/2025/1153,2025,1153,Zarządzenie,Zarządzenie nr 64 Prezesa Rady Ministrów z dnia 14 listopada 2025 r. zmieniające zarządzenie w sprawie nadania statutu Kancelarii Prezesa Rady Ministrów,2025-11-14,2025-11-17,2026-01-16T10:17:02,54bb637133acfdbd3cee32b21f4307af18db92d439e2c875aeae2c3689b5933b,1,119,0,0,0,ok,,eli2md 0.6.3,2026-09-29T23:24:45Z
MP/2025/1154,2025,1154,Obwieszczenie,"Obwieszczenie Ministra Cyfryzacji z dnia 18 października 2025 r. w sprawie włączenia kwalifikacji wolnorynkowej ""Projektowanie usług chmurowych w organizacji"" do Zintegrowanego Systemu Kwalifikacji",2025-11-18,2025-11-17,2025-11-18T10:44:16,cae9b093c616422fd3e1a5f6743c7f32132e7c100059dfdb2acec260d767be80,5,1309,0,0,0,ok,,eli2md 0.6.3,2026-09-29T23:24:45Z
MP/2025/1155,2025,1155,Obwieszczenie,"Obwieszczenie Ministra Rodziny, Pracy i Polityki Społecznej z dnia 10 listopada 2025 r. w sprawie wysokości kwoty odpowiadającej sumie składek dodatkowych wniesionych przez uczestnika do jednego pracowniczego programu emerytalnego w roku 2026",2025-11-10,2025-11-18,2025-11-19T11:35:40,4d312ebbe5fb3a8e4f56f6e08cb19392b57c851bf4ea387d5b89bdbb68c7bd0f,1,104,0,0,0,ok,,eli2md 0.6.3,2026-09-29T23:24:45Z
MP/2025/1156,2025,1156,Obwieszczenie,"Obwieszczenie Ministra Rodziny, Pracy i Polityki Społecznej z dnia 10 listopada 2025 r. w sprawie wysokości kwoty wpłat na indywidualne konto zabezpieczenia emerytalnego w roku 2026",2025-11-10,2025-11-18,2025-11-19T11:36:32,457eabbb75f6087131816cd8eb3948f0590a8ee0dd84ad25faa39fc1d83d601b,1,124,0,0,0,ok,,eli2md 0.6.3,2026-09-29T23:24:45Z
MP/2025/1157,2025,1157,Obwieszczenie,Obwieszczenie Ministra Klimatu i Środowiska z dnia 28 października 2025 r. w sprawie stawek opłat na rok 2026 z zakresu przepisów Prawa geologicznego i górniczego,2025-10-28,2025-11-18,2025-11-19T11:03:18,73221cd1d78f403bfb1bbdcb02872335f7dee059fa856c6284ae4ac972537ec8,4,859,0,0,0,ok,,eli2md 0.6.3,2026-09-29T23:24:45Z
MP/2025/1158,2025,1158,Obwieszczenie,"Obwieszczenie Ministra Cyfryzacji z dnia 18 października 2025 r. w sprawie włączenia kwalifikacji wolnorynkowej ""Zarządzanie usługami chmurowymi w organizacji"" do Zintegrowanego Systemu Kwalifikacji",2025-11-18,2025-11-18,2025-11-19T11:03:18,2dc6de6e3d8c47f578f8cc346959401359128e0bb62000b799d7feadf2d7b379,6,1488,0,0,0,ok,,eli2md 0.6.3,2026-09-29T23:24:45Z
MP/2025/1159,2025,1159,Obwieszczenie,"Obwieszczenie Ministra Finansów i Gospodarki z dnia 16 października 2025 r. w sprawie włączenia kwalifikacji wolnorynkowej ""Projektowanie i optymalizacja procesów technologicznych w przemyśle chemicznym przy użyciu symulatorów procesowych"" do Zintegrowanego Systemu Kwalifikacji",2025-10-16,2025-11-18,2025-11-19T11:03:18,033b40190b82677619a9ff9873c01e36f53e7a30291c31ff50de7fce104274d9,6,1922,0,0,0,ok,,eli2md 0.6.3,2026-09-29T23:24:45Z
MP/2025/1160,2025,1160,Uchwała,Uchwała Sejmu Rzeczypospolitej Polskiej z dnia 7 listopada 2025 r. w sprawie wyrażenia przez Sejm Rzeczypospolitej Polskiej zgody na pociągnięcie do odpowiedzialności karnej posła Zbigniewa Ziobry za czyn określony w punkcie pierwszym wniosku z dnia 28 października 2025 r. przedłożonego przez Kierownika Zespołu Śledczego Nr 2 Prokuratury Krajowej,2025-11-07,2025-11-19,2025-11-20T10:43:38,4e2ac05019a7596837eb242a3b5014282549787187ffdfb90a1a8f73e14acef0,1,119,0,0,0,ok,,eli2md 0.6.3,2026-09-29T23:24:45Z
MP/2025/1161,2025,1161,Uchwała,Uchwała Sejmu Rzeczypospolitej Polskiej z dnia 7 listopada 2025 r. w sprawie wyrażenia przez Sejm Rzeczypospolitej Polskiej zgody na pociągnięcie do odpowiedzialności karnej posła Zbigniewa Ziobry za czyn określony w punkcie drugim wniosku z dnia 28 października 2025 r. przedłożonego przez Kierownika Zespołu Śledczego Nr 2 Prokuratury Krajowej,2025-11-07,2025-11-19,2025-11-20T10:43:38,2a825a99104ffd0faa9762fdf4876b6fa135ce4b0fdf8cf5302975ba3323fa00,1,119,0,0,0,ok,,eli2md 0.6.3,2026-09-29T23:24:45Z
MP/2025/1162,2025,1162,Uchwała,Uchwała Sejmu Rzeczypospolitej Polskiej z dnia 7 listopada 2025 r. w sprawie wyrażenia przez Sejm Rzeczypospolitej Polskiej zgody na pociągnięcie do odpowiedzialności karnej posła Zbigniewa Ziobry za czyn określony w punkcie trzecim wniosku z dnia 28 października 2025 r. przedłożonego przez Kierownika Zespołu Śledczego Nr 2 Prokuratury Krajowej,2025-11-07,2025-11-19,2025-11-20T10:43:38,070e1c6968a7bdf586961b8af2c6608f486feb0f69db31b8e777492f397a8978,1,119,0,0,0,ok,,eli2md 0.6.3,2026-09-29T23:24:45Z
MP/2025/1163,2025,1163,Uchwała,Uchwała Sejmu Rzeczypospolitej Polskiej z dnia 7 listopada 2025 r. w sprawie wyrażenia przez Sejm Rzeczypospolitej Polskiej zgody na pociągnięcie do odpowiedzialności karnej posła Zbigniewa Ziobry za czyn określony w punkcie czwartym wniosku z dnia 28 października 2025 r. przedłożonego przez Kierownika Zespołu Śledczego Nr 2 Prokuratury Krajowej,2025-11-07,2025-11-19,2025-11-20T10:43:38,03c005af175ea1ff5f7f04e6db45a41baa7e3823db8a47e8278659b7497d1943,1,119,0,0,0,ok,,eli2md 0.6.3,2026-09-29T23:24:45Z
MP/2025/1164,2025,1164,Uchwała,Uchwała Sejmu Rzeczypospolitej Polskiej z dnia 7 listopada 2025 r. w sprawie wyrażenia przez Sejm Rzeczypospolitej Polskiej zgody na pociągnięcie do odpowiedzialności karnej posła Zbigniewa Ziobry za czyn określony w punkcie piątym wniosku z dnia 28 października 2025 r. przedłożonego przez Kierownika Zespołu Śledczego Nr 2 Prokuratury Krajowej,2025-11-07,2025-11-19,2025-11-20T10:43:38,162247847a02f5b1f03965d1a1cda332f1cf8994aa13ec0d21c0ffaf46160ddb,1,119,0,0,0,ok,,eli2md 0.6.3,2026-09-29T23:24:45Z
MP/2025/1165,2025,1165,Uchwała,Uchwała Sejmu Rzeczypospolitej Polskiej z dnia 7 listopada 2025 r. w sprawie wyrażenia przez Sejm Rzeczypospolitej Polskiej zgody na pociągnięcie do odpowiedzialności karnej posła Zbigniewa Ziobry za czyn określony w punkcie szóstym wniosku z dnia 28 października 2025 r. przedłożonego przez Kierownika Zespołu Śledczego Nr 2 Prokuratury Krajowej,2025-11-07,2025-11-19,2025-11-20T10:43:38,5d13207ff525a11a104ff5c6d40a02a5c0b56492a9134af5696687d2b33dc174,1,119,0,0,0,ok,,eli2md 0.6.3,2026-09-29T23:24:45Z
MP/2025/1166,2025,1166,Uchwała,Uchwała Sejmu Rzeczypospolitej Polskiej z dnia 7 listopada 2025 r. w sprawie wyrażenia przez Sejm Rzeczypospolitej Polskiej zgody na pociągnięcie do odpowiedzialności karnej posła Zbigniewa Ziobry za czyn określony w punkcie siódmym wniosku z dnia 28 października 2025 r. przedłożonego przez Kierownika Zespołu Śledczego Nr 2 Prokuratury Krajowej,2025-11-07,2025-11-19,2025-11-20T10:43:38,6d2b0d2fe4b5f86019ad3781bc1c2b2a86ec9bc73c5f98b3a9a361a3c722d65a,1,119,0,0,0,ok,,eli2md 0.6.3,2026-09-29T23:24:45Z
MP/2025/1167,2025,1167,Uchwała,Uchwała Sejmu Rzeczypospolitej Polskiej z dnia 7 listopada 2025 r. w sprawie wyrażenia przez Sejm Rzeczypospolitej Polskiej zgody na pociągnięcie do odpowiedzialności karnej posła Zbigniewa Ziobry za czyn określony w punkcie ósmym wniosku z dnia 28 października 2025 r. przedłożonego przez Kierownika Zespołu Śledczego Nr 2 Prokuratury Krajowej,2025-11-07,2025-11-19,2025-11-20T10:43:38,2d3e0b874be03165258c7bd0ca8d091ed77073e570ff328e3dfcc18d9f37a0fb,1,119,0,0,0,ok,,eli2md 0.6.3,2026-09-29T23:24:45Z
MP/2025/1168,2025,1168,Uchwała,Uchwała Sejmu Rzeczypospolitej Polskiej z dnia 7 listopada 2025 r. w sprawie wyrażenia przez Sejm Rzeczypospolitej Polskiej zgody na pociągnięcie do odpowiedzialności karnej posła Zbigniewa Ziobry za czyn określony w punkcie dziewiątym wniosku z dnia 28 października 2025 r. przedłożonego przez Kierownika Zespołu Śledczego Nr 2 Prokuratury Krajowej,2025-11-07,2025-11-19,2025-11-20T10:43:38,2ca88aef6abe1e9e356d38a2836176946feca54a0188632f35a62d5bef64ca4a,1,119,0,0,0,ok,,eli2md 0.6.3,2026-09-29T23:24:45Z
MP/2025/1169,2025,1169,Uchwała,Uchwała Sejmu Rzeczypospolitej Polskiej z dnia 7 listopada 2025 r. w sprawie wyrażenia przez Sejm Rzeczypospolitej Polskiej zgody na pociągnięcie do odpowiedzialności karnej posła Zbigniewa Ziobry za czyn określony w punkcie dziesiątym wniosku z dnia 28 października 2025 r. przedłożonego przez Kierownika Zespołu Śledczego Nr 2 Prokuratury Krajowej,2025-11-07,2025-11-19,2025-11-20T10:43:38,95bb85f02eb7d6e75f9b88b749d608cb91cbc25cf90ecd45bb9f13d8f6ef5be2,1,119,0,0,0,ok,,eli2md 0.6.3,2026-09-29T23:24:45Z
MP/2025/1170,2025,1170,Uchwała,Uchwała Sejmu Rzeczypospolitej Polskiej z dnia 7 listopada 2025 r. w sprawie wyrażenia przez Sejm Rzeczypospolitej Polskiej zgody na pociągnięcie do odpowiedzialności karnej posła Zbigniewa Ziobry za czyn określony w punkcie jedenastym wniosku z dnia 28 października 2025 r. przedłożonego przez Kierownika Zespołu Śledczego Nr 2 Prokuratury Krajowej,2025-11-07,2025-11-19,2025-11-20T10:43:38,9b33fb8e0c47743cacf09c1bb3d19f6b8c85460766cdbebef4ce5cccfc5f6f51,1,119,0,0,0,ok,,eli2md 0.6.3,2026-09-29T23:24:45Z
MP/2025/1171,2025,1171,Uchwała,Uchwała Sejmu Rzeczypospolitej Polskiej z dnia 7 listopada 2025 r. w sprawie wyrażenia przez Sejm Rzeczypospolitej Polskiej zgody na pociągnięcie do odpowiedzialności karnej posła Zbigniewa Ziobry za czyn określony w punkcie dwunastym wniosku z dnia 28 października 2025 r. przedłożonego przez Kierownika Zespołu Śledczego Nr 2 Prokuratury Krajowej,2025-11-07,2025-11-19,2025-11-20T10:43:38,959c441057a925407812fa97ff23ebe389d0be97274e7f9deec69f39377a2011,1,119,0,0,0,ok,,eli2md 0.6.3,2026-09-29T23:24:45Z
MP/2025/1172,2025,1172,Uchwała,Uchwała Sejmu Rzeczypospolitej Polskiej z dnia 7 listopada 2025 r. w sprawie wyrażenia przez Sejm Rzeczypospolitej Polskiej zgody na pociągnięcie do odpowiedzialności karnej posła Zbigniewa Ziobry za czyn określony w punkcie trzynastym wniosku z dnia 28 października 2025 r. przedłożonego przez Kierownika Zespołu Śledczego Nr 2 Prokuratury Krajowej,2025-11-07,2025-11-19,2025-11-20T10:43:38,434fcbf460dec2c82c6ec191d84832c6b8b3f1d6dbb2565aac3d97b95f8ef54e,1,119,0,0,0,ok,,eli2md 0.6.3,2026-09-29T23:24:45Z
MP/2025/1173,2025,1173,Uchwała,Uchwała Sejmu Rzeczypospolitej Polskiej z dnia 7 listopada 2025 r. w sprawie wyrażenia przez Sejm Rzeczypospolitej Polskiej zgody na pociągnięcie do odpowiedzialności karnej posła Zbigniewa Ziobry za czyn określony w punkcie czternastym wniosku z dnia 28 października 2025 r. przedłożonego przez Kierownika Zespołu Śledczego Nr 2 Prokuratury Krajowej,2025-11-07,2025-11-19,2025-11-20T10:43:38,f8f7d634843d74d03330469812987c60335af145e17fc808eec162777cf287c7,1,119,0,0,0,ok,,eli2md 0.6.3,2026-09-29T23:24:45Z
MP/2025/1174,2025,1174,Uchwała,Uchwała Sejmu Rzeczypospolitej Polskiej z dnia 7 listopada 2025 r. w sprawie wyrażenia przez Sejm Rzeczypospolitej Polskiej zgody na pociągnięcie do odpowiedzialności karnej posła Zbigniewa Ziobry za czyn określony w punkcie piętnastym wniosku z dnia 28 października 2025 r. przedłożonego przez Kierownika Zespołu Śledczego Nr 2 Prokuratury Krajowej,2025-11-07,2025-11-19,2025-11-20T10:43:38,a57618445506e2ba1fdd818a48e27c7f8c46c039acfb0df9fe087701112c6bfa,1,119,0,0,0,ok,,eli2md 0.6.3,2026-09-29T23:24:45Z
MP/2025/1175,2025,1175,Uchwała,Uchwała Sejmu Rzeczypospolitej Polskiej z dnia 7 listopada 2025 r. w sprawie wyrażenia przez Sejm Rzeczypospolitej Polskiej zgody na pociągnięcie do odpowiedzialności karnej posła Zbigniewa Ziobry za czyn określony w punkcie szesnastym wniosku z dnia 28 października 2025 r. przedłożonego przez Kierownika Zespołu Śledczego Nr 2 Prokuratury Krajowej,2025-11-07,2025-11-19,2025-11-20T10:43:38,39a0c62ff29e1e129cd8745d880b0fa57f42fdcc2206b3081b400b7af293a02e,1,119,0,0,0,ok,,eli2md 0.6.3,2026-09-29T23:24:45Z
MP/2025/1176,2025,1176,Uchwała,Uchwała Sejmu Rzeczypospolitej Polskiej z dnia 7 listopada 2025 r. w sprawie wyrażenia przez Sejm Rzeczypospolitej Polskiej zgody na pociągnięcie do odpowiedzialności karnej posła Zbigniewa Ziobry za czyn określony w punkcie siedemnastym wniosku z dnia 28 października 2025 r. przedłożonego przez Kierownika Zespołu Śledczego Nr 2 Prokuratury Krajowej,2025-11-07,2025-11-19,2025-11-20T10:43:38,4d61e371984b56aeeb4e5b08663bf3b69d5ab2f2e66a1fe1aec106301a802cd9,1,119,0,0,0,ok,,eli2md 0.6.3,2026-09-29T23:24:45Z
MP/2025/1177,2025,1177,Uchwała,Uchwała Sejmu Rzeczypospolitej Polskiej z dnia 7 listopada 2025 r. w sprawie wyrażenia przez Sejm Rzeczypospolitej Polskiej zgody na pociągnięcie do odpowiedzialności karnej posła Zbigniewa Ziobry za czyn określony w punkcie osiemnastym wniosku z dnia 28 października 2025 r. przedłożonego przez Kierownika Zespołu Śledczego Nr 2 Prokuratury Krajowej,2025-11-07,2025-11-19,2025-11-20T10:43:38,998d999a45577f3ce6dde3cd69300cb661ed7894794b4d0e4007d1bea0b07780,1,119,0,0,0,ok,,eli2md 0.6.3,2026-09-29T23:24:45Z
MP/2025/1178,2025,1178,Uchwała,Uchwała Sejmu Rzeczypospolitej Polskiej z dnia 7 listopada 2025 r. w sprawie wyrażenia przez Sejm Rzeczypospolitej Polskiej zgody na pociągnięcie do odpowiedzialności karnej posła Zbigniewa Ziobry za czyn określony w punkcie dziewiętnastym wniosku z dnia 28 października 2025 r. przedłożonego przez Kierownika Zespołu Śledczego Nr 2 Prokuratury Krajowej,2025-11-07,2025-11-19,2025-11-20T10:43:39,56e22be9c1745844a107f135a5a631b8ca9abc6be23133693cb68422e62e5357,1,119,0,0,0,ok,,eli2md 0.6.3,2026-09-29T23:24:45Z
MP/2025/1179,2025,1179,Uchwała,Uchwała Sejmu Rzeczypospolitej Polskiej z dnia 7 listopada 2025 r. w sprawie wyrażenia przez Sejm Rzeczypospolitej Polskiej zgody na pociągnięcie do odpowiedzialności karnej posła Zbigniewa Ziobry za czyn określony w punkcie dwudziestym wniosku z dnia 28 października 2025 r. przedłożonego przez Kierownika Zespołu Śledczego Nr 2 Prokuratury Krajowej,2025-11-07,2025-11-19,2025-11-20T10:43:39,b0df74356c510d8076e6986afc3c19e6b9482eef87f83a8cba60da26c1ad3b3a,1,119,0,0,0,ok,,eli2md 0.6.3,2026-09-29T23:24:45Z
MP/2025/1180,2025,1180,Uchwała,Uchwała Sejmu Rzeczypospolitej Polskiej z dnia 7 listopada 2025 r. w sprawie wyrażenia przez Sejm Rzeczypospolitej Polskiej zgody na pociągnięcie do odpowiedzialności karnej posła Zbigniewa Ziobry za czyn określony w punkcie dwudziestym pierwszym wniosku z dnia 28 października 2025 r. przedłożonego przez Kierownika Zespołu Śledczego Nr 2 Prokuratury Krajowej,2025-11-07,2025-11-19,2025-11-20T10:43:39,b56513482ec8914ca28f0e7ff5c84ce97b183d00c33f1c3e29d3ed54e76794b9,1,121,0,0,0,ok,,eli2md 0.6.3,2026-09-29T23:24:45Z
MP/2025/1181,2025,1181,Uchwała,Uchwała Sejmu Rzeczypospolitej Polskiej z dnia 7 listopada 2025 r. w sprawie wyrażenia przez Sejm Rzeczypospolitej Polskiej zgody na pociągnięcie do odpowiedzialności karnej posła Zbigniewa Ziobry za czyn określony w punkcie dwudziestym drugim wniosku z dnia 28 października 2025 r. przedłożonego przez Kierownika Zespołu Śledczego Nr 2 Prokuratury Krajowej,2025-11-07,2025-11-19,2025-11-20T10:43:39,965bd3eb442171c06fae74070c4e8a74ea5924fdd76dcd114e85147ad510dc69,1,121,0,0,0,ok,,eli2md 0.6.3,2026-09-29T23:24:45Z
MP/2025/1182,2025,1182,Uchwała,Uchwała Sejmu Rzeczypospolitej Polskiej z dnia 7 listopada 2025 r. w sprawie wyrażenia przez Sejm Rzeczypospolitej Polskiej zgody na pociągnięcie do odpowiedzialności karnej posła Zbigniewa Ziobry za czyn określony w punkcie dwudziestym trzecim wniosku z dnia 28 października 2025 r. przedłożonego przez Kierownika Zespołu Śledczego Nr 2 Prokuratury Krajowej,2025-11-07,2025-11-19,2025-11-20T10:43:39,a1ce2e785b075bb0db9c4f5bded9edbd519ffe378176648b2002990028f17899,1,121,0,0,0,ok,,eli2md 0.6.3,2026-09-29T23:24:45Z
MP/2025/1183,2025,1183,Uchwała,Uchwała Sejmu Rzeczypospolitej Polskiej z dnia 7 listopada 2025 r. w sprawie wyrażenia przez Sejm Rzeczypospolitej Polskiej zgody na pociągnięcie do odpowiedzialności karnej posła Zbigniewa Ziobry za czyn określony w punkcie dwudziestym czwartym wniosku z dnia 28 października 2025 r. przedłożonego przez Kierownika Zespołu Śledczego Nr 2 Prokuratury Krajowej,2025-11-07,2025-11-19,2025-11-20T10:43:39,c532be45c3d4590edd72b28124786a4961f356bd9342c2b2e3bfd2b40281bbd0,1,121,0,0,0,ok,,eli2md 0.6.3,2026-09-29T23:24:45Z
MP/2025/1184,2025,1184,Uchwała,Uchwała Sejmu Rzeczypospolitej Polskiej z dnia 7 listopada 2025 r. w sprawie wyrażenia przez Sejm Rzeczypospolitej Polskiej zgody na pociągnięcie do odpowiedzialności karnej posła Zbigniewa Ziobry za czyn określony w punkcie dwudziestym piątym wniosku z dnia 28 października 2025 r. przedłożonego przez Kierownika Zespołu Śledczego Nr 2 Prokuratury Krajowej,2025-11-07,2025-11-19,2025-11-20T10:43:39,dacf2e73fc46782611d6f4350a304a65926a7eec97fc9ae25eddaa8674064d2d,1,121,0,0,0,ok,,eli2md 0.6.3,2026-09-29T23:24:45Z
MP/2025/1185,2025,1185,Uchwała,Uchwała Sejmu Rzeczypospolitej Polskiej z dnia 7 listopada 2025 r. w sprawie wyrażenia przez Sejm Rzeczypospolitej Polskiej zgody na pociągnięcie do odpowiedzialności karnej posła Zbigniewa Ziobry za czyn określony w punkcie dwudziestym szóstym wniosku z dnia 28 października 2025 r. przedłożonego przez Kierownika Zespołu Śledczego Nr 2 Prokuratury Krajowej,2025-11-07,2025-11-19,2025-11-20T10:43:39,7e4a38e6e85b35eedeb823b8ac9f07b73795f94b5ad00b8b1df79f0a20e0e24a,1,121,0,0,0,ok,,eli2md 0.6.3,2026-09-29T23:24:45Z
MP/2025/1186,2025,1186,Uchwała,Uchwała Sejmu Rzeczypospolitej Polskiej z dnia 7 listopada 2025 r. w sprawie wyrażenia przez Sejm Rzeczypospolitej Polskiej zgody na zatrzymanie i tymczasowe aresztowanie posła Zbigniewa Ziobry,2025-11-07,2025-11-19,2025-11-20T10:43:39,89bcc7903ce4c613723608889e6f9176e318844838a26ecffa82f7ae9478ecee,1,95,0,0,0,ok,,eli2md 0.6.3,2026-09-29T23:24:45Z
MP/2025/1187,2025,1187,Uchwała,Uchwała Sejmu Rzeczypospolitej Polskiej z dnia 7 listopada 2025 r. w sprawie wyrażenia zgody na przedłużenie okresu obowiązywania czasowego ograniczenia prawa do złożenia wniosku o udzielenie ochrony międzynarodowej na granicy państwowej z Republiką Białorusi,2025-11-07,2025-11-19,2025-11-20T10:43:39,6be6f369a9b04e24107099a622ef39dd22c1dc347d703ae3f31b9ecced163d08,1,217,0,0,0,ok,,eli2md 0.6.3,2026-09-29T23:24:45Z
MP/2025/1188,2025,1188,Postanowienie,Postanowienie Prezydenta Rzeczypospolitej Polskiej z dnia 20 listopada 2025 r. o użyciu oddziałów i pododdziałów Sił Zbrojnych Rzeczypospolitej Polskiej do pomocy oddziałom i pododdziałom Policji,2025-11-20,2025-11-20,2025-11-21T10:05:45,d736724d83ca9460237df0b4603c3880e087dfdb9d3437115f2b9e08e96b5f9b,1,124,0,0,0,ok,,eli2md 0.6.3,2026-09-29T23:24:45Z
MP/2025/1189,2025,1189,Uchwała,Uchwała Sejmu Rzeczypospolitej Polskiej z dnia 18 listopada 2025 r. w sprawie wyboru Marszałka Sejmu,2025-11-18,2025-11-21,2025-11-24T11:38:26,a9c0da6cc64a4d323f9cebb19bb71f4e2321fa62071aa5b26999f097d1b1e185,1,48,0,0,0,ok,,eli2md 0.6.3,2026-09-29T23:24:45Z
MP/2025/1190,2025,1190,Uchwała,Uchwała Sejmu Rzeczypospolitej Polskiej z dnia 18 listopada 2025 r. w sprawie wyboru Marszałka Sejmu,2025-11-18,2025-11-21,2026-09-29T10:12:14,40543e30052354a559d7937ea84935fc016312579b2bc007044b3f83bfed459e,1,55,0,0,0,ok,,eli2md 0.6.3,2026-09-29T23:24:45Z
MP/2025/1191,2025,1191,Obwieszczenie,Obwieszczenie Ministra Sprawiedliwości z dnia 18 listopada 2025 r. w sprawie wysokości odsetek ustawowych,2025-11-18,2025-11-21,2025-11-24T11:38:26,65d9e1a1e7ba8c24a3f01a1e89fd3e98b4c9ff0475301977d93cd9f87d67748e,1,62,0,0,0,ok,,eli2md 0.6.3,2026-09-29T23:24:45Z
MP/2025/1192,2025,1192,Obwieszczenie,Obwieszczenie Ministra Sprawiedliwości z dnia 18 listopada 2025 r. w sprawie wysokości odsetek ustawowych za opóźnienie,2025-11-18,2025-11-21,2025-11-24T11:38:26,ee8622c768465b910f75a81459c5c0c83637e8914556d12823669dac7f8a5396,1,66,0,0,0,ok,,eli2md 0.6.3,2026-09-29T23:24:45Z
MP/2025/1193,2025,1193,Obwieszczenie,Obwieszczenie Ministra Finansów i Gospodarki z dnia 13 listopada 2025 r. w sprawie wysokości opłaty za rozpatrzenie wniosku o wpis na listę firm audytorskich w roku 2026,2025-11-13,2025-11-21,2025-11-24T11:38:26,5b2e27fe048ee955b7567dbb41710606bf323a99d3ed895fe633a9c9fa973683,1,83,0,0,0,ok,,eli2md 0.6.3,2026-09-29T23:24:45Z
MP/2025/1194,2025,1194,Postanowienie,"Postanowienie Prezydenta Rzeczypospolitej Polskiej z dnia 13 sierpnia 2025 r. nr 112.62.2025 w sprawie mianowania na stopnie oficerskie generała broni, generała dywizji oraz generała brygady",2025-11-13,2025-11-21,2025-11-24T11:38:26,37e3f56a815d2a4e9e71093554c630c82ca0c4631162f1323c0846924ceb422f,1,126,0,0,0,ok,,eli2md 0.6.3,2026-09-29T23:24:45Z
MP/2025/1195,2025,1195,Komunikat,"Komunikat Prezesa Zakładu Ubezpieczeń Społecznych z dnia 18 listopada 2025 r. w sprawie wysokości wskaźnika kwartalnej waloryzacji składek na ubezpieczenie emerytalne, środków, odsetek za zwłokę i opłaty prolongacyjnej, zewidencjonowanych na subkoncie, za III kwartał 2025 r.",2025-11-18,2025-11-21,2025-11-24T11:38:26,548424c75cc0be60fa2b58791c13b566dc7dfd52a6e7ae52c8d8f453470a77e3,1,97,0,0,0,ok,,eli2md 0.6.3,2026-09-29T23:24:45Z
MP/2025/1196,2025,1196,Komunikat,Komunikat Prezesa Zakładu Ubezpieczeń Społecznych z dnia 18 listopada 2025 r. w sprawie kwot przychodu odpowiadających 70 % i 130 % przeciętnego miesięcznego wynagrodzenia ogłoszonego za III kwartał 2025 r. stosowanych przy zmniejszaniu albo zawieszaniu emerytur i rent,2025-11-18,2025-11-21,2025-11-24T11:38:26,46eaf7117dcd791348675e01a5d9dbe15daacc56bf0b69470873c2895bc4c2dc,1,128,0,0,0,ok,,eli2md 0.6.3,2026-09-29T23:24:45Z
MP/2025/1197,2025,1197,Uchwała,"Uchwała nr 154 Rady Ministrów z dnia 12 listopada 2025 r. w sprawie ustanowienia programu inwestycyjnego pod nazwą ""Rozwój Szpitala Wojewódzkiego im. Św. Łukasza Samodzielnego Publicznego Zakładu Opieki Zdrowotnej w Tarnowie poprzez utworzenie Ośrodka Zdrowia Psychicznego dla dzieci i młodzieży wraz z ogrodem terapeutycznym""",2025-11-12,2025-11-21,2026-02-09T10:01:26,def44571e461adf3c9bf9244c6d3fe3ce0e4d61c4e44126e523be26feb396ea3,11,3248,0,0,0,ok,,eli2md 0.6.3,2026-09-29T23:24:45Z
MP/2025/1198,2025,1198,Komunikat,Komunikat Prezesa Zakładu Ubezpieczeń Społecznych z dnia 18 listopada 2025 r. w sprawie granicznych kwot przychodu dla 2025 r. stosowanych przy zawieszaniu albo zmniejszaniu emerytur i rent,2025-11-18,2025-11-21,2025-11-24T11:38:26,81591affa2ea82b93d7d24a7813d47217ba3b75904bdd8d236332e50cd7249ea,1,266,0,0,0,ok,,eli2md 0.6.3,2026-09-29T23:24:45Z
MP/2025/1199,2025,1199,Komunikat,"Komunikat Ministra Rolnictwa i Rozwoju Wsi z dnia 19 listopada 2025 r. w sprawie zmienionych wytycznych szczegółowych w zakresie przyznawania, wypłaty i zwrotu pomocy finansowej w ramach Planu Strategicznego dla Wspólnej Polityki Rolnej na lata 2023-2027 dla interwencji I.10.1.1 Inwestycje w gospodarstwach rolnych zwiększające konkurencyjność (dotacje)",2025-11-19,2025-11-21,2025-11-24T11:38:27,3ca645b326b701c3084ece6c7c2148cc0b6d2717050093125de3993cde82a6a9,1,181,0,0,0,ok,,eli2md 0.6.3,2026-09-29T23:24:45Z
MP/2025/1200,2025,1200,Obwieszczenie,Obwieszczenie Ministra Finansów i Gospodarki z dnia 18 listopada 2025 r. w sprawie wysokości stawki procentowej opłat z tytułu nadzoru wnoszonych przez firmy audytorskie w związku z wykonywaniem usług atestacyjnych oraz usług pokrewnych zgodnie z krajowymi standardami wykonywania zawodu na rok 2026,2025-11-18,2025-11-21,2025-11-24T11:38:27,3088964779dea820c2c684baad699b3f04d6166968ecd90693f923cd5b331529,1,103,0,0,0,ok,,eli2md 0.6.3,2026-09-29T23:24:45Z
MP/2025/1201,2025,1201,Obwieszczenie,Obwieszczenie Prezesa Głównego Urzędu Statystycznego z dnia 19 listopada 2025 r. w sprawie przeciętnego miesięcznego wynagrodzenia brutto w gospodarce narodowej w województwach w 2024 r.,2025-11-19,2025-11-21,2025-11-24T11:38:27,41f6f2c4980f75958d4784c43ce111f6e4692bfb73f220cf24de1ca7f3da4673,2,164,0,0,0,ok,,eli2md 0.6.3,2026-09-29T23:24:45Z
MP/2025/1202,2025,1202,Obwieszczenie,"Obwieszczenie Ministra Rodziny, Pracy i Polityki Społecznej z dnia 17 listopada 2025 r. w sprawie wysokości kwoty wpłat dokonywanych na indywidualne konto emerytalne w roku 2026",2025-11-17,2025-11-24,2025-11-25T10:37:57,8c83aad82eed52f2e9214c7300f8922f9c16ec00a90fefb737ca39589ef2b1f6,1,87,0,0,0,ok,,eli2md 0.6.3,2026-09-29T23:24:45Z
MP/2025/1203,2025,1203,Zarządzenie,Zarządzenie nr 67 Prezesa Rady Ministrów z dnia 18 listopada 2025 r. zmieniające zarządzenie w sprawie nadania statutu Ministerstwu Sprawiedliwości,2025-11-18,2025-11-24,2025-11-25T10:37:57,b887e116e74898aaa70c51262ce17fbdcf10c08a2c39d6cc51eb4a4d16a82400,1,105,0,0,0,ok,,eli2md 0.6.3,2026-09-29T23:24:45Z
MP/2025/1204,2025,1204,Zarządzenie,Zarządzenie nr 50 Prezesa Rady Ministrów z dnia 19 listopada 2025 r. zmieniające zarządzenie w sprawie powołania Komisji do spraw wyjaśnienia mechanizmów represji wobec organizacji społeczeństwa obywatelskiego oraz działaczy społecznych w latach 2015-2023,2025-11-19,2025-11-25,2026-08-10T09:17:29,5227138e9629a16e0d7c15b5658e10398511ab1eb1f6b1d03eb1968e55207915,1,372,0,0,0,ok,,eli2md 0.6.3,2026-09-29T23:24:45Z
MP/2025/1205,2025,1205,Obwieszczenie,Obwieszczenie Prezesa Zakładu Ubezpieczeń Społecznych z dnia 18 listopada 2025 r. w sprawie wskaźnika waloryzacji podstawy wymiaru zasiłku chorobowego przyjętej do obliczenia świadczenia rehabilitacyjnego w I kwartale 2026 r.,2025-11-18,2025-11-25,2025-11-26T10:43:04,525e9afdb738e2e38da7f1b2d9fce20265feb1f86f868abd0b407bb9c554717f,1,124,0,0,0,ok,,eli2md 0.6.3,2026-09-29T23:24:45Z
MP/2025/1206,2025,1206,Obwieszczenie,"Obwieszczenie Ministra Rodziny, Pracy i Polityki Społecznej z dnia 19 listopada 2025 r. w sprawie kwoty ograniczenia rocznej podstawy wymiaru składek na ubezpieczenia emerytalne i rentowe w roku 2026 oraz przyjętej do jej ustalenia kwoty prognozowanego przeciętnego wynagrodzenia",2025-11-19,2025-11-25,2025-11-26T10:43:04,19e15bb7fc66266307cc5a5efbefd7ad2700b3a023e91a8e8e0c70cafb57f37d,1,106,0,0,0,ok,,eli2md 0.6.3,2026-09-29T23:24:45Z
MP/2025/1207,2025,1207,Komunikat,"Komunikat Ministra Rolnictwa i Rozwoju Wsi z dnia 21 listopada 2025 r. w sprawie wytycznych szczegółowych w zakresie przyznawania, wypłaty i zwrotu pomocy finansowej w ramach Planu Strategicznego dla Wspólnej Polityki Rolnej na lata 2023-2027 dla interwencji I.14.3 Doskonalenie zawodowe kadr doradczych - moduł 4 Mentoring dla młodych doradców rolniczych",2025-11-21,2025-11-25,2025-11-26T10:43:04,c7970685bae0f6244dc837be46ba5b9397ba30f66f668277929597bf538e5ada,1,189,0,0,0,ok,,eli2md 0.6.3,2026-09-29T23:24:45Z
MP/2025/1208,2025,1208,Obwieszczenie,"Obwieszczenie Ministra Finansów i Gospodarki z dnia 22 listopada 2025 r. w sprawie stawki odsetek za zwłokę od zaległości podatkowych, obniżonej stawki odsetek za zwłokę od zaległości podatkowych oraz podwyższonej stawki odsetek za zwłokę od zaległości podatkowych",2025-11-22,2025-11-26,2025-11-27T11:15:59,8dc1e4438e73b8f95c9703a2e1e4a85f2f11d0a721e389cf000cfa1c0c1e0490,1,120,0,0,0,ok,,eli2md 0.6.3,2026-09-29T23:24:45Z
MP/2025/1209,2025,1209,Obwieszczenie,"Obwieszczenie Ministra Finansów i Gospodarki z dnia 17 listopada 2025 r. w sprawie stawek karty podatkowej i kwoty, do której można wykonywać świadczenia przy prowadzeniu niektórych usług, z wyjątkiem świadczeń dla ludności, oraz kwartalnych stawek ryczałtu od przychodów proboszczów i wikariuszy, obowiązujących w 2026 r.",2025-11-17,2025-11-27,2025-11-28T10:35:10,08a2b5fa97520a98c89a369a9a679aabd79ebfe12397eca1d2d2acbd851adfc6,30,6222,0,0,0,ok,,eli2md 0.6.3,2026-09-29T23:24:45Z
MP/2025/1210,2025,1210,Zarządzenie,"Zarządzenie nr 27/2025 Prezesa Narodowego Banku Polskiego z dnia 18 listopada 2025 r. w sprawie ustalenia wzoru, próby, masy i wielkości emisji monety o wartości nominalnej 50 zł, z serii ""Skarby sztuki medalierskiej"" - Michał Ossowski",2025-11-18,2025-11-27,2025-11-28T10:35:10,bdd51b064cec56c04d904171bd3b684b98f6c31cdf3a8747db145e70e1ec183e,2,198,0,0,0,ok,,eli2md 0.6.3,2026-09-29T23:24:45Z
MP/2025/1211,2025,1211,Obwieszczenie,"Obwieszczenie Ministra Energii z dnia 25 listopada 2025 r. w sprawie ogłoszenia roku, w którym wygaśnie obowiązek uiszczania opłaty przejściowej",2025-11-25,2025-11-27,2025-11-28T10:35:10,52741750c8ea8aa8c210b7fe8ee11979018c716f704ef7b9555232eb608353fd,1,74,0,0,0,ok,,eli2md 0.6.3,2026-09-29T23:24:45Z
MP/2025/1212,2025,1212,Uchwała,"Uchwała nr 158 Rady Ministrów z dnia 25 listopada 2025 r. uchylająca uchwałę w sprawie przyjęcia rządowego programu rozwoju najmu społecznego oraz mieszkalnictwa wspomaganego pod nazwą ""Mieszkanie, praca, społeczność"" na lata 2024-2030",2025-11-25,2025-12-01,2025-12-02T10:55:16,70ebced6ac52a775036cfa0d5185bad3ea167bd6d24f8604bdd82c5cc7f502a9,1,116,0,0,0,ok,,eli2md 0.6.3,2026-09-29T23:24:45Z
MP/2025/1213,2025,1213,Obwieszczenie,"Obwieszczenie Ministra Finansów i Gospodarki z dnia 17 listopada 2025 r. w sprawie określenia wysokości kwot rekompensat wypłacanych osobom, które wniosły przedpłaty na zakup samochodów osobowych marki Fiat 126p lub FSO 1500, na I kwartał 2026 r.",2025-11-17,2025-12-01,2026-03-06T09:25:39,4253c3a3a5c852a24cbf522d2b57744248974a30dd9fec7e5ada43f24fffb0d7,1,130,0,0,0,ok,,eli2md 0.6.3,2026-09-29T23:24:45Z
MP/2025/1214,2025,1214,Uchwała,Uchwała Senatu Rzeczypospolitej Polskiej z dnia 26 listopada 2025 r. w 170. rocznicę śmierci Adama Mickiewicza,2025-11-26,2025-12-02,2026-05-12T09:01:27,679c9e1edf38ab44dd7dbefd2ec3006e599b44b10b8b7c002256f2b7b3a02674,1,301,0,0,0,ok,,eli2md 0.6.3,2026-09-29T23:24:45Z
MP/2025/1215,2025,1215,Uchwała,Uchwała Senatu Rzeczypospolitej Polskiej z dnia 26 listopada 2025 r. w 140. rocznicę urodzin Adama Chętnika,2025-11-26,2025-12-02,2026-05-12T09:01:27,23f369cffd2cf86a402da34ceb0dd39022bffcc11c4c3e0b9021643e2bbb1508,1,444,0,0,0,ok,,eli2md 0.6.3,2026-09-29T23:24:45Z
MP/2025/1216,2025,1216,Komunikat,"Komunikat Prezesa Zakładu Ubezpieczeń Społecznych z dnia 28 listopada 2025 r. w sprawie kwoty 250 % prognozowanego przeciętnego wynagrodzenia, stosowanej w okresie od dnia 1 stycznia 2026 r. do dnia 31 grudnia 2026 r. przy ustalaniu podstawy wymiaru składek na ubezpieczenie chorobowe osób, które ubezpieczeniu chorobowemu podlegają dobrowolnie",2025-11-28,2025-12-02,2025-12-03T10:44:57,5608193eccc1c831f9588e7b43235779ea771d336827a1de83130f83883e063d,1,124,0,0,0,ok,,eli2md 0.6.3,2026-09-29T23:24:45Z
MP/2025/1217,2025,1217,Komunikat,Komunikat Ministra Rolnictwa i Rozwoju Wsi z dnia 29 listopada 2025 r. w sprawie zmienionych wytycznych w zakresie zmniejszeń kwot pomocy oraz pomocy technicznej w ramach Planu Strategicznego dla Wspólnej Polityki Rolnej na lata 2023-2027 w przypadku naruszenia przepisów o zamówieniach publicznych,2025-11-29,2025-12-03,2025-12-04T11:35:29,38743d2aec13ba9553efb8f35fa5eae30bc3b4bc6b19f6f6a46210d500b3b073,1,173,0,0,0,ok,,eli2md 0.6.3,2026-09-29T23:24:45Z
MP/2025/1218,2025,1218,Umowa międzynarodowa,"Umowa między Rządem Rzeczypospolitej Polskiej a Rządem Mongolii o międzynarodowych przewozach drogowych, podpisana w Ułan Bator dnia 25 kwietnia 2023 r.",2025-04-25,2025-12-03,2025-12-04T11:35:30,f643e935e4ddfcdcbaefb163e3313319c33542c938a6c6938214e64e7d14f734,22,3915,21,1,13,ok,,eli2md 0.6.3,2026-09-29T23:24:45Z
MP/2025/1219,2025,1219,Oświadczenie rządowe,"Oświadczenie rządowe z dnia 6 listopada 2025 r. w sprawie związania Rzeczypospolitej Polskiej Umową między Rządem Rzeczypospolitej Polskiej a Rządem Mongolii o międzynarodowych przewozach drogowych, podpisaną w Ułan Bator dnia 25 kwietnia 2023 r.",2025-11-06,2025-12-03,2025-12-04T11:35:30,ccb7c74823ba2b7b7fde0641bfcf7c671dc53737f26d297f5d4702577c4d75f4,1,90,0,0,0,ok,,eli2md 0.6.3,2026-09-29T23:24:45Z
MP/2025/1220,2025,1220,Zarządzenie,Zarządzenie nr 73 Prezesa Rady Ministrów z dnia 1 grudnia 2025 r. w sprawie Międzyresortowego Zespołu do spraw Wdrażania i Monitorowania Polityki Promocji Gospodarczej Polski,2025-12-01,2025-12-03,2025-12-04T11:35:30,6934b6262cebb0843ffc36c89bf41ca04a0a8af573afe67163ecb1eea0a452af,3,1101,0,0,0,ok,,eli2md 0.6.3,2026-09-29T23:24:45Z
MP/2025/1221,2025,1221,Komunikat,Komunikat Ministra Cyfryzacji z dnia 28 listopada 2025 r. w sprawie określenia dnia udostępnienia kodu źródłowego aplikacji mObywatel,2025-11-28,2025-12-04,2025-12-05T10:54:54,e60c45720c6259f0bf47b4f713866b89404f8da9f16715241e2a0cc49cad632f,1,71,0,0,0,ok,,eli2md 0.6.3,2026-09-29T23:24:45Z
MP/2025/1222,2025,1222,Komunikat,Komunikat Ministra Rolnictwa i Rozwoju Wsi z dnia 1 grudnia 2025 r. w sprawie zmienionych wytycznych szczegółowych w zakresie przyznawania i wypłaty pomocy finansowej w ramach Planu Strategicznego dla Wspólnej Polityki Rolnej na lata 2023-2027 dla interwencji I.10.7.1 - Rozwój współpracy w ramach łańcucha wartości (dotacja) - poza gospodarstwem,2025-12-01,2025-12-04,2025-12-05T10:54:55,432777b744f376364288a75b59ca62d13f774811e7d39773ebc15e05dd3158b5,1,187,0,0,0,ok,,eli2md 0.6.3,2026-09-29T23:24:45Z
MP/2025/1223,2025,1223,Postanowienie,"Postanowienie Prezydenta Rzeczypospolitej Polskiej z dnia 8 listopada 2025 r. nr 112.85.2025 w sprawie mianowania na stopnie oficerskie generała dywizji, generała brygady oraz wiceadmirała",2025-11-08,2025-12-04,2025-12-05T11:58:47,de25890753656bfb40fb42d1bf2bb213a14cc475d7179487e44e95708127984b,1,138,0,0,0,ok,,eli2md 0.6.3,2026-09-29T23:24:45Z
MP/2025/1224,2025,1224,Postanowienie,Postanowienie Prezydenta Rzeczypospolitej Polskiej z dnia 8 listopada 2025 r. nr 112.88.2025 o mianowaniu na stopień nadinspektora Policji,2025-11-08,2025-12-04,2025-12-05T11:59:39,7942f89d4961e451c5765f3a0beded6f1ad4c095bf02fb2e9a099d8cb0f502b6,1,68,0,0,0,ok,,eli2md 0.6.3,2026-09-29T23:24:45Z
MP/2025/1225,2025,1225,Postanowienie,Postanowienie Prezydenta Rzeczypospolitej Polskiej z dnia 8 listopada 2025 r. nr 112.89.2025 o mianowaniu na stopień generała brygady Straży Granicznej,2025-11-08,2025-12-04,2025-12-05T10:54:55,9306cbf2c70606590c8e72ee37f32574282e264f573669f74adbeb1b3c5ceb6e,1,72,0,0,0,ok,,eli2md 0.6.3,2026-09-29T23:24:45Z
MP/2025/1226,2025,1226,Postanowienie,Postanowienie Prezydenta Rzeczypospolitej Polskiej z dnia 8 listopada 2025 r. nr 112.90.2025 o nadaniu stopnia nadbrygadiera Państwowej Straży Pożarnej,2025-11-08,2025-12-04,2025-12-05T10:54:55,1c6f53f9b14ddf91c54ea1e79691fcda5bb7722e341f65d406b74d1810aa5784,1,72,0,0,0,ok,,eli2md 0.6.3,2026-09-29T23:24:45Z
MP/2025/1227,2025,1227,Komunikat,"Komunikat Ministra Rolnictwa i Rozwoju Wsi z dnia 29 listopada 2025 r. w sprawie zmienionych wytycznych szczegółowych w zakresie przyznawania, wypłaty i zwrotu pomocy finansowej w ramach Planu Strategicznego dla Wspólnej Polityki Rolnej na lata 2023-2027 dla interwencji I.10.6.1 - Rozwój współpracy w ramach łańcucha wartości (dotacja) - w gospodarstwie",2025-11-29,2025-12-04,2025-12-05T10:54:55,d431a3d48f12dfa9109050ba959946e7fa3db123d611822dbced6d34342115ce,1,189,0,0,0,ok,,eli2md 0.6.3,2026-09-29T23:24:45Z
MP/2025/1228,2025,1228,Obwieszczenie,"Obwieszczenie Ministra Sportu i Turystyki z dnia 25 listopada 2025 r. w sprawie uznania dotychczasowej kwalifikacji rynkowej ""Prowadzenie instruktażu ze wspinaczki rekreacyjnej"" włączonej do Zintegrowanego Systemu Kwalifikacji za kwalifikację sektorową",2025-11-25,2025-12-05,2025-12-08T11:16:01,ebc8300c5112b67c5d81fc7d766f03c27d49ee9869daca920c9eb3c777bdc705,1,141,0,0,0,ok,,eli2md 0.6.3,2026-09-29T23:24:45Z
MP/2025/1229,2025,1229,Obwieszczenie,"Obwieszczenie Ministra Sportu i Turystyki z dnia 25 listopada 2025 r. w sprawie uznania dotychczasowej kwalifikacji rynkowej ""Planowanie i prowadzenie zajęć ze wspinaczki sportowej"" włączonej do Zintegrowanego Systemu Kwalifikacji za kwalifikację sektorową",2025-11-25,2025-12-05,2025-12-08T11:16:01,beed6db3506d9d26b219b0261961d32fd50fccffdd10dd7844af6dc1632bb530,1,147,0,0,0,ok,,eli2md 0.6.3,2026-09-29T23:24:45Z
MP/2025/1230,2025,1230,Uchwała,Uchwała Sejmu Rzeczypospolitej Polskiej z dnia 21 listopada 2025 r. w sprawie pilnej potrzeby zabezpieczenia terenu wokół Ministerstwa Obrony Narodowej,2025-11-21,2025-12-05,2025-12-08T11:16:01,c9d8265a1bee1bb009d99bc7d379a2de1967bea5351557d6fb2841fa142fdfe9,1,97,0,0,0,ok,,eli2md 0.6.3,2026-09-29T23:24:45Z
MP/2025/1231,2025,1231,Obwieszczenie,"Obwieszczenie Prezesa Kasy Rolniczego Ubezpieczenia Społecznego z dnia 2 grudnia 2025 r. w sprawie wysokości miesięcznej składki na ubezpieczenie wypadkowe, chorobowe i macierzyńskie w I kwartale 2026 r.",2025-12-02,2025-12-05,2025-12-08T11:16:01,dcf18158eaf9334080248271e2b736131c24c11cd043a4910c599c9d535a8c6a,1,86,0,0,0,ok,,eli2md 0.6.3,2026-09-29T23:24:45Z
MP/2025/1232,2025,1232,Komunikat,Komunikat Prezesa Zakładu Ubezpieczeń Społecznych z dnia 3 grudnia 2025 r. w sprawie wysokości odsetek należnych z tytułu nieprzekazania w terminie składek do otwartego funduszu emerytalnego,2025-12-03,2025-12-05,2025-12-08T11:16:01,620f78b892bfc7a23112326e0a202278497aab04111514792ecf2145b2e6dd6d,1,92,0,0,0,ok,,eli2md 0.6.3,2026-09-29T23:24:45Z
MP/2025/1233,2025,1233,Obwieszczenie,"Obwieszczenie Ministra Sportu i Turystyki z dnia 25 listopada 2025 r. w sprawie uznania dotychczasowej kwalifikacji rynkowej ""Planowanie i prowadzenie zajęć ze wspinaczki skalnej"" włączonej do Zintegrowanego Systemu Kwalifikacji za kwalifikację sektorową",2025-11-25,2025-12-05,2025-12-08T11:16:01,236812413976c8216d9dee2c0d1bc250b6f55787895e7fb5dec076ab8b06d847,1,147,0,0,0,ok,,eli2md 0.6.3,2026-09-29T23:24:45Z
MP/2025/1234,2025,1234,Komunikat,Komunikat Prezesa Państwowej Agencji Atomistyki z dnia 3 grudnia 2025 r. w sprawie sytuacji radiacyjnej kraju w III kwartale 2025 r.,2025-12-03,2025-12-05,2025-12-08T11:16:01,620d55353688c3e32c58154f4bf6f9cee6e4977da2bc4f6b1e4a883219193655,1,169,0,0,0,ok,,eli2md 0.6.3,2026-09-29T23:24:45Z
MP/2025/1235,2025,1235,Uchwała,Uchwała nr 166 Rady Ministrów z dnia 4 grudnia 2025 r. zmieniająca uchwałę w sprawie przyjęcia programu wieloletniego pn. Narodowa Strategia Onkologiczna na lata 2020-2030,2025-12-04,2025-12-05,2025-12-08T11:16:01,86f81a3cfdaa4200958b51f11d103c8453b488d6ac81c426a218ae3a0ba9d701,1,257,0,0,0,ok,,eli2md 0.6.3,2026-09-29T23:24:45Z
MP/2025/1236,2025,1236,Obwieszczenie,"Obwieszczenie Ministra Spraw Wewnętrznych i Administracji z dnia 27 listopada 2025 r. w sprawie wykazu jednostek samorządu terytorialnego, które przystąpiły do międzynarodowych zrzeszeń społeczności lokalnych i regionalnych w okresie od dnia 1 stycznia 2024 r. do dnia 31 grudnia 2024 r., oraz wykazu jednostek samorządu terytorialnego, które wystąpiły z międzynarodowych zrzeszeń społeczności lokalnych i regionalnych w okresie od dnia 1 stycznia 2024 r. do dnia 31 grudnia 2024 r.",2025-11-27,2025-12-08,2025-12-09T10:57:15,a13efddd4c8b2653f4a45f5cdfe12cb5fd25c0ee5c8ad6cecf21ac04ade7868a,3,358,0,0,0,ok,,eli2md 0.6.3,2026-09-29T23:24:45Z
MP/2025/1237,2025,1237,Ogłoszenie,Ogłoszenie Przewodniczącego Krajowej Rady Radiofonii i Telewizji z dnia 25 listopada 2025 r. o możliwości uzyskania koncesji na rozpowszechnianie programu telewizyjnego w ogólnopolskim multipleksie telewizyjnym MUX-8,2025-11-25,2025-12-08,2025-12-09T10:57:15,fffdd65ec0820b6630b39d114711c66ce19af9bd3a7fb0cb561c334a06743343,3,1065,0,0,0,ok,,eli2md 0.6.3,2026-09-29T23:24:45Z
MP/2025/1238,2025,1238,Obwieszczenie,Obwieszczenie Ministra Infrastruktury z dnia 4 grudnia 2025 r. w sprawie wysokości stawki opłaty paliwowej na rok 2026,2025-12-04,2025-12-08,2025-12-09T10:57:15,a579b46f2d183163c18eb7008f9990934f12853f9386c8f5c7c96fba03d6ff2c,1,150,0,0,0,ok,,eli2md 0.6.3,2026-09-29T23:24:45Z
MP/2025/1239,2025,1239,Uchwała,"Uchwała nr 163 Rady Ministrów z dnia 1 grudnia 2025 r. w sprawie ustanowienia programu inwestycyjnego pod nazwą ""Rozbudowa Wojewódzkiego Szpitala Specjalistycznego im. Św. Jadwigi w Opolu Centrum Psychiatrii dla Dzieci i Młodzieży""",2025-12-01,2025-12-10,2025-12-11T11:46:04,4052dd61ff5b668fd2dad5ca95f2ac76a2ce2be08422c1d1e8febb1d0fa8786b,8,2159,0,0,0,ok,,eli2md 0.6.3,2026-09-29T23:24:45Z
MP/2025/1240,2025,1240,Komunikat,Komunikat Ministra Rolnictwa i Rozwoju Wsi z dnia 5 grudnia 2025 r. o zatwierdzeniu przez Komisję Europejską zmiany Programu Rozwoju Obszarów Wiejskich na lata 2014-2020,2025-12-05,2025-12-10,2025-12-11T11:46:04,5fa32bdef4ca77a2fe4cc62582a15ba876d9e05bccb5c6742f3decac0068eddc,1,126,0,0,0,ok,,eli2md 0.6.3,2026-09-29T23:24:45Z
MP/2025/1241,2025,1241,Obwieszczenie,"Obwieszczenie Ministra Sportu i Turystyki z dnia 13 listopada 2025 r. w sprawie włączenia kwalifikacji sektorowej ""Utrzymanie czystości w jednostkach mieszkalnych z zastosowaniem rozwiązań ekologicznych"" do Zintegrowanego Systemu Kwalifikacji",2025-11-13,2025-12-11,2025-12-12T10:45:11,9f11f9c7a1c6ae49f4b04471a7975ec057a3c81524a37febcb791033daa101c1,6,1710,0,0,0,ok,,eli2md 0.6.3,2026-09-29T23:24:45Z
MP/2025/1242,2025,1242,Uchwała,Uchwała nr 172 Rady Ministrów z dnia 9 grudnia 2025 r. w sprawie ustanowienia rządowego programu wsparcia powiatu w organizacji i tworzeniu rodzinnych form pieczy zastępczej w 2025 r.,2025-12-09,2025-12-10,2025-12-12T10:45:11,11b29dd9f0b3e2bcdc088bc264066a3964666c838d14e525e84ef3079ee2fbf7,19,3635,0,0,0,ok,,eli2md 0.6.3,2026-09-29T23:24:45Z
MP/2025/1243,2025,1243,Zarządzenie,"Zarządzenie nr 28/2025 Prezesa Narodowego Banku Polskiego z dnia 10 grudnia 2025 r. w sprawie ustalenia wzoru, próby, masy i wielkości emisji monety o wartości nominalnej 50 zł, z serii ""Skarby sztuki medalierskiej"" - Stanisław Konarski",2025-12-10,2025-12-11,2025-12-12T10:45:12,e6e415a00b7426faee12488c191fc560446f0542a3316707eb9fc5671a3fa6c7,2,198,0,0,0,ok,,eli2md 0.6.3,2026-09-29T23:24:45Z
MP/2025/1244,2025,1244,Obwieszczenie,Obwieszczenie Ministra Infrastruktury z dnia 3 grudnia 2025 r. w sprawie wysokości stawek opłaty elektronicznej na rok 2026,2025-12-03,2025-12-12,2025-12-15T11:32:52,dc4bf4bb7c6f9135ad51b6342407c656f6d2b990b92142d8696913fd430c0cba,3,638,0,0,0,ok,,eli2md 0.6.3,2026-09-29T23:24:45Z
MP/2025/1245,2025,1245,Obwieszczenie,"Obwieszczenie Ministra Infrastruktury z dnia 3 grudnia 2025 r. w sprawie włączenia kwalifikacji wolnorynkowej ""Przeładunek sztuk ciężkich - ładunków ponadgabarytowych, w tym elementów turbin wiatrowych na terminalach przeładunkowych"" do Zintegrowanego Systemu Kwalifikacji",2025-12-03,2025-12-12,2025-12-15T11:32:52,fcecb4d1ae756936b6cb02210f2156def8e2b65302c5360b6d1c695a74f76324,6,1568,0,0,0,ok,,eli2md 0.6.3,2026-09-29T23:24:45Z
MP/2025/1246,2025,1246,Zarządzenie,Zarządzenie nr 76 Prezesa Rady Ministrów z dnia 10 grudnia 2025 r. zmieniające zarządzenie w sprawie Międzyresortowego Zespołu do spraw Przeciwdziałania Sytuacjom Kryzysowym i Zagrożeniom Środowiskowym na Rzece Odrze,2025-12-10,2025-12-12,2025-12-30T11:27:56,6af4878c5e0cfdfe0e1d4268323d3e561301ade071cc6c5d7c43c5ae0e1f2064,2,607,0,0,0,ok,,eli2md 0.6.3,2026-09-29T23:24:45Z
MP/2025/1247,2025,1247,Obwieszczenie,"Obwieszczenie Prezesa Urzędu Zamówień Publicznych z dnia 8 grudnia 2025 r. w sprawie aktualnych progów unijnych określonych w dyrektywach Parlamentu Europejskiego i Rady 2014/24/UE, 2014/25/UE i 2009/81/WE na lata 2026-2027, ich równowartości w złotych, równowartości w złotych kwot wyrażonych w euro oraz średniego kursu złotego w stosunku do euro stanowiącego podstawę przeliczania wartości zamówień publicznych lub konkursów",2025-12-08,2025-12-12,2025-12-15T11:32:52,46e654cb9e3a6c6852aa39ce00db06f88d2ea909299b42caa10c91319b226406,3,1441,0,0,0,ok,,eli2md 0.6.3,2026-09-29T23:24:45Z
MP/2025/1248,2025,1248,Uchwała,"Uchwała nr 171 Rady Ministrów z dnia 5 grudnia 2025 r. zmieniająca uchwałę w sprawie aktualizacji ""Krajowego planu postępowania z odpadami promieniotwórczymi i wypalonym paliwem jądrowym""",2025-12-05,2025-12-12,2025-12-15T11:32:53,0c35338805f392ff6586ff9a245e095024aeb3cb37523f74006616bf56c22993,8,2455,0,0,0,ok,,eli2md 0.6.3,2026-09-29T23:24:45Z
MP/2025/1249,2025,1249,Obwieszczenie,Obwieszczenie Ministra Finansów i Gospodarki z dnia 10 grudnia 2025 r. w sprawie ogłoszenia rodzaju bazowej stopy procentowej i marży dla potrzeb cen transferowych w zakresie podatku dochodowego od osób fizycznych i podatku dochodowego od osób prawnych,2025-12-10,2025-12-15,2025-12-16T11:54:27,9711debe3a9c55c4681a78fd5b2b8fea624c330546e25361cec732f191bcd67b,1,218,0,0,0,ok,,eli2md 0.6.3,2026-09-29T23:24:45Z
MP/2025/1250,2025,1250,Komunikat,Komunikat Ministra Cyfryzacji z dnia 10 grudnia 2025 r. o wysokości wskaźnika rocznej opłaty telekomunikacyjnej w 2026 r.,2025-12-10,2025-12-15,2025-12-16T11:54:27,b2cd811530da48bfb337956b2128f09eab5990c1942d52ed342a4b0d8267870e,1,61,0,0,0,ok,,eli2md 0.6.3,2026-09-29T23:24:45Z
MP/2025/1251,2025,1251,Obwieszczenie,Obwieszczenie Marszałka Senatu Rzeczypospolitej Polskiej z dnia 20 listopada 2025 r. w sprawie ogłoszenia jednolitego tekstu uchwały Senatu Rzeczypospolitej Polskiej - Regulamin Senatu,2025-11-20,2025-12-15,2026-08-12T00:00:00,6a1b572143f46d0fff32d9c41feb4652d6512e63a3e029aa338e4299163fee1b,33,14997,0,0,0,ok,,eli2md 0.6.3,2026-09-29T23:24:45Z
MP/2025/1252,2025,1252,Obwieszczenie,"Obwieszczenie Ministra Finansów i Gospodarki z dnia 12 grudnia 2025 r. w sprawie stawki odsetek za zwłokę od zaległości podatkowych, obniżonej stawki odsetek za zwłokę od zaległości podatkowych oraz podwyższonej stawki odsetek za zwłokę od zaległości podatkowych",2025-12-12,2025-12-15,2025-12-16T11:54:28,233571155be84e96606178eb6fb9b6315ef7d3efdb688d0225a180235e9cca40,1,121,0,0,0,ok,,eli2md 0.6.3,2026-09-29T23:24:45Z
MP/2025/1253,2025,1253,Obwieszczenie,"Obwieszczenie Ministra Rodziny, Pracy i Polityki Społecznej z dnia 12 grudnia 2025 r. w sprawie wskaźnika waloryzacji składek na ubezpieczenie emerytalne za III kwartał 2025 r.",2025-12-12,2025-12-15,2025-12-16T11:54:28,abacbaaac5382276c044040fdc867417394ea891bbbbbbf1b3e1cc3af0839c3f,1,79,0,0,0,ok,,eli2md 0.6.3,2026-09-29T23:24:45Z
MP/2025/1254,2025,1254,Komunikat,Komunikat Ministra Cyfryzacji z dnia 12 grudnia 2025 r. w sprawie określenia dnia wdrożenia rozwiązań technicznych umożliwiających świadczenie usługi dokonywania płatności elektronicznych związanych z usługami świadczonymi na rzecz użytkownika aplikacji mObywatel,2025-12-12,2025-12-15,2025-12-16T11:58:38,eaa4aefeaa4e032f20717c0932e0d263379d546a62d03c7732155f482f4352f7,1,119,0,0,0,ok,,eli2md 0.6.3,2026-09-29T23:24:45Z
MP/2025/1255,2025,1255,Uchwała,"Uchwała nr 176 Rady Ministrów z dnia 12 grudnia 2025 r. w sprawie ustanowienia Programu wieloletniego na rzecz Osób Starszych ""AKTYWNI SENIORZY - ASY"" na lata 2026-2030",2025-12-12,2025-12-15,2025-12-16T12:02:27,ad89b8e65fe5c61a72303a8c41e4aebec0ac8fa063b5d1ee6eae35fe66bb6c21,36,9043,0,1,0,ok,,eli2md 0.6.3,2026-09-29T23:24:45Z
MP/2025/1256,2025,1256,Zarządzenie,Zarządzenie nr 77 Prezesa Rady Ministrów z dnia 15 grudnia 2025 r. zmieniające zarządzenie w sprawie wskazania centralnego zamawiającego dla jednostek administracji rządowej oraz wskazania jednostek administracji rządowej zobowiązanych do nabywania zamówień od centralnego zamawiającego,2025-12-15,2025-12-16,2025-12-17T11:09:49,4bdcaff98248740ebebba01abe2d7e7c8008cc0947c807c2f3bbf854156db37b,1,237,0,0,0,ok,,eli2md 0.6.3,2026-09-29T23:24:45Z
MP/2025/1257,2025,1257,Obwieszczenie,Obwieszczenie Ministra Finansów i Gospodarki z dnia 11 grudnia 2025 r. w sprawie wysokości odsetek ustawowych za opóźnienie w transakcjach handlowych,2025-12-11,2025-12-16,2025-12-17T11:09:49,943ae1d1e6bb1d219ca9dbcab0f478983e63ff5d74b86a93ebf0f8c5751e7ee2,1,118,0,0,0,ok,,eli2md 0.6.3,2026-09-29T23:24:45Z
MP/2025/1258,2025,1258,Uchwała,Uchwała Sejmu Rzeczypospolitej Polskiej z dnia 21 listopada 2025 r. w sprawie powołania Przewodniczącego Rady Fiskalnej,2025-11-21,2025-12-16,2025-12-17T11:09:49,7ad281185ee90c5959e51c4cbdd0f95755c104877a123dedf1a79239bc5254be,1,60,0,0,0,ok,,eli2md 0.6.3,2026-09-29T23:24:45Z
MP/2025/1259,2025,1259,Uchwała,Uchwała Sejmu Rzeczypospolitej Polskiej z dnia 21 listopada 2025 r. w sprawie powołania członka Rady Fiskalnej,2025-11-21,2025-12-16,2025-12-17T11:09:49,241e3b6f4871e87cacf1b31727b04812eb006d3968f7ece88106c43bac30afd8,1,62,0,0,0,ok,,eli2md 0.6.3,2026-09-29T23:24:45Z
MP/2025/1260,2025,1260,Uchwała,Uchwała Sejmu Rzeczypospolitej Polskiej z dnia 21 listopada 2025 r. w sprawie powołania członka Rady Fiskalnej,2025-11-21,2025-12-16,2025-12-17T11:09:49,48870be88eb6baa7c98fe6c07008a54322f5287c2e4622c15adcb562bfcfa8e2,1,62,0,0,0,ok,,eli2md 0.6.3,2026-09-29T23:24:45Z
MP/2025/1261,2025,1261,Uchwała,Uchwała Sejmu Rzeczypospolitej Polskiej z dnia 21 listopada 2025 r. w sprawie powołania członka Rady Fiskalnej,2025-11-21,2025-12-16,2025-12-17T11:09:49,153b71c451569a70c32637346e1fe4c4915be00c9b8072381c5748dae79d0f45,1,62,0,0,0,ok,,eli2md 0.6.3,2026-09-29T23:24:45Z
MP/2025/1262,2025,1262,Uchwała,Uchwała Sejmu Rzeczypospolitej Polskiej z dnia 21 listopada 2025 r. w sprawie powołania członka Rady Fiskalnej,2025-11-21,2025-12-16,2025-12-17T11:09:49,68437390d65f47c223f031cd28ea84c79f7bad49d5118ddc8a1a8f6a9ac8a59e,1,62,0,0,0,ok,,eli2md 0.6.3,2026-09-29T23:24:45Z
MP/2025/1263,2025,1263,Uchwała,Uchwała Sejmu Rzeczypospolitej Polskiej z dnia 21 listopada 2025 r. w sprawie powołania członka Rady Fiskalnej,2025-11-21,2025-12-16,2025-12-17T11:09:49,90b689049b6bcf3264d80d01f4d2c9576762a355bd60904e0396895483a83259,1,62,0,0,0,ok,,eli2md 0.6.3,2026-09-29T23:24:45Z
MP/2025/1264,2025,1264,Uchwała,Uchwała Senatu Rzeczypospolitej Polskiej z dnia 9 grudnia 2025 r. w sprawie wyrażenia zgody na powołanie Przewodniczącego Rady Fiskalnej,2025-12-09,2025-12-16,2025-12-17T11:09:49,0d7f32bb5551253bdf4229a127173bc7f5dce2e69aa395a720687e3eb0fbfef0,1,66,0,0,0,ok,,eli2md 0.6.3,2026-09-29T23:24:45Z
MP/2025/1265,2025,1265,Uchwała,Uchwała Senatu Rzeczypospolitej Polskiej z dnia 9 grudnia 2025 r. w sprawie wyrażenia zgody na powołanie członka Rady Fiskalnej,2025-12-09,2025-12-16,2025-12-17T11:09:49,09652d2314d61fd862a5d2eb5a6f02d21f12512c1c3dc7b4fcc79534c10620ac,1,68,0,0,0,ok,,eli2md 0.6.3,2026-09-29T23:24:45Z
MP/2025/1266,2025,1266,Uchwała,Uchwała Senatu Rzeczypospolitej Polskiej z dnia 9 grudnia 2025 r. w sprawie wyrażenia zgody na powołanie członka Rady Fiskalnej,2025-12-09,2025-12-16,2025-12-17T11:09:49,fdd87f91b05018fdda09d38bbe7e3a701f3631338474ffbe6ce9b1750a1a5f00,1,68,0,0,0,ok,,eli2md 0.6.3,2026-09-29T23:24:45Z
MP/2025/1267,2025,1267,Uchwała,Uchwała Senatu Rzeczypospolitej Polskiej z dnia 9 grudnia 2025 r. w sprawie wyrażenia zgody na powołanie członka Rady Fiskalnej,2025-12-09,2025-12-16,2025-12-17T11:09:49,818590bbff62a575d30f2247244f28b2e69f7d3d33cc1423ed88fdc0c447d549,1,68,0,0,0,ok,,eli2md 0.6.3,2026-09-29T23:24:45Z
MP/2025/1268,2025,1268,Uchwała,Uchwała Senatu Rzeczypospolitej Polskiej z dnia 9 grudnia 2025 r. w sprawie wyrażenia zgody na powołanie członka Rady Fiskalnej,2025-12-09,2025-12-16,2025-12-17T11:09:49,03784db2c98d559d579204a21a8000fef13cc8ab204f5db10fd0be5409673f0d,1,68,0,0,0,ok,,eli2md 0.6.3,2026-09-29T23:24:45Z
MP/2025/1269,2025,1269,Uchwała,Uchwała Senatu Rzeczypospolitej Polskiej z dnia 9 grudnia 2025 r. w sprawie wyrażenia zgody na powołanie członka Rady Fiskalnej,2025-12-09,2025-12-16,2025-12-17T11:09:49,40f74599c3af872638f5b365e7380caff3f03956f70689f67e4dcbe1f9d2f01c,1,68,0,0,0,ok,,eli2md 0.6.3,2026-09-29T23:24:45Z
MP/2025/1270,2025,1270,Uchwała,Uchwała Senatu Rzeczypospolitej Polskiej z dnia 9 grudnia 2025 r. w sprawie wyrażenia zgody na powołanie członka Rady Fiskalnej,2025-12-09,2025-12-16,2025-12-17T11:09:49,4124f40823063a26abfb30c8744ed3c911aa88cffddaaa839680580a3bc7f8b0,1,69,0,0,0,ok,,eli2md 0.6.3,2026-09-29T23:24:45Z
MP/2025/1271,2025,1271,Obwieszczenie,Obwieszczenie Ministra Finansów i Gospodarki z dnia 15 grudnia 2025 r. w sprawie zaprzestania udostępniania niektórych usług na portalu podatkowym,2025-12-15,2025-12-16,2025-12-17T11:09:49,1140489cc4e5ba7ca61ce0c1acd7e1d6b314ac273b9b720913118b7d572bb56e,1,93,0,0,0,ok,,eli2md 0.6.3,2026-09-29T23:24:45Z
MP/2025/1272,2025,1272,Postanowienie,"Postanowienie Prezydenta Rzeczypospolitej Polskiej z dnia 8 grudnia 2025 r. o użyciu Polskiego Kontyngentu Wojskowego w składzie Grupy Zadaniowej Organizacji Traktatu Północnoatlantyckiego na Morzu Bałtyckim, Morzu Norweskim, Morzu Północnym i Oceanie Atlantyckim",2025-12-08,2025-12-16,2025-12-17T11:09:49,14ca8276d8e5a560fcb1fc9eb3256157529b22e3d157daa06d935a4be3be872e,1,258,0,0,0,ok,,eli2md 0.6.3,2026-09-29T23:24:45Z
MP/2025/1273,2025,1273,Obwieszczenie,Obwieszczenie Ministra Finansów i Gospodarki z dnia 12 grudnia 2025 r. w sprawie średniej ważonej detalicznej ceny sprzedaży papierosów oraz średniej ważonej detalicznej ceny sprzedaży tytoniu do palenia na rok 2026,2025-12-12,2025-12-16,2025-12-17T11:09:49,ada0e5ae1c4358aa5f945b8291731abbfecb1221b688ef04872c083f68f6c037,1,130,0,0,0,ok,,eli2md 0.6.3,2026-09-29T23:24:45Z
MP/2025/1274,2025,1274,Obwieszczenie,"Obwieszczenie Ministra Finansów i Gospodarki z dnia 12 grudnia 2025 r. w sprawie wysokości kwoty składki na ubezpieczenie zdrowotne zaliczanej do kosztów uzyskania przychodów lub odliczanej od dochodu, w roku 2026",2025-12-12,2025-12-17,2025-12-18T11:34:54,3d84bed6af938dd63036568494d2ec563c5637fe2033172c041141a647c2a0c0,1,167,0,0,0,ok,,eli2md 0.6.3,2026-09-29T23:24:45Z
MP/2025/1275,2025,1275,Obwieszczenie,Obwieszczenie Ministra Finansów i Gospodarki z dnia 12 grudnia 2025 r. w sprawie wysokości ogólnej kwoty odliczeń wydatków na cele mieszkaniowe w roku 2026,2025-12-12,2025-12-17,2025-12-18T11:34:54,2dc0e979754985af43df901ef55cc2685f610e90fcbf1526f0557971186092af,1,137,0,0,0,ok,,eli2md 0.6.3,2026-09-29T23:24:45Z
MP/2025/1276,2025,1276,Uchwała,"Uchwała nr 173 Rady Ministrów z dnia 11 grudnia 2025 r. w sprawie ""Krajowego Programu Działań wobec Chorób Otępiennych, polityki publicznej do roku 2030""",2025-12-11,2025-12-17,2025-12-18T11:34:54,544c20f90e266c1ca7306c5003cb9f15a098965ddf49b24836dc2157a2887b2e,72,13241,0,18,0,ok,,eli2md 0.6.3,2026-09-29T23:24:45Z
MP/2025/1277,2025,1277,Komunikat,"Komunikat Ministra Rolnictwa i Rozwoju Wsi z dnia 15 grudnia 2025 r. w sprawie wytycznych szczegółowych w zakresie przyznawania, wypłaty i zwrotu pomocy finansowej w ramach Planu Strategicznego dla Wspólnej Polityki Rolnej na lata 2023-2027 dla interwencji I.14.3 Doskonalenie zawodowe kadr doradczych - moduł 3 Studia podyplomowe dla doradców rolniczych",2025-12-15,2025-12-17,2025-12-18T11:34:54,1daa2915de7142b769379a951680ac32fef368907894a175f7ad886798f497e4,1,189,0,0,0,ok,,eli2md 0.6.3,2026-09-29T23:24:45Z
MP/2025/1278,2025,1278,Komunikat,"Komunikat Ministra Rolnictwa i Rozwoju Wsi z dnia 15 grudnia 2025 r. w sprawie zmienionych wytycznych szczegółowych w zakresie przyznawania, wypłaty i zwrotu pomocy finansowej w ramach Planu Strategicznego dla Wspólnej Polityki Rolnej na lata 2023-2027 dla interwencji w sektorze owoców i warzyw",2025-12-15,2025-12-17,2025-12-18T11:34:55,fe45a43d1027615edb59bbf90b0d9e0ecd7e918fcbed0d86f3e40ab22334e3a5,1,175,0,0,0,ok,,eli2md 0.6.3,2026-09-29T23:24:45Z
MP/2025/1279,2025,1279,Uchwała,Uchwała nr 42/2025 Zarządu Narodowego Banku Polskiego z dnia 15 grudnia 2025 r. zmieniająca uchwałę w sprawie regulaminu Zarządu Narodowego Banku Polskiego,2025-12-15,2025-12-19,2026-02-03T08:05:03,f0ce1c7072cc77c47f7d597f1caba099a95a76c41bd575cb15a4045a14d212b9,1,212,0,0,0,ok,,eli2md 0.6.3,2026-09-29T23:24:45Z
MP/2025/1280,2025,1280,Uchwała,Uchwała Senatu Rzeczypospolitej Polskiej z dnia 17 grudnia 2025 r. w 55. rocznicę Wydarzeń Grudniowych,2025-12-17,2025-12-19,2026-05-12T09:01:27,935f16c55b83c9b188f39f12bc645d704aee3c63835519c3a368c052236aac19,1,476,0,0,0,ok,,eli2md 0.6.3,2026-09-29T23:24:45Z
MP/2025/1281,2025,1281,Postanowienie,"Postanowienie Prezydenta Rzeczypospolitej Polskiej z dnia 17 grudnia 2025 r. o przedłużeniu okresu użycia Polskiego Kontyngentu Wojskowego w Republice Iraku, Jordańskim Królestwie Haszymidzkim, Państwie Katar oraz Państwie Kuwejt",2025-12-17,2025-12-22,2025-12-23T11:06:12,861f7afd33fe0f9c88f8c1d17c14a00c9b6a0ec1944f4c95d6377eaeea1ebd51,1,252,0,0,0,ok,,eli2md 0.6.3,2026-09-29T23:24:45Z
MP/2025/1282,2025,1282,Obwieszczenie,Obwieszczenie Ministra Finansów i Gospodarki z dnia 12 grudnia 2025 r. w sprawie listy państw i terytoriów uczestniczących w automatycznej wymianie informacji o sprzedawcach za rok 2025,2025-12-12,2025-12-22,2025-12-23T11:06:12,4e259906ebf96b59cad1104cf8180149adfcd41a28b1e030aad5e3b52bc23efe,2,154,0,0,0,ok,,eli2md 0.6.3,2026-09-29T23:24:45Z
MP/2025/1283,2025,1283,Komunikat,Komunikat Ministra Funduszy i Polityki Regionalnej z dnia 18 grudnia 2025 r. w sprawie wytycznych dotyczących kontroli zarządczych w programach Interreg na lata 2021-2027,2025-12-18,2025-12-22,2025-12-23T11:06:12,2e581c6ae2a390cac8bf9577f3af8b111826a7341c3f7737d60afbb0678c12d3,1,135,0,0,0,ok,,eli2md 0.6.3,2026-09-29T23:24:45Z
MP/2025/1284,2025,1284,Obwieszczenie,Obwieszczenie Ministra Edukacji z dnia 16 grudnia 2025 r. w sprawie ogólnopolskiej sieci branżowych centrów umiejętności na lata 2023-2028,2025-12-16,2025-12-22,2026-05-22T10:39:07,e8861c7b8acafc7fe6bda429627495974997b6303d1dc61a69ddc0f61951f681,11,2630,0,0,0,ok,,eli2md 0.6.3,2026-09-29T23:24:45Z
MP/2025/1285,2025,1285,Uchwała,"Uchwała nr 178 Rady Ministrów z dnia 19 grudnia 2025 r. zmieniająca uchwałę w sprawie ustanowienia rządowego programu ""Dofinansowanie wynagrodzeń rodzin zastępczych zawodowych i prowadzących rodzinne domy dziecka na lata 2024-2027""",2025-12-19,2025-12-22,2025-12-23T11:06:12,94d6ef3db796f08b477b47dfd37f465709ad3566bf9e844e416672c93612e041,1,211,0,0,0,ok,,eli2md 0.6.3,2026-09-29T23:24:45Z
MP/2025/1286,2025,1286,Obwieszczenie,Obwieszczenie Prezesa Głównego Urzędu Statystycznego z dnia 17 grudnia 2025 r. w sprawie przeciętnej stopy bezrobocia w kraju oraz na obszarze powiatów,2025-12-17,2025-12-23,2025-12-29T12:04:27,60ef9ca84e753d5b9a8b712c96c2c5989fa708b03ada272e7d69da188a13b7f5,13,1080,0,0,0,ok,,eli2md 0.6.3,2026-09-29T23:24:45Z
MP/2025/1287,2025,1287,Zarządzenie,Zarządzenie nr 78 Prezesa Rady Ministrów z dnia 22 grudnia 2025 r. zmieniające zarządzenie w sprawie nadania statutu Urzędowi Komisji Nadzoru Finansowego,2025-12-22,2025-12-23,2025-12-29T12:05:11,27ecb0009b7720eccb61cf8b1a1e25cb063c029e70ea9cb073c722e90a268f70,2,269,0,0,0,ok,,eli2md 0.6.3,2026-09-29T23:24:45Z
MP/2025/1288,2025,1288,Obwieszczenie,"Obwieszczenie Ministra Finansów i Gospodarki z dnia 22 grudnia 2025 r. w sprawie aktualnego progu unijnego, jego równowartości w złotych oraz średniego kursu złotego w stosunku do euro stanowiącego podstawę przeliczania wartości umów koncesji",2025-12-22,2025-12-29,2025-12-30T11:07:01,ff6ce1e259fd1cdb01ee0870bbd97841d14f9577c4c1da829640430177809073,1,234,0,0,0,ok,,eli2md 0.6.3,2026-09-29T23:24:45Z
MP/2025/1289,2025,1289,Komunikat,Komunikat Ministra Infrastruktury z dnia 19 grudnia 2025 r. o podjęciu przez Radę Ministrów uchwały zmieniającej uchwałę w sprawie ustanowienia Rządowego programu budowy lub modernizacji przystanków kolejowych na lata 2021-2025,2025-12-19,2025-12-29,2025-12-30T11:07:01,b71c72747bf909d7e39885e95d5e8d40c44d576213ad743659b1560d0581b496,1,138,0,0,0,ok,,eli2md 0.6.3,2026-09-29T23:24:45Z
MP/2025/1290,2025,1290,Postanowienie,"Postanowienie Prezydenta Rzeczypospolitej Polskiej z dnia 22 grudnia 2025 r. o przedłużeniu okresu użycia Polskiego Kontyngentu Wojskowego w ramach Dostosowanych Środków Wzmocnienia Organizacji Traktatu Północnoatlantyckiego dla Turcji, na terytorium Turcji, wschodnim akwenie Morza Śródziemnego oraz Morzu Czarnym",2025-12-22,2025-12-29,2025-12-30T11:07:02,1ecf02ddd5efbedb5cde656660b40a6341c0ac18934c4771251fd63b79380dca,1,233,0,0,0,ok,,eli2md 0.6.3,2026-09-29T23:24:45Z
MP/2025/1291,2025,1291,Komunikat,"Komunikat Ministra Rolnictwa i Rozwoju Wsi z dnia 22 grudnia 2025 r. w sprawie zmienionych wytycznych szczegółowych w zakresie przyznawania, wypłaty i zwrotu pomocy finansowej w ramach Planu Strategicznego dla Wspólnej Polityki Rolnej na lata 2023-2027 dla interwencji I.13.5 Współpraca Grup Operacyjnych EPI",2025-12-22,2025-12-29,2025-12-30T11:07:02,909c524ddc2902a4b0985099bd5e72ecf870af6988f9f2fbdb27c06de90036d9,1,175,0,0,0,ok,,eli2md 0.6.3,2026-09-29T23:24:45Z
MP/2025/1292,2025,1292,Komunikat,Komunikat Ministra Rolnictwa i Rozwoju Wsi z dnia 22 grudnia 2025 r. w sprawie zmienionych wytycznych w zakresie podziału środków dostępnych w ramach niektórych interwencji Planu Strategicznego dla Wspólnej Polityki Rolnej na lata 2023-2027,2025-12-22,2025-12-29,2025-12-30T11:07:02,f8e20963df01f60ebc8fc459b7f040fa19e69922a6b08eb53830fa74304691ea,1,157,0,0,0,ok,,eli2md 0.6.3,2026-09-29T23:24:45Z
MP/2025/1293,2025,1293,Obwieszczenie,"Obwieszczenie Ministra Cyfryzacji z dnia 2 grudnia 2025 r. w sprawie włączenia kwalifikacji wolnorynkowej ""Pozyskiwanie i edycja danych przestrzennych"" do Zintegrowanego Systemu Kwalifikacji",2025-12-02,2025-12-29,2025-12-30T11:07:02,15b8ec327f992479252f4171c60fad6531f212f1f1eb96d0345bc07dd1b559a7,7,1680,0,0,0,ok,,eli2md 0.6.3,2026-09-29T23:24:45Z
MP/2025/1294,2025,1294,Uchwała,"Uchwała nr 181 Rady Ministrów z dnia 23 grudnia 2025 r. zmieniająca uchwałę w sprawie ustanowienia programu inwestycyjnego pod nazwą ""Przebudowa i doposażenie Uniwersyteckiego Centrum Pediatrii im. M. Konopnickiej oraz Ponadregionalnego Ośrodka Onkologii Dziecięcej""",2025-12-23,2025-12-29,2025-12-30T11:07:02,8580d5a397e0a597faafd35931afc1c82eb01e956717407ab20e371a24e665b5,5,1440,0,0,0,ok,,eli2md 0.6.3,2026-09-29T23:24:45Z
MP/2025/1295,2025,1295,Postanowienie,Postanowienie Prezydenta Rzeczypospolitej Polskiej z dnia 22 grudnia 2025 r. o przedłużeniu okresu użycia Polskiego Kontyngentu Wojskowego w operacji wojskowej Unii Europejskiej na Morzu Śródziemnym,2025-12-22,2025-12-29,2025-12-30T11:07:02,994d466d1665ccf762b08daf03fa602ba88a0c38fea62943e9efa4a97c1945f8,1,184,0,0,0,ok,,eli2md 0.6.3,2026-09-29T23:24:45Z
MP/2025/1296,2025,1296,Obwieszczenie,Obwieszczenie Ministra Sprawiedliwości z dnia 20 grudnia 2025 r. w sprawie wysokości odsetek ustawowych,2025-12-20,2025-12-29,2025-12-30T11:07:02,560709a5ca65903ae3a70177cf215b3b0069f245875b81ea8c0ed7b1edba8370,1,62,0,0,0,ok,,eli2md 0.6.3,2026-09-29T23:24:45Z
MP/2025/1297,2025,1297,Postanowienie,Postanowienie Prezydenta Rzeczypospolitej Polskiej z dnia 22 grudnia 2025 r. o przedłużeniu okresu użycia Polskiego Kontyngentu Wojskowego w składzie sił wzmocnionej Wysuniętej Obecności Organizacji Traktatu Północnoatlantyckiego w Republice Łotewskiej oraz Republice Estońskiej i Republice Litewskiej,2025-12-22,2025-12-30,2025-12-31T10:37:53,bd0b994acf1fef144c5227e478e43fae2ebb1d803d4483f65ec6bbd81f61a78c,1,274,0,0,0,ok,,eli2md 0.6.3,2026-09-29T23:24:45Z
MP/2025/1298,2025,1298,Postanowienie,Postanowienie Prezydenta Rzeczypospolitej Polskiej z dnia 22 grudnia 2025 r. o przedłużeniu okresu użycia Polskiego Kontyngentu Wojskowego w składzie Wielonarodowej Brygady Południe - Wschód w Rumunii oraz Republice Bułgarii,2025-12-22,2025-12-30,2025-12-31T10:37:53,d2ec3fe54b172bdf1969469a16cd54f108cec426b9b2e97b0cac438c7a0f8025,1,258,0,0,0,ok,,eli2md 0.6.3,2026-09-29T23:24:45Z
MP/2025/1299,2025,1299,Uchwała,Uchwała Sejmu Rzeczypospolitej Polskiej z dnia 4 grudnia 2025 r. w sprawie ustanowienia Dni Pamięci Grudnia 1970,2025-12-04,2025-12-30,2026-05-12T09:01:27,8704f3a039d883ddcaa09cbf9b6709c023af921464d05b16a8d9c8aa4fb63da3,1,237,0,0,0,ok,,eli2md 0.6.3,2026-09-29T23:24:45Z
MP/2025/1300,2025,1300,Uchwała,Uchwała Sejmu Rzeczypospolitej Polskiej z dnia 5 grudnia 2025 r. w sprawie ustanowienia Dnia Pamięci Prezydenta Gabriela Narutowicza,2025-12-05,2025-12-30,2026-05-12T09:01:27,dfb8b7a66a4f60c05c716c769586ca1e2e0ee9ac605b6025a37bb1a6b5ca5588,1,267,0,0,0,ok,,eli2md 0.6.3,2026-09-29T23:24:45Z
MP/2025/1301,2025,1301,Uchwała,"Uchwała Sejmu Rzeczypospolitej Polskiej z dnia 4 grudnia 2025 r. w sprawie upamiętnienia 60. rocznicy orędzia pojednania, wystosowanego przez Episkopat Polski do Episkopatu Niemiec",2025-12-04,2025-12-30,2026-05-12T09:01:27,9625b9eedef9e0ddeacb2d11b957a816c60beb9ddac0634778ca0da39e840b66,1,225,0,0,0,ok,,eli2md 0.6.3,2026-09-29T23:24:45Z
MP/2025/1302,2025,1302,Uchwała,Uchwała Sejmu Rzeczypospolitej Polskiej z dnia 5 grudnia 2025 r. w sprawie upamiętnienia Marka Grechuty w 80. rocznicę urodzin,2025-12-05,2025-12-30,2026-05-12T09:01:27,f13be65dffa9f2d10240b477c570b6fbd27cf20e786c8129ab21ab6ee657bcd3,1,417,0,0,0,ok,,eli2md 0.6.3,2026-09-29T23:24:45Z
MP/2025/1303,2025,1303,Komunikat,Komunikat Ministra Rolnictwa i Rozwoju Wsi z dnia 23 grudnia 2025 r. w sprawie zmienionych wytycznych szczegółowych w zakresie przyznawania i wypłaty pomocy finansowej w ramach Planu Strategicznego dla Wspólnej Polityki Rolnej na lata 2023-2027 dla interwencji I.13.1 LEADER/Rozwój Lokalny Kierowany przez Społeczność (RLKS) - komponent Wdrażanie LSR,2025-12-23,2025-12-30,2025-12-31T10:37:53,0dcea494d9c477297bc631d24a0ca0f16ff879d3d60315a61913696cb823bf2a,1,185,0,0,0,ok,,eli2md 0.6.3,2026-09-29T23:24:45Z
MP/2025/1304,2025,1304,Uchwała,Uchwała Sejmu Rzeczypospolitej Polskiej z dnia 4 grudnia 2025 r. w sprawie udziału Rzeczypospolitej Polskiej w pracach Unii Europejskiej w okresie styczeń - czerwiec 2025 r. (przewodnictwo Polski w Radzie Unii Europejskiej),2025-12-04,2025-12-30,2025-12-31T10:37:53,991eeae1f6a08e2f491c05c1cd0e1744283df66a376078aea6f464632345f89f,1,102,0,0,0,ok,,eli2md 0.6.3,2026-09-29T23:24:45Z
MP/2025/1305,2025,1305,Obwieszczenie,"Obwieszczenie Ministra Cyfryzacji z dnia 2 grudnia 2025 r. w sprawie włączenia kwalifikacji wolnorynkowej ""Pozyskiwanie, przetwarzanie i wykorzystywanie otwartych danych publicznych"" do Zintegrowanego Systemu Kwalifikacji",2025-12-02,2025-12-30,2025-12-31T10:37:53,4093754d5673686b1ef41ffc1317df3953f8a33ccc816d6941e870fc2f69a759,4,938,0,0,0,ok,,eli2md 0.6.3,2026-09-29T23:24:45Z
MP/2025/1306,2025,1306,Postanowienie,Postanowienie Prezydenta Rzeczypospolitej Polskiej z dnia 22 grudnia 2025 r. o przedłużeniu okresu użycia Polskiego Kontyngentu Wojskowego w Siłach Międzynarodowych w Republice Kosowa i Republice Macedonii Północnej oraz w Bośni i Hercegowinie,2025-12-22,2025-12-30,2025-12-31T10:37:53,e981f13998230b5ceeaa77f899b601a996d410a295d8c6fb334468be6073bc4a,1,260,0,0,0,ok,,eli2md 0.6.3,2026-09-29T23:24:45Z
MP/2025/1307,2025,1307,Uchwała,"Uchwała nr 183 Rady Ministrów z dnia 23 grudnia 2025 r. zmieniająca uchwałę w sprawie ustanowienia programu inwestycyjnego pod nazwą ""Wzmocnienie infrastruktury do realizacji świadczeń pediatrycznych w Uniwersyteckim Centrum Klinicznym Warszawskiego Uniwersytetu Medycznego""",2025-12-23,2025-12-30,2025-12-31T10:37:53,d57300375866888a3d92315db32c5ca1237f1c495faa6461845c1db07074ba68,4,609,0,0,0,ok,,eli2md 0.6.3,2026-09-29T23:24:45Z
MP/2025/1308,2025,1308,Obwieszczenie,Obwieszczenie Ministra Sprawiedliwości z dnia 23 grudnia 2025 r. w sprawie wysokości odsetek ustawowych za opóźnienie,2025-12-23,2025-12-30,2025-12-31T10:37:54,fba9a90e4b38390b9ff30fffb6c1b01c3a02550a2cecbf7dd9768709fd60ad99,1,66,0,0,0,ok,,eli2md 0.6.3,2026-09-29T23:24:45Z
MP/2025/1309,2025,1309,Zarządzenie,Zarządzenie nr 79 Prezesa Rady Ministrów z dnia 23 grudnia 2025 r. w sprawie przeznaczenia składników majątkowych oraz ustalenia podmiotu i sposobu przekazania spraw wszczętych i niezakończonych przekształconego Ministerstwa Klimatu i Środowiska,2025-12-23,2025-12-31,2026-01-02T11:22:02,2bba65338a4955e6e323546fb9c027d9ff8501ac8c4a5f7f9aab2200cab4d36b,117,27488,0,0,0,ok,,eli2md 0.6.3,2026-09-29T23:24:45Z
MP/2025/1310,2025,1310,Uchwała,"Uchwała nr 186 Rady Ministrów z dnia 30 grudnia 2025 r. w sprawie ustanowienia programu inwestycyjnego pod nazwą ""Budowa budynku szpitalnego z dostosowaniem infrastruktury towarzyszącej w zakresie opieka psychiatryczna dla dorosłych oraz rozszerzenie działalności o poradnie dla dzieci i młodzieży w ramach Centrum Zdrowia Psychicznego w Szpitalu Miejskim św. Jana Pawła II w Elblągu""",2025-12-30,2025-12-31,2026-01-02T11:22:03,37ffb09d3aebb76107b2ae2c124cf14fe43fb782968e2c524afed8adb993a028,7,1914,0,0,0,ok,,eli2md 0.6.3,2026-09-29T23:24:45Z
MP/2025/1311,2025,1311,Uchwała,"Uchwała nr 187 Rady Ministrów z dnia 30 grudnia 2025 r. w sprawie ustanowienia programu inwestycyjnego pod nazwą ""Podniesienie jakości udzielanych świadczeń zdrowotnych przez Szpital Wojewódzki im. Jana Pawła II w Bełchatowie w obszarze psychiatrii poprzez dobudowę, przebudowę, modernizację i doposażenie w celu objęcia dofinansowaniem projektu strategicznego""",2025-12-30,2025-12-31,2026-01-02T11:22:03,657ea26de0de17ddd1ab80ccf25c2e7171d20525e9f24b377d4da69bda765409,11,3067,0,0,0,ok,,eli2md 0.6.3,2026-09-29T23:24:45Z
MP/2025/1312,2025,1312,Postanowienie,Postanowienie Prezydenta Rzeczypospolitej Polskiej z dnia 31 lipca 2025 r. nr rej. 475/2025 o nadaniu odznaczeń,2025-07-31,2025-12-31,2026-01-12T10:09:45,76ae928e81debdd6adf31e38ddfdec6fa71cf238f03ed2ae9439af3890b88ea1,2,322,0,0,0,ok,,eli2md 0.6.3,2026-09-29T23:24:45Z
MP/2025/1313,2025,1313,Postanowienie,Postanowienie Prezydenta Rzeczypospolitej Polskiej z dnia 3 października 2025 r. nr rej. 500/2025 o nadaniu odznaczeń,2025-10-03,2025-12-31,2026-01-12T10:09:11,df18e6659fb02c072598e459d3e719999219871ad334923320b955b0243db160,1,111,0,0,0,ok,,eli2md 0.6.3,2026-09-29T23:24:45Z
MP/2025/1314,2025,1314,Postanowienie,Postanowienie Prezydenta Rzeczypospolitej Polskiej z dnia 21 lipca 2025 r. nr rej. 509/2025 o nadaniu orderu,2025-07-21,2025-12-31,2026-01-02T11:22:03,558841ee9e2709fb7fbb0bab40cf7cc1c7170b7468ee8129d349e13fd3961c16,1,72,0,0,0,ok,,eli2md 0.6.3,2026-09-29T23:24:45Z
MP/2025/1315,2025,1315,Postanowienie,Postanowienie Prezydenta Rzeczypospolitej Polskiej z dnia 3 października 2025 r. nr rej. 538/2025 o nadaniu odznaczeń,2025-10-03,2025-12-31,2026-01-12T10:08:48,8c862fb03adcad2247c6ff84ecf101a02be33fec67277c970bbd7c30945676e4,1,125,0,0,0,ok,,eli2md 0.6.3,2026-09-29T23:24:45Z
MP/2025/1316,2025,1316,Postanowienie,Postanowienie Prezydenta Rzeczypospolitej Polskiej z dnia 1 sierpnia 2025 r. nr rej. 564/2025 o nadaniu orderu,2025-08-01,2025-12-31,2026-01-02T11:22:03,adad2b050f1025d6dc3777e88b0e298f0f63ff660dd53db60600324aad3ea4ea,1,72,0,0,0,ok,,eli2md 0.6.3,2026-09-29T23:24:45Z
MP/2025/1317,2025,1317,Uchwała,"Uchwała nr 188 Rady Ministrów z dnia 30 grudnia 2025 r. w sprawie ustanowienia programu inwestycyjnego pod nazwą ""Rozbudowa i kompleksowa modernizacja Centrum Psychiatrycznego w Warcie, celem zwiększenia bezpieczeństwa pacjentów oraz podniesienia standardu świadczeń zdrowotnych w zakresie psychiatrii oraz leczenia uzależnień""",2025-12-30,2025-12-31,2026-02-09T10:01:26,0ae3e6b92f98d83842cf713a5c5219f99ec44b14089f51543ca9565befe113c7,11,3457,0,0,0,ok,,eli2md 0.6.3,2026-09-29T23:24:45Z
MP/2026/1,2026,1,Postanowienie,Postanowienie Prezydenta Rzeczypospolitej Polskiej z dnia 29 października 2025 r. nr rej. 589/2025 o nadaniu odznaczeń,2025-10-29,2026-01-02,2026-01-12T10:01:28,cc13c1095f25edf85bd4fbc26df72ba7a5b1e6156c4c89a7e62b38fe6c8ec48d,1,109,0,0,0,ok,,eli2md 0.6.3,2026-09-29T23:24:45Z
MP/2026/2,2026,2,Postanowienie,Postanowienie Prezydenta Rzeczypospolitej Polskiej z dnia 3 października 2025 r. nr rej. 596/2025 o nadaniu odznaczeń,2025-10-03,2026-01-02,2026-01-12T10:01:11,9d6c7f7c4d20861f8d26f12ad48da4c8cfc8cdf6c052fc1b93504cd666a4a750,1,116,0,0,0,ok,,eli2md 0.6.3,2026-09-29T23:24:45Z
MP/2026/3,2026,3,Postanowienie,Postanowienie Prezydenta Rzeczypospolitej Polskiej z dnia 29 sierpnia 2025 r. nr rej. 602/2025 o nadaniu odznaczeń,2025-08-29,2026-01-02,2026-01-12T10:00:51,b7c661888b779703de626aecd16b41242ae3a5c512f4a63fe67f35505ecf9dbb,1,78,0,0,0,ok,,eli2md 0.6.3,2026-09-29T23:24:45Z
MP/2026/4,2026,4,Postanowienie,Postanowienie Prezydenta Rzeczypospolitej Polskiej z dnia 29 sierpnia 2025 r. nr rej. 603/2025 o nadaniu odznaczenia,2025-08-29,2026-01-02,2026-01-12T10:00:36,ec2bf25ad7742325b624b91307038aae4cd3ada3d07126ee6d5ecc59a7ca15dd,1,70,0,0,0,ok,,eli2md 0.6.3,2026-09-29T23:24:45Z
MP/2026/5,2026,5,Komunikat,Komunikat Ministra Finansów i Gospodarki z dnia 23 grudnia 2025 r. o wydanej decyzji w sprawie pozbawienia przedsiębiorcy statusu centrum badawczo-rozwojowego,2025-12-23,2026-01-02,2026-01-05T10:20:04,cd1351454506f64ba8a0282a0a48dc60a62de4576f664b7c07e99a66684d6a36,1,86,0,0,0,ok,,eli2md 0.6.3,2026-09-29T23:24:45Z
MP/2026/6,2026,6,Postanowienie,Postanowienie Prezydenta Rzeczypospolitej Polskiej z dnia 3 października 2025 r. nr rej. 661/2025 o nadaniu odznaczenia,2025-10-03,2026-01-02,2026-01-12T10:00:12,e8d07a271bf668362665ca45493ea65c74fdde82fa6007046564cf17b09e8668,1,73,0,0,0,ok,,eli2md 0.6.3,2026-09-29T23:24:45Z
MP/2026/7,2026,7,Postanowienie,Postanowienie Prezydenta Rzeczypospolitej Polskiej z dnia 3 października 2025 r. nr rej. 666/2025 o nadaniu orderu,2025-10-03,2026-01-02,2026-01-12T09:59:53,2db55287ccfbc2be5d708deab5488ea641fb0ce9f725a50384e8307219de4874,1,76,0,0,0,ok,,eli2md 0.6.3,2026-09-29T23:24:45Z
MP/2026/8,2026,8,Postanowienie,Postanowienie Prezydenta Rzeczypospolitej Polskiej z dnia 8 października 2025 r. nr rej. 670/2025 o nadaniu odznaczenia,2025-10-08,2026-01-02,2026-01-12T09:59:36,c98493b7e2fc95b5436e76bcf1f2fec0df261690ca30f2985997aee041155c01,1,93,0,0,0,ok,,eli2md 0.6.3,2026-09-29T23:24:45Z
MP/2026/9,2026,9,Postanowienie,Postanowienie Prezydenta Rzeczypospolitej Polskiej z dnia 3 października 2025 r. nr rej. 671/2025 o nadaniu orderów,2025-10-03,2026-01-02,2026-01-12T09:59:20,8af962a8033c69308bb7892616b35a35a0c9f9a5920e41dbecbdad37a3cebaf8,1,108,0,0,0,ok,,eli2md 0.6.3,2026-09-29T23:24:45Z
MP/2026/10,2026,10,Postanowienie,Postanowienie Prezydenta Rzeczypospolitej Polskiej z dnia 3 października 2025 r. nr rej. 678/2025 o nadaniu orderu,2025-10-03,2026-01-02,2026-01-12T09:59:04,a326638dcc4f814635b479f8cb60a78e91524c1b48da02b4ef1c97d6cfeba6fc,1,83,0,0,0,ok,,eli2md 0.6.3,2026-09-29T23:24:45Z
MP/2026/11,2026,11,Uchwała,Uchwała Sejmu Rzeczypospolitej Polskiej z dnia 18 grudnia 2025 r. w sprawie upamiętnienia 50. rocznicy powstania pierwszego uniwersytetu trzeciego wieku w Polsce,2025-12-18,2026-01-05,2026-05-12T09:01:27,6e662a1ec29ff68445b07f1acef2f69f16b6c0372307c3170740436591a7e392,1,326,0,0,0,ok,,eli2md 0.6.3,2026-09-29T23:24:45Z
MP/2026/12,2026,12,Uchwała,Uchwała Sejmu Rzeczypospolitej Polskiej z dnia 18 grudnia 2025 r. w sprawie upamiętnienia Adama Chętnika w 140. rocznicę urodzin,2025-12-18,2026-01-05,2026-05-12T09:01:27,23eaf090eddafd6cbd25eadac7db1e23bf11aa6446ce5ba2cfa092f252bf7676,1,422,0,0,0,ok,,eli2md 0.6.3,2026-09-29T23:24:45Z
MP/2026/13,2026,13,Uchwała,Uchwała Sejmu Rzeczypospolitej Polskiej z dnia 18 grudnia 2025 r. w sprawie upamiętnienia Romana Brandstaettera w 120. rocznicę urodzin,2025-12-18,2026-01-05,2026-05-12T09:01:27,11e9df9cf26afca4c46506b190664f5ef5ff8ce04c0aaae152f490f976e698b3,1,493,0,0,0,ok,,eli2md 0.6.3,2026-09-29T23:24:45Z
MP/2026/14,2026,14,Zarządzenie,Zarządzenie nr 1 Prezesa Rady Ministrów z dnia 2 stycznia 2026 r. zmieniające zarządzenie w sprawie Komitetu Ekonomicznego Rady Ministrów,2026-01-02,2026-01-05,2026-01-07T10:12:34,bbce1badc05a1758a863ef8166c7823f15b2c36b13b4e3d6c8a00e8af04016d2,2,309,0,0,0,ok,,eli2md 0.6.3,2026-09-29T23:24:45Z
MP/2026/15,2026,15,Postanowienie,Postanowienie Prezydenta Rzeczypospolitej Polskiej z dnia 29 października 2025 r. nr rej. 686/2025 o nadaniu odznaczeń,2025-10-29,2026-01-05,2026-01-12T09:58:46,eb5ab1c51b3f44cf4910b99e7cf9cc9a9abcf30ee13eb7f239eab6a45a48711c,1,134,0,0,0,ok,,eli2md 0.6.3,2026-09-29T23:24:45Z
MP/2026/16,2026,16,Postanowienie,Postanowienie Prezydenta Rzeczypospolitej Polskiej z dnia 29 października 2025 r. nr rej. 686/2025 o nadaniu odznaczeń,2025-10-29,2026-01-05,2026-01-12T09:58:31,9a1a2347b1283d604a8a5ef52f24d546987ac7d14f9a1a557d666168cf736939,1,115,0,0,0,ok,,eli2md 0.6.3,2026-09-29T23:24:45Z
MP/2026/17,2026,17,Postanowienie,Postanowienie Prezydenta Rzeczypospolitej Polskiej z dnia 29 października 2025 r. nr rej. 698/2025 o nadaniu orderów,2025-10-29,2026-01-05,2026-01-12T09:58:07,038c6b92a7bf5bdd9884b246f468a1cc9f62905464a1a6090bb91f982d39546c,1,106,0,0,0,ok,,eli2md 0.6.3,2026-09-29T23:24:45Z
MP/2026/18,2026,18,Postanowienie,Postanowienie Prezydenta Rzeczypospolitej Polskiej z dnia 15 października 2025 r. nr rej. 701/2025 o nadaniu orderów,2025-10-15,2026-01-05,2026-01-12T09:57:53,3904e17870980cdbbb70a5c18fae65c0ce034ea1c28460a6a509287f511c0ecb,1,80,0,0,0,ok,,eli2md 0.6.3,2026-09-29T23:24:45Z
MP/2026/19,2026,19,Postanowienie,Postanowienie Prezydenta Rzeczypospolitej Polskiej z dnia 22 października 2025 r. nr rej. 707/2025 o nadaniu orderu,2025-10-22,2026-01-05,2026-01-12T09:57:38,d1d215a04fa90e262003d4e4b5ea003d1db11da7d3122017f93be2e4fc95e384,1,82,0,0,0,ok,,eli2md 0.6.3,2026-09-29T23:24:45Z
MP/2026/20,2026,20,Postanowienie,Postanowienie Prezydenta Rzeczypospolitej Polskiej z dnia 22 października 2025 r. nr rej. 711/2025 o nadaniu orderu,2025-10-22,2026-01-05,2026-02-13T11:34:08,729b3cb6c601620889e518c1c5486b85c1ef95418bdd340d6c608bdbb7dbda93,1,81,0,0,0,ok,,eli2md 0.6.3,2026-09-29T23:24:45Z
MP/2026/21,2026,21,Postanowienie,Postanowienie Prezydenta Rzeczypospolitej Polskiej z dnia 22 października 2025 r. nr rej. 712/2025 o nadaniu orderów,2025-10-22,2026-01-05,2026-01-12T09:57:02,26edd3e1ce578ef419430683ed8c330ec557dfaca1b8e5ef972fbc988865ad36,1,92,0,0,0,ok,,eli2md 0.6.3,2026-09-29T23:24:45Z
MP/2026/22,2026,22,Postanowienie,Postanowienie Prezydenta Rzeczypospolitej Polskiej z dnia 29 października 2025 r. nr rej. 729/2025 o nadaniu orderu,2025-10-22,2026-01-05,2026-01-12T09:56:47,ac1ad0d4b6c6946735716b50f51274418005a04d0fb94c45dacfbfdf92ae5de5,1,83,0,0,0,ok,,eli2md 0.6.3,2026-09-29T23:24:45Z
MP/2026/23,2026,23,Postanowienie,Postanowienie Prezydenta Rzeczypospolitej Polskiej z dnia 3 października 2025 r. nr rej. 650/2025 o nadaniu odznaczeń,2025-10-03,2026-01-07,2026-01-12T09:56:33,648b0f832953012130116dbbec4631d778cd62befe94fddf27d84c6c719d6c2e,1,93,0,0,0,ok,,eli2md 0.6.3,2026-09-29T23:24:45Z
MP/2026/24,2026,24,Postanowienie,Postanowienie Prezydenta Rzeczypospolitej Polskiej z dnia 19 listopada 2025 r. nr rej. 689/2025 o nadaniu odznaczeń,2025-11-19,2026-01-07,2026-01-12T09:56:16,c2bf882b50207ae5b72f4e306d50c5d691cad9a687913a028839cf4df3876081,1,88,0,0,0,ok,,eli2md 0.6.3,2026-09-29T23:24:45Z
MP/2026/25,2026,25,Postanowienie,Postanowienie Prezydenta Rzeczypospolitej Polskiej z dnia 7 listopada 2025 r. nr rej. 713/2025 o nadaniu odznaczeń,2025-11-07,2026-01-07,2026-01-12T09:55:56,61d84fc486eac71939adcd0ca30742eb453a66f8bc5c4eca745c11422c37def0,1,88,0,0,0,ok,,eli2md 0.6.3,2026-09-29T23:24:45Z
MP/2026/26,2026,26,Postanowienie,Postanowienie Prezydenta Rzeczypospolitej Polskiej z dnia 14 listopada 2025 r. nr rej. 716/2025 o nadaniu odznaczeń,2025-11-14,2026-01-07,2026-01-12T09:55:38,a29cf53e310df538be813b2f04b35a463e69d50c7d51f834bcd8ebc38d5d0596,1,118,0,0,0,ok,,eli2md 0.6.3,2026-09-29T23:24:45Z
MP/2026/27,2026,27,Postanowienie,Postanowienie Prezydenta Rzeczypospolitej Polskiej z dnia 7 listopada 2025 r. nr rej. 718/2025 o nadaniu orderów,2025-11-07,2026-01-07,2026-01-12T09:55:24,f49dd32c51dcc502716232402aacb41ab6b7e0907665476ff57eb20945efd4ab,1,127,0,0,0,ok,,eli2md 0.6.3,2026-09-29T23:24:45Z
MP/2026/28,2026,28,Postanowienie,Postanowienie Prezydenta Rzeczypospolitej Polskiej z dnia 27 listopada 2025 r. nr rej. 735/2025 o nadaniu odznaczeń,2025-11-27,2026-01-07,2026-01-12T09:55:07,b507d3fa48989dca889a64d84e6e3fb662c59b69ceecfa0e1cb10e576aa8f733,2,181,0,0,0,ok,,eli2md 0.6.3,2026-09-29T23:24:45Z
MP/2026/29,2026,29,Postanowienie,Postanowienie Prezydenta Rzeczypospolitej Polskiej z dnia 7 listopada 2025 r. nr rej. 740/2025 o nadaniu orderu,2025-11-07,2026-01-07,2026-01-12T09:54:43,e74d77b82dcc0fc685fcd63bdc9812306079e92a469f67c5db0dfff132e541d9,1,82,0,0,0,ok,,eli2md 0.6.3,2026-09-29T23:24:45Z
MP/2026/30,2026,30,Postanowienie,Postanowienie Prezydenta Rzeczypospolitej Polskiej z dnia 7 listopada 2025 r. nr rej. 743/2025 o nadaniu odznaczenia,2025-11-07,2026-01-07,2026-01-12T09:54:27,8581c4794efab98544e98ef6ea63abecefa4c2f1cdea558f4770b5c309800aad,1,68,0,0,0,ok,,eli2md 0.6.3,2026-09-29T23:24:45Z
MP/2026/31,2026,31,Postanowienie,Postanowienie Prezydenta Rzeczypospolitej Polskiej z dnia 7 listopada 2025 r. nr rej. 746/2025 o nadaniu odznaczeń,2025-11-07,2026-01-07,2026-01-12T09:54:08,d226b60925c0f42de02485263cc5a90c9c51479a94cd82cd404eccc6965016e9,2,158,0,0,0,ok,,eli2md 0.6.3,2026-09-29T23:24:45Z
MP/2026/32,2026,32,Postanowienie,Postanowienie Prezydenta Rzeczypospolitej Polskiej z dnia 14 listopada 2025 r. nr rej. 755/2025 o nadaniu odznaczeń,2025-11-14,2026-01-07,2026-01-12T09:53:13,67c3eb40110fea1e754a2e15cfcd398a220d3373ade2b9f2b66c74d77c988177,2,194,0,0,0,ok,,eli2md 0.6.3,2026-09-29T23:24:45Z
MP/2026/33,2026,33,Postanowienie,Postanowienie Prezydenta Rzeczypospolitej Polskiej z dnia 14 listopada 2025 r. nr rej. 756/2025 o nadaniu odznaczeń,2025-11-14,2026-01-07,2026-01-12T09:53:47,733f1e0effe6a13ea19d2aad44343ec421560d161e01a9180b208b2593f0b9aa,1,121,0,0,0,ok,,eli2md 0.6.3,2026-09-29T23:24:45Z
MP/2026/34,2026,34,Zarządzenie,Zarządzenie nr 5 Prezesa Rady Ministrów z dnia 7 stycznia 2026 r. zmieniające zarządzenie w sprawie nadania statutu Ministerstwu Funduszy i Polityki Regionalnej,2026-01-07,2026-01-08,2026-01-09T10:01:10,f1729d9b3909b7d7db21f6ef65cce3cec0a3113454d7113dc003699c4128dde4,1,158,0,0,0,ok,,eli2md 0.6.3,2026-09-29T23:24:45Z
MP/2026/35,2026,35,Uchwała,"Uchwała nr 1 Rady Ministrów z dnia 2 stycznia 2026 r. w sprawie ustanowienia programu inwestycyjnego pod nazwą ""Kontynuacja modernizacji oraz wsparcie rozwoju opieki psychiatrycznej Centrum Zdrowia Psychicznego Szpitala Wojewódzkiego im. Kardynała Stefana Wyszyńskiego w Łomży""",2026-01-02,2026-01-09,2026-02-09T10:01:26,962b5ae327197fa4d9026d2e5f0707302e32e152ac28b9c4c06201e8b8930c0c,9,2738,0,0,0,ok,,eli2md 0.6.3,2026-09-29T23:24:45Z
MP/2026/36,2026,36,Zarządzenie,Zarządzenie nr 2 Prezesa Rady Ministrów z dnia 5 stycznia 2026 r. w sprawie wyznaczenia dla członków korpusu służby cywilnej dni wolnych od pracy,2026-01-05,2026-01-09,2026-01-12T11:24:13,6818999c1b92bdc474a687f94f63633312d778875c08482f7e000830fa46c214,1,169,0,0,0,ok,,eli2md 0.6.3,2026-09-29T23:24:45Z
MP/2026/37,2026,37,Postanowienie,Postanowienie Prezydenta Rzeczypospolitej Polskiej z dnia 19 listopada 2025 r. nr rej. 757/2025 o nadaniu odznaczeń,2025-11-19,2026-01-09,2026-01-12T11:24:13,0e36186237f2f7425dfdc8b2b0c4e70e86e2a524a913024328cbbf04d09e740a,2,226,0,0,0,ok,,eli2md 0.6.3,2026-09-29T23:24:45Z
MP/2026/38,2026,38,Postanowienie,Postanowienie Prezydenta Rzeczypospolitej Polskiej z dnia 14 listopada 2025 r. nr rej. 760/2025 o nadaniu orderów i odznaczeń,2025-11-14,2026-01-09,2026-01-12T11:24:13,3bb733d2f6e47498a1db63400cfb9f30f50eaa088edb8aef2a50a56c60d6074f,1,112,0,0,0,ok,,eli2md 0.6.3,2026-09-29T23:24:45Z
MP/2026/39,2026,39,Postanowienie,Postanowienie Prezydenta Rzeczypospolitej Polskiej z dnia 27 listopada 2025 r. nr rej. 765/2025 o nadaniu orderów i odznaczenia,2025-11-27,2026-01-09,2026-01-12T11:24:13,e786e62d769ddd2dea130f319813d3595c74233c0a75f222149ca1114bff71bb,2,233,0,0,0,ok,,eli2md 0.6.3,2026-09-29T23:24:45Z
MP/2026/40,2026,40,Postanowienie,Postanowienie Prezydenta Rzeczypospolitej Polskiej z dnia 21 listopada 2025 r. nr rej. 767/2025 o nadaniu orderu,2025-11-21,2026-01-09,2026-01-12T11:24:13,59e2c9c98e318c347d2b9a814ab56b48cbe1ba0f8ab58f47356fdefc1c19ded5,1,85,0,0,0,ok,,eli2md 0.6.3,2026-09-29T23:24:45Z
MP/2026/41,2026,41,Postanowienie,Postanowienie Prezydenta Rzeczypospolitej Polskiej z dnia 21 listopada 2025 r. nr rej. 769/2025 o nadaniu odznaczenia,2025-11-21,2026-01-09,2026-01-12T11:24:14,fcb83f1ed2e06a1b226210ef098d83c150cd0b60de529492b0ec03e2ebe9bc9b,1,69,0,0,0,ok,,eli2md 0.6.3,2026-09-29T23:24:45Z
MP/2026/42,2026,42,Zarządzenie,Zarządzenie nr 4 Prezesa Rady Ministrów z dnia 5 stycznia 2026 r. zmieniające zarządzenie w sprawie nadania statutu Urzędowi Lotnictwa Cywilnego,2026-01-05,2026-01-09,2026-01-12T11:24:14,46a949b977c38bdbcae4e9ca1fd05794dff2e5e5dc58dd86453ca0b7a5c8f569,1,238,0,0,0,ok,,eli2md 0.6.3,2026-09-29T23:24:45Z
MP/2026/43,2026,43,Postanowienie,Postanowienie Prezydenta Rzeczypospolitej Polskiej z dnia 27 listopada 2025 r. nr rej. 772/2025 o nadaniu odznaczeń,2025-11-27,2026-01-09,2026-01-12T11:24:14,9ac606583e1c52b960248ab26db90d43509d8285ce688297e64ef7e2e9caa64b,1,92,0,0,0,ok,,eli2md 0.6.3,2026-09-29T23:24:45Z
MP/2026/44,2026,44,Postanowienie,Postanowienie Prezydenta Rzeczypospolitej Polskiej z dnia 27 listopada 2025 r. nr rej. 773/2025 o nadaniu odznaczenia,2025-11-27,2026-01-09,2026-01-12T11:24:14,86ed3db00d0143f11e9372e0a0b67aa367949695a4a10e9044bc4498a77085e1,1,69,0,0,0,ok,,eli2md 0.6.3,2026-09-29T23:24:45Z
MP/2026/45,2026,45,Postanowienie,Postanowienie Prezydenta Rzeczypospolitej Polskiej z dnia 27 listopada 2025 r. nr rej. 776/2025 o nadaniu odznaczeń,2025-11-27,2026-01-09,2026-01-12T11:24:14,bf8f94424c157046db471287657281fd233d873906a96626ba14a1207770ddd3,3,390,0,0,0,ok,,eli2md 0.6.3,2026-09-29T23:24:45Z
MP/2026/46,2026,46,Postanowienie,Postanowienie Prezydenta Rzeczypospolitej Polskiej z dnia 27 listopada 2025 r. nr rej. 777/2025 o nadaniu orderu,2025-11-27,2026-01-09,2026-01-12T11:24:14,8c3be646c3fd78651b07050a15c9a8d19b96a4a4e25fbbb2854353ad95cd7b93,1,83,0,0,0,ok,,eli2md 0.6.3,2026-09-29T23:24:45Z
MP/2026/47,2026,47,Komunikat,Komunikat Ministra Finansów i Gospodarki z dnia 30 grudnia 2025 r. o wydanej decyzji w sprawie pozbawienia przedsiębiorcy statusu centrum badawczo-rozwojowego,2025-12-30,2026-01-09,2026-01-12T11:24:15,c88359883ba092220765eb1c29d3ce75764cd0589945cb24c8842ae45735558c,1,88,0,0,0,ok,,eli2md 0.6.3,2026-09-29T23:24:45Z
MP/2026/48,2026,48,Komunikat,Komunikat Ministra Infrastruktury z dnia 7 stycznia 2026 r. o podjęciu przez Radę Ministrów uchwały zmieniającej uchwałę w sprawie ustanowienia Programu Uzupełniania Lokalnej i Regionalnej Infrastruktury Kolejowej - Kolej + do 2029 roku,2026-01-07,2026-01-09,2026-01-12T11:24:15,40bd22804c3c3de0d9ae977c04a74880bc4ae8baa39048448ce6057de34b928f,1,144,0,0,0,ok,,eli2md 0.6.3,2026-09-29T23:24:45Z
MP/2026/49,2026,49,Obwieszczenie,"Obwieszczenie Prezesa Głównego Urzędu Statystycznego z dnia 8 stycznia 2026 r. w sprawie wskaźników zmian cen dla lokali mieszkalnych w trzecim kwartale 2025 r., z podziałem na województwa",2026-01-08,2026-01-09,2026-01-12T11:24:15,3b4235e0ef15ef0ddc2624be574dccd3354b43837c9bb1e6c1664adbe4bd29e8,2,166,0,0,0,ok,,eli2md 0.6.3,2026-09-29T23:24:45Z
MP/2026/50,2026,50,Uchwała,"Uchwała nr 3 Rady Ministrów z dnia 7 stycznia 2026 r. w sprawie ustanowienia programu inwestycyjnego pod nazwą ""Modernizacja i przebudowa komórek szpitala psychiatrycznego wraz z wyposażeniem, posadowieniem kontenerowej poradni zdrowia psychicznego wraz z wyposażeniem i rewitalizacją przyległego parku w celu poprawy jakości świadczeń""",2026-01-07,2026-01-12,2026-01-13T10:44:48,95e3d9415d0ed49860a3b294f1636a60227cd8104fd35cc328e934590792fb90,7,1693,0,0,0,ok,,eli2md 0.6.3,2026-09-29T23:24:45Z
MP/2026/51,2026,51,Uchwała,"Uchwała nr 2 Rady Ministrów z dnia 7 stycznia 2026 r. w sprawie ustanowienia programu inwestycyjnego pod nazwą ""Zapewnienie kompleksowej opieki psychiatrycznej dla dorosłych w Wojewódzkim Szpitalu Zespolonym im. Ludwika Perzyny w Kaliszu""",2026-01-07,2026-01-12,2026-01-13T10:45:04,da4d7b5930d1aea5a954ad5e373b91b2f9620f187e03ff40852e09f1cad89224,9,2722,0,0,0,ok,,eli2md 0.6.3,2026-09-29T23:24:45Z
MP/2026/52,2026,52,Uchwała,"Uchwała nr 4 Rady Ministrów z dnia 7 stycznia 2026 r. w sprawie ustanowienia programu inwestycyjnego pod nazwą ""Psychiatria i psychogeriatria w Centrum Medycznym HCP - modernizacja i przebudowa istniejących oddziałów psychiatrycznych w Poznaniu oraz utworzenie jednostki psychogeriatrycznej w Luboniu""",2026-01-07,2026-01-13,2026-02-09T10:01:26,1df77e4122cb5082cfaad0b71c09a1cffb18cddc96b69b13ad925c04b4718907,11,3250,0,0,0,ok,,eli2md 0.6.3,2026-09-29T23:24:45Z
MP/2026/53,2026,53,Uchwała,"Uchwała nr 8 Rady Ministrów z dnia 8 stycznia 2026 r. w sprawie ustanowienia programu inwestycyjnego pod nazwą ""Przebudowa, rozbudowa i doposażenie Klinik Psychiatrycznych Centralnego Szpitala Klinicznego Uniwersytetu Medycznego w Łodzi""",2026-01-08,2026-01-13,2026-01-14T10:23:46,a09bcd0fd5d9d97cfe4f1e1b8855c1ca35d5e31eb34e8deee1e670603ba9d7dd,8,2170,0,0,0,ok,,eli2md 0.6.3,2026-09-29T23:24:45Z
MP/2026/54,2026,54,Uchwała,"Uchwała nr 13 Rady Ministrów z dnia 8 stycznia 2026 r. w sprawie ustanowienia programu inwestycyjnego pod nazwą ""Budowa oddziału psychiatrycznego dla dzieci i młodzieży oraz oddziału psychiatrycznego ogólnego dla dorosłych wraz z wyposażeniem w Wojewódzkim Zakładzie Opieki Psychiatrycznej w Sokołówce""",2026-01-08,2026-01-13,2026-01-14T10:23:46,58dbdd2b45826d468ae8b228344672e46c91ed586afd4dd08779ea57d7319daf,11,3669,0,0,0,ok,,eli2md 0.6.3,2026-09-29T23:24:45Z
MP/2026/55,2026,55,Uchwała,"Uchwała nr 16 Rady Ministrów z dnia 8 stycznia 2026 r. w sprawie ustanowienia programu inwestycyjnego pod nazwą ""Poprawa jakości i dostępności do świadczeń z zakresu opieki psychiatrycznej i leczenia uzależnień poprzez modernizację w Samodzielnym Publicznym Zakładzie Opieki Zdrowotnej w Łukowie""",2026-01-08,2026-01-13,2026-02-09T10:01:26,9166815e05845985cc966ae79cf399a88149b7330234d45188c03a5a07a7eb43,9,2679,0,0,0,ok,,eli2md 0.6.3,2026-09-29T23:24:45Z
MP/2026/56,2026,56,Uchwała,"Uchwała nr 12 Rady Ministrów z dnia 8 stycznia 2026 r. w sprawie ustanowienia programu inwestycyjnego pod nazwą ""Rozbudowa, modernizacja i doposażenie Powiatowego Centrum Zdrowia Psychicznego w SPZOZ w Parczewie""",2026-01-08,2026-01-13,2026-02-09T10:01:26,619f49bc2821cbd127c5267913e2aeff6dc2b9b6c8936a5afe2c39b3f5342ff9,8,2367,0,0,0,ok,,eli2md 0.6.3,2026-09-29T23:24:45Z
MP/2026/57,2026,57,Postanowienie,Postanowienie Prezydenta Rzeczypospolitej Polskiej z dnia 12 listopada 2025 r. nr 1130.68.2025 o powołaniu do pełnienia urzędu na stanowisku sędziego,2025-11-12,2026-01-14,2026-01-15T10:43:30,5e1137967489e499f3f68d8933f11a6256b9dbc06bae2782cd9a3c650f91a7bf,2,373,0,0,0,ok,,eli2md 0.6.3,2026-09-29T23:24:45Z
MP/2026/58,2026,58,Uchwała,Uchwała nr 735/2025 Krajowej Rady Sądownictwa z dnia 10 października 2025 r. w sprawie zmiany Regulaminu Krajowej Rady Sądownictwa,2025-10-10,2026-01-14,2026-01-15T10:43:30,bcc0544423d6a57f68b4e4bf495fe61a7bea5cfc6360de8e5c5948ceacf41bf3,1,361,0,0,0,ok,,eli2md 0.6.3,2026-09-29T23:24:45Z
MP/2026/59,2026,59,Postanowienie,Postanowienie Prezydenta Rzeczypospolitej Polskiej z dnia 15 grudnia 2025 r. nr 1131.58.2025 o powołaniu w skład Rady Polityki Pieniężnej,2025-12-15,2026-01-14,2026-01-15T10:43:30,bb00afb989534255e0a65ec1d159e7829f0a51a022a7a02d29a93e6e6bf1f65d,1,81,0,0,0,ok,,eli2md 0.6.3,2026-09-29T23:24:45Z
MP/2026/60,2026,60,Postanowienie,Postanowienie Prezydenta Rzeczypospolitej Polskiej z dnia 3 października 2025 r. nr 1130.57.2025 o powołaniu do pełnienia urzędu na stanowisku sędziego,2025-10-03,2026-01-14,2026-01-15T10:43:30,c5c5252c81d5076462ccde1aeb83a551d023a4b03e1bd4b94ee9026bc899fd74,1,146,0,0,0,ok,,eli2md 0.6.3,2026-09-29T23:24:45Z
MP/2026/61,2026,61,Postanowienie,Postanowienie Prezydenta Rzeczypospolitej Polskiej z dnia 3 października 2025 r. nr 1130.58.2025 o powołaniu do pełnienia urzędu na stanowisku sędziego,2025-10-03,2026-01-14,2026-01-15T10:43:30,51e35aace2ad724d54e2db3c7a24dca4643f0af6be47811730d1222aaf378515,2,326,0,0,0,ok,,eli2md 0.6.3,2026-09-29T23:24:45Z
MP/2026/62,2026,62,Postanowienie,Postanowienie Prezydenta Rzeczypospolitej Polskiej z dnia 3 października 2025 r. nr 1130.60.2025 o powołaniu do pełnienia urzędu na stanowisku sędziego,2025-10-03,2026-01-14,2026-01-15T10:43:30,38c2d1603d2ceb6995dd3e4970c9baf120e16e44107a714bffc65e4efa20b20d,1,103,0,0,0,ok,,eli2md 0.6.3,2026-09-29T23:24:45Z
MP/2026/63,2026,63,Postanowienie,Postanowienie Prezydenta Rzeczypospolitej Polskiej z dnia 3 października 2025 r. nr 1130.61.2025 o powołaniu do pełnienia urzędu na stanowisku sędziego,2025-10-03,2026-01-14,2026-01-15T10:43:30,1444d8b5779458aee3611640e8c4162c3872ea63001bfbbad10b7d013d805d8e,1,59,0,0,0,ok,,eli2md 0.6.3,2026-09-29T23:24:45Z
MP/2026/64,2026,64,Postanowienie,Postanowienie Prezydenta Rzeczypospolitej Polskiej z dnia 8 października 2025 r. nr 1130.62.2025 o powołaniu do pełnienia urzędu na stanowisku sędziego,2025-10-08,2026-01-14,2026-01-15T10:43:30,43838c201ce12e0835243491239132e311d003499656ac735a53b28f3cbfc407,1,77,0,0,0,ok,,eli2md 0.6.3,2026-09-29T23:24:45Z
MP/2026/65,2026,65,Obwieszczenie,"Obwieszczenie Ministra Kultury i Dziedzictwa Narodowego z dnia 31 grudnia 2025 r. w sprawie włączenia kwalifikacji rynkowej ""Budowanie wizerunku osobistego"" do Zintegrowanego Systemu Kwalifikacji",2025-12-31,2026-01-14,2026-01-15T10:43:30,9e5023b051bbe6451eb2d66fd622006a44c3b62150325c8417dea09b6be8a7a5,7,1673,0,0,0,ok,,eli2md 0.6.3,2026-09-29T23:24:45Z
MP/2026/66,2026,66,Uchwała,"Uchwała nr 11 Rady Ministrów z dnia 8 stycznia 2026 r. w sprawie ustanowienia programu inwestycyjnego pod nazwą ""Przebudowa wraz z rozbudową i doposażeniem infrastruktury strategicznej budynku Szpitala Centrum Psychiatrii w Katowicach im. dr. Krzysztofa Czumy przy ul. Korczaka 27 wykonującego działalność leczniczą w zakresie opieki psychiatrycznej i leczenia uzależnień""",2026-01-08,2026-01-14,2026-02-09T10:01:26,9bef50de37cd5bce92542eb4bb001334ccbb867eaffc18e9404c2f07fda24033,8,2346,0,0,0,ok,,eli2md 0.6.3,2026-09-29T23:24:45Z
MP/2026/67,2026,67,Uchwała,"Uchwała nr 14 Rady Ministrów z dnia 8 stycznia 2026 r. w sprawie ustanowienia programu inwestycyjnego pod nazwą ""Rozwój infrastruktury i standardów opieki psychiatrycznej dla dzieci, młodzieży i dorosłych w Samodzielnym Publicznym Szpitalu dla Nerwowo i Psychicznie Chorych w Międzyrzeczu""",2026-01-08,2026-01-14,2026-02-09T10:01:26,67381a6cef90a81e76b3b190c7c388ccb4940dbf2352f4677659c637f8775e9e,13,4647,0,0,0,ok,,eli2md 0.6.3,2026-09-29T23:24:45Z
MP/2026/68,2026,68,Uchwała,"Uchwała nr 15 Rady Ministrów z dnia 8 stycznia 2026 r. w sprawie ustanowienia programu inwestycyjnego pod nazwą ""Przebudowa i modernizacja infrastruktury Zespołu Zakładów Opieki Zdrowotnej w Cieszynie na potrzeby psychiatrii""",2026-01-08,2026-01-14,2026-02-09T10:01:26,58b1efc1cb8fb5c26ec86d7cc61ee6bad41a053af040969ffe390d800840b0db,11,3930,0,0,0,ok,,eli2md 0.6.3,2026-09-29T23:24:45Z
MP/2026/69,2026,69,Obwieszczenie,"Obwieszczenie Prezesa Urzędu Patentowego Rzeczypospolitej Polskiej z dnia 8 stycznia 2026 r. o wskazaniu wystaw dających pierwszeństwo do uzyskania prawa ochronnego albo prawa z rejestracji, w przypadku wystawiania na nich wzoru użytkowego albo wzoru przemysłowego",2026-01-08,2026-01-14,2026-01-15T10:43:30,16c5de9f692eece580fbd4f3ac7ca766aa9e422511321f8c42c2b011bf88a86e,1,305,0,0,0,ok,,eli2md 0.6.3,2026-09-29T23:24:45Z
MP/2026/70,2026,70,Uchwała,"Uchwała nr 9 Rady Ministrów z dnia 8 stycznia 2026 r. w sprawie ustanowienia programu inwestycyjnego pod nazwą ""Dostosowanie infrastruktury Świętokrzyskiego Centrum Psychiatrii w Morawicy do udzielania świadczeń opieki zdrowotnej zgodnie z założeniami reformy opieki psychiatrycznej""",2026-01-08,2026-01-14,2026-02-09T10:01:26,263a552b7207635d1a454eee632b0fe82025cf8aa606677667ce5bb6f91f1cce,10,3216,0,0,0,ok,,eli2md 0.6.3,2026-09-29T23:24:45Z
MP/2026/71,2026,71,Uchwała,"Uchwała nr 10 Rady Ministrów z dnia 8 stycznia 2026 r. w sprawie ustanowienia programu inwestycyjnego pod nazwą ""Przebudowa, modernizacja budynków szpitalnych oraz doposażenie infrastruktury technicznej i medycznej w celu poprawy jakości i dostępności do kompleksowej opieki psychiatrycznej w Wielospecjalistycznym Szpitalu Wojewódzkim w Gorzowie Wielkopolskim spółka z ograniczoną odpowiedzialnością""",2026-01-08,2026-01-14,2026-02-09T10:01:26,492d5e3d5cf5ed924f436ec92ae6c5067a4f465076b21858aecfeeb391f55cbd,13,4116,0,0,0,ok,,eli2md 0.6.3,2026-09-29T23:24:45Z
MP/2026/72,2026,72,Obwieszczenie,Obwieszczenie Prezesa Rady Ministrów z dnia 13 stycznia 2026 r. w sprawie ogłoszenia jednolitego tekstu zarządzenia Prezesa Rady Ministrów w sprawie nadania statutu Kancelarii Prezesa Rady Ministrów,2026-01-13,2026-01-15,2026-01-16T10:37:00,a4ad6757d650f7900e64374d077b93c6ca8da1f9d9a56f892a46e575a24d21c6,4,1048,0,0,0,ok,,eli2md 0.6.3,2026-09-29T23:24:45Z
MP/2026/73,2026,73,Uchwała,"Uchwała nr 22 Rady Ministrów z dnia 9 stycznia 2026 r. w sprawie ustanowienia programu inwestycyjnego pod nazwą ""Budowa nowego budynku dla Oddziału Psychiatrii Dorosłych oraz Oddziału Psychiatrii Dzieci i Młodzieży wraz z obszarem dziennym i ambulatoryjnym przeznaczonym opiece psychiatryczno-psychologicznej w Samodzielnym Publicznym Zakładzie Opieki Zdrowotnej Szpital Uniwersytecki w Krakowie""",2026-01-09,2026-01-15,2026-02-09T10:01:26,c1ef4ca3d9c36870b16c3b0f8e32df85b8ae19597e10fcafec32c5c2bd7dbb7f,9,2874,0,0,0,ok,,eli2md 0.6.3,2026-09-29T23:24:45Z
MP/2026/74,2026,74,Uchwała,"Uchwała nr 20 Rady Ministrów z dnia 9 stycznia 2026 r. w sprawie ustanowienia programu inwestycyjnego pod nazwą ""Dobudowa i rozbudowa budynku H celem zwiększenia dostępności i poprawy jakości opieki psychiatrycznej w Szpitalu Powiatowym w Chrzanowie""",2026-01-09,2026-01-15,2026-02-09T10:01:26,946a11f904a24d2a1d2f57a3f4965c7241a8fc598cb7c20ea30a31fcad8d820a,8,2294,0,0,0,ok,,eli2md 0.6.3,2026-09-29T23:24:45Z
MP/2026/75,2026,75,Uchwała,"Uchwała nr 19 Rady Ministrów z dnia 9 stycznia 2026 r. w sprawie ustanowienia programu inwestycyjnego pod nazwą ""Budowa nowego budynku, nadbudowa oraz modernizacja i doposażenie Centrum Zdrowia Psychicznego wraz z niezbędną infrastrukturą techniczną oraz budowa placu zabaw i doposażenie Centrum Zdrowia Psychicznego dla Dzieci i Młodzieży II poziom referencyjny w Samodzielnym Publicznym Zespole Opieki Zdrowotnej w Leżajsku""",2026-01-09,2026-01-15,2026-02-09T10:01:26,f740a016ada1c1d462a0760154faaf46853881bbc7f4240f2d16c1d1a43fa663,12,3826,0,0,0,ok,,eli2md 0.6.3,2026-09-29T23:24:45Z
MP/2026/76,2026,76,Uchwała,Uchwała Sejmu Rzeczypospolitej Polskiej z dnia 9 stycznia 2026 r. w sprawie wyrażenia zgody na przedłużenie okresu obowiązywania czasowego ograniczenia prawa do złożenia wniosku o udzielenie ochrony międzynarodowej na granicy państwowej z Republiką Białorusi,2026-01-09,2026-01-15,2026-01-16T10:37:00,dc88560ec670f124e0b882e91b47fc4196d011135a3cba90639adfe0c2b8d825,1,242,0,0,0,ok,,eli2md 0.6.3,2026-09-29T23:24:45Z
MP/2026/77,2026,77,Uchwała,"Uchwała nr 24 Rady Ministrów z dnia 12 stycznia 2026 r. w sprawie ustanowienia programu inwestycyjnego pod nazwą ""Rozbudowa i modernizacja Szpitala Specjalistycznego im. Henryka Klimontowicza w Gorlicach przez utworzenie nowych Oddziałów i Poradni psychiatrycznych oraz poprawę infrastruktury towarzyszącej i technicznej""",2026-01-12,2026-01-16,2026-02-09T10:01:26,68654e7b60758120a9a64d1ccf684a3e06cb51a23d8a0d4a931936d41820a946,8,1993,0,0,0,ok,,eli2md 0.6.3,2026-09-29T23:24:45Z
MP/2026/78,2026,78,Obwieszczenie,"Obwieszczenie Ministra Kultury i Dziedzictwa Narodowego z dnia 22 grudnia 2025 r. w sprawie włączenia kwalifikacji rynkowej ""Występowanie publiczne"" do Zintegrowanego Systemu Kwalifikacji",2025-12-22,2026-01-16,2026-01-19T11:16:59,92f4f072f85e27cf0d6c0b96373d4fd9885f0414ee8bceb1fe95672faca27b27,8,1831,0,0,0,ok,,eli2md 0.6.3,2026-09-29T23:24:45Z
MP/2026/79,2026,79,Uchwała,"Uchwała nr 26 Rady Ministrów z dnia 12 stycznia 2026 r. w sprawie ustanowienia programu inwestycyjnego pod nazwą ""Budowa, przebudowa, modernizacja i doposażenie oddziałów i innych komórek organizacyjnych opieki psychiatrycznej dzieci i młodzieży oraz dorosłych w Szpitalu Klinicznym im. Karola Jonschera Uniwersytetu Medycznego w Poznaniu""",2026-01-12,2026-01-16,2026-02-09T10:01:26,353a65513a0e5520ca655317e728afd1f92f2cd3badce940673aee043f2fe715,11,3294,0,0,0,ok,,eli2md 0.6.3,2026-09-29T23:24:45Z
MP/2026/80,2026,80,Komunikat,Komunikat Prezesa Głównego Urzędu Statystycznego z dnia 15 stycznia 2026 r. w sprawie średniorocznego wskaźnika cen towarów i usług konsumpcyjnych dla gospodarstw domowych emerytów i rencistów w 2025 r.,2026-01-15,2026-01-16,2026-01-19T11:16:59,28e8634d277bebc096466ebe86b7014cf93ba01e4c72d2928a26ee6968a0c21d,1,104,0,0,0,ok,,eli2md 0.6.3,2026-09-29T23:24:45Z
MP/2026/81,2026,81,Komunikat,Komunikat Prezesa Głównego Urzędu Statystycznego z dnia 15 stycznia 2026 r. w sprawie średniorocznego wskaźnika cen towarów i usług konsumpcyjnych ogółem w 2025 r.,2026-01-15,2026-01-16,2026-08-17T00:00:00,83871fa8b4d901ef773e5b5bad0c8de351d9e3b139e2efdc86a598302473909f,1,94,0,0,0,ok,,eli2md 0.6.3,2026-09-29T23:24:45Z
MP/2026/82,2026,82,Komunikat,Komunikat Prezesa Głównego Urzędu Statystycznego z dnia 15 stycznia 2026 r. w sprawie przeciętnej średniorocznej ceny detalicznej 1000 kg węgla kamiennego w 2025 r.,2026-01-15,2026-01-16,2026-01-19T11:16:59,5f49c3ca467a64017337d2fbebe9cb5a96d90c79339f4dd1f35d27d4047d57ef,1,82,0,0,0,ok,,eli2md 0.6.3,2026-09-29T23:24:45Z
MP/2026/83,2026,83,Komunikat,Komunikat Prezesa Głównego Urzędu Statystycznego z dnia 15 stycznia 2026 r. w sprawie wskaźnika cen towarów nieżywnościowych trwałego użytku w IV kwartale 2025 r.,2026-01-15,2026-01-16,2026-01-19T11:16:59,02f46330678fb3015ae4f46645c67a90f247ec9478e3e59916f96c03186f28c3,1,94,0,0,0,ok,,eli2md 0.6.3,2026-09-29T23:24:45Z
MP/2026/84,2026,84,Komunikat,Komunikat Prezesa Głównego Urzędu Statystycznego z dnia 15 stycznia 2026 r. w sprawie średniorocznego wskaźnika cen konsumpcyjnych nośników energii w 2025 r.,2026-01-15,2026-01-16,2026-01-19T11:16:59,1e63bfa034fccd3827597a6e89a6c630c445c11fe040ac7e1a786ef6c1cd23f5,1,90,0,0,0,ok,,eli2md 0.6.3,2026-09-29T23:24:45Z
MP/2026/85,2026,85,Komunikat,Komunikat Prezesa Głównego Urzędu Statystycznego z dnia 15 stycznia 2026 r. w sprawie wskaźnika cen towarów i usług konsumpcyjnych ogółem w IV kwartale 2025 r.,2026-01-15,2026-01-16,2026-01-19T11:16:59,1e4ff222facaa5f3f89f0225ee69421fb91898be1ef98c90d768097b82166ceb,1,94,0,0,0,ok,,eli2md 0.6.3,2026-09-29T23:24:45Z
MP/2026/86,2026,86,Uchwała,"Uchwała nr 23 Rady Ministrów z dnia 12 stycznia 2026 r. w sprawie ustanowienia programu inwestycyjnego pod nazwą ""Rozbudowa i modernizacja Zespołu Głównego Centrum Onkologii im. prof. Franciszka Łukaszczyka w Bydgoszczy w zakresie działalności podstawowej: diagnostyki i leczenia""",2026-01-12,2026-01-19,2026-02-09T10:01:25,d508f3044c73d786883d9b335c074e0572b27cfcfbc12c116b7510a01675e673,12,3887,0,0,0,ok,,eli2md 0.6.3,2026-09-29T23:24:45Z
MP/2026/87,2026,87,Uchwała,"Uchwała nr 31 Rady Ministrów z dnia 13 stycznia 2026 r. w sprawie ustanowienia programu inwestycyjnego pod nazwą ""Przebudowa, modernizacja i doposażenie Specjalistycznego Szpitala im. dra Alfreda Sokołowskiego w Wałbrzychu w celu poprawy jakości psychiatrycznej opieki zdrowotnej""",2026-01-13,2026-01-19,2026-02-09T10:01:25,9cb2f1c383fbf8e7c823078a28a3fbfd45f0c29b84fd6d1ec2ef26c8e469169b,9,2366,0,0,0,ok,,eli2md 0.6.3,2026-09-29T23:24:45Z
MP/2026/88,2026,88,Uchwała,"Uchwała nr 17 Rady Ministrów z dnia 9 stycznia 2026 r. w sprawie ustanowienia programu inwestycyjnego pod nazwą ""Poprawa dostępu do świadczeń opieki psychiatrycznej przez rozbudowę oraz dostosowanie infrastruktury budowlanej i technicznej wraz z wyposażeniem dla Centrum Zdrowia Psychicznego w Samodzielnym Publicznym Specjalistycznym Zakładzie Opieki Zdrowotnej w Lęborku""",2026-01-09,2026-01-19,2026-02-09T10:01:25,1cb383091c56f165257a8820f96fcc1bbaf3d8dbf1e4278977e320034f4cbe36,9,2456,0,0,0,ok,,eli2md 0.6.3,2026-09-29T23:24:45Z
MP/2026/89,2026,89,Uchwała,"Uchwała nr 32 Rady Ministrów z dnia 13 stycznia 2026 r. w sprawie ustanowienia programu inwestycyjnego pod nazwą ""Budowa Centrum Zdrowia Psychicznego II Etap - Budowa Budynku Oddziału Stacjonarnej Opieki Psychiatrycznej w Szpitalu Specjalistycznym Ducha Świętego w Sandomierzu""",2026-01-13,2026-01-19,2026-02-09T10:01:25,ce61d4a072bd8d680bea7be35df081ed6c3f5e3db927feec8bb10c0ef0811312,9,2548,0,0,0,ok,,eli2md 0.6.3,2026-09-29T23:24:45Z
MP/2026/90,2026,90,Uchwała,"Uchwała nr 36 Rady Ministrów z dnia 13 stycznia 2026 r. w sprawie ustanowienia programu inwestycyjnego pod nazwą ""Budowa Centrum Zdrowia Psychicznego dla Dorosłych przy Wojewódzkim Szpitalu Specjalistycznym w Legnicy""",2026-01-13,2026-01-19,2026-02-09T10:01:25,5bbb709d3b719c969a7896f64bf49a19872ecdcdf6cc7102f3f5f4722130d74f,10,3223,0,0,0,ok,,eli2md 0.6.3,2026-09-29T23:24:45Z
MP/2026/91,2026,91,Uchwała,"Uchwała nr 7 Rady Ministrów z dnia 8 stycznia 2026 r. w sprawie ustanowienia programu inwestycyjnego pod nazwą ""Budowa nowego ""Łódzkiego Centrum Neuropsychiatrii"" """,2026-01-08,2026-01-19,2026-02-09T10:01:25,f4e10623d42d3d9d3138f8432c7534108fa0455ff5b52f5117ffe9224ea47f0f,13,4062,0,0,0,ok,,eli2md 0.6.3,2026-09-29T23:24:45Z
MP/2026/92,2026,92,Uchwała,"Uchwała nr 35 Rady Ministrów z dnia 14 stycznia 2026 r. w sprawie ustanowienia programu inwestycyjnego pod nazwą ""Poprawa jakości oraz dostępności do świadczeń zdrowotnych w zakresie opieki psychiatrycznej poprzez budowę nowego budynku oraz wyposażenie Centrum Ochrony Zdrowia Psychicznego Samodzielnego Publicznego Zespołu Opieki Zdrowotnej w Sanoku""",2026-01-14,2026-01-19,2026-02-09T10:01:25,7960856a9b7cafa6a458ae4c87869ba7748557c7fcdc179aa1975b099aa7c956,10,2815,0,0,0,ok,,eli2md 0.6.3,2026-09-29T23:24:45Z
MP/2026/93,2026,93,Obwieszczenie,"Obwieszczenie Prezesa Urzędu Patentowego Rzeczypospolitej Polskiej z dnia 15 stycznia 2026 r. o wskazaniu wystaw dających pierwszeństwo do uzyskania prawa ochronnego albo prawa z rejestracji, w przypadku wystawiania na nich wzoru użytkowego albo wzoru przemysłowego",2026-01-15,2026-01-20,2026-01-21T10:30:55,8504b5726fbfbbe373645df9b89d73c990207c1346003450aedda7b46da49886,1,183,0,0,0,ok,,eli2md 0.6.3,2026-09-29T23:24:45Z
MP/2026/94,2026,94,Obwieszczenie,Obwieszczenie Prezesa Głównego Urzędu Statystycznego z dnia 19 stycznia 2026 r. w sprawie średniej krajowej ceny skupu pszenicy za okres 11 kwartałów poprzedzających pierwsze półrocze 2026,2026-01-19,2026-01-20,2026-01-21T10:30:55,0009b9593a4aba46a3b73aad80de8cff92d7ab72891617b4cfe84e04eccf9628,1,82,0,0,0,ok,,eli2md 0.6.3,2026-09-29T23:24:45Z
MP/2026/95,2026,95,Obwieszczenie,Obwieszczenie Prezesa Głównego Urzędu Statystycznego z dnia 19 stycznia 2026 r. w sprawie wskaźnika zmian cen skupu podstawowych produktów rolnych w drugim półroczu 2025 r.,2026-01-19,2026-01-20,2026-01-21T10:30:55,f522df4cd17a83ca50db587848570f9a410483cb3499db39f644424148cb5abc,1,86,0,0,0,ok,,eli2md 0.6.3,2026-09-29T23:24:45Z
MP/2026/96,2026,96,Zarządzenie,Zarządzenie nr 7 Prezesa Rady Ministrów z dnia 19 stycznia 2026 r. zmieniające zarządzenie w sprawie Międzyresortowego Zespołu do spraw opracowania projektów założeń centralnego systemu teleinformatycznego wymiany informacji o małoletnich doznających przemocy domowej,2026-01-19,2026-01-20,2026-04-03T09:39:03,d391750e3a8c3e29ff4d66312aa6aaaa79f35f524d57ff66428d69ebe97f8e12,1,288,0,0,0,ok,,eli2md 0.6.3,2026-09-29T23:24:45Z
MP/2026/97,2026,97,Obwieszczenie,"Obwieszczenie Ministra Energii z dnia 19 stycznia 2026 r. w sprawie ceny zbytu 1 Mg węgla kamiennego w sortymencie Orzech ustalonej według ceny średniej z IV kwartału 2025 r., skorygowanej o przewidywany wskaźnik wzrostu cen towarów i usług konsumpcyjnych na 2026 r.",2026-01-19,2026-01-20,2026-01-21T10:30:55,3650ffdebf2e747b4ab59d5f3d9645ac0352408f7bccad50897990d88d6f4d85,1,119,0,0,0,ok,,eli2md 0.6.3,2026-09-29T23:24:45Z
MP/2026/98,2026,98,Obwieszczenie,"Obwieszczenie Ministra Energii z dnia 19 stycznia 2026 r. w sprawie przeciętnej średniorocznej ceny zbytu 1 Mg węgla kamiennego w asortymencie Orzech z 2025 r., skorygowanej o przewidywany wskaźnik wzrostu cen towarów i usług konsumpcyjnych na 2026 r.",2026-01-19,2026-01-20,2026-01-21T10:30:55,062e1c5f36ec2de9155778134b6283839f2264f4b78c624e5bcdd309e236f162,1,116,0,0,0,ok,,eli2md 0.6.3,2026-09-29T23:24:45Z
MP/2026/99,2026,99,Uchwała,"Uchwała nr 29 Rady Ministrów z dnia 12 stycznia 2026 r. w sprawie ustanowienia programu inwestycyjnego pod nazwą ""Rozbudowa Specjalistycznego Szpitala im. Ks. Biskupa Józefa Nathana w Branicach o budynek z oddziałami psychiatrii dla dorosłych oraz częściowa termomodernizacja pawilonu C i D""",2026-01-12,2026-01-21,2026-02-09T10:01:25,3ccd9c497c0d8ed1054f1dc60a8da7f29cad28bf4a7ac56ae90ae13691890538,9,2705,0,0,0,ok,,eli2md 0.6.3,2026-09-29T23:24:45Z
MP/2026/100,2026,100,Uchwała,"Uchwała nr 27 Rady Ministrów z dnia 12 stycznia 2026 r. w sprawie ustanowienia programu inwestycyjnego pod nazwą ""Kompleksowa organizacja opieki psychiatrycznej Szpitala Specjalistycznego w Kościerzynie Spółka z ograniczoną odpowiedzialnością polegająca na dostosowaniu budowlanym i sprzętowym obiektów""",2026-01-12,2026-01-21,2026-02-09T10:01:25,2a8425029bfef468844803ee263ab60cdb50a8ff952996c54281a96964677e6b,8,2268,0,0,0,ok,,eli2md 0.6.3,2026-09-29T23:24:45Z
MP/2026/101,2026,101,Uchwała,"Uchwała nr 44 Rady Ministrów z dnia 16 stycznia 2026 r. w sprawie ustanowienia programu inwestycyjnego pod nazwą ""OnkoPlus - rozwój Uniwersyteckiego Centrum Onkologii wraz z medycyną nuklearną""",2026-01-16,2026-01-21,2026-02-09T10:01:25,2b8944946c18ddc12cdb26fc680bd156787ede8fb2ae7e35598578903effc8c3,13,4303,0,0,0,ok,,eli2md 0.6.3,2026-09-29T23:24:45Z
MP/2026/102,2026,102,Postanowienie,Postanowienie Prezydenta Rzeczypospolitej Polskiej z dnia 31 grudnia 2025 r. nr 115.13.2025 w sprawie nadania tytułu profesora,2025-12-31,2026-01-21,2026-01-22T10:45:54,b61110a8220b53fc93362fd75f862bf1dcf50add17cb8f13e7d653a8b18aa588,2,433,0,0,0,ok,,eli2md 0.6.3,2026-09-29T23:24:45Z
MP/2026/103,2026,103,Uchwała,"Uchwała nr 25 Rady Ministrów z dnia 12 stycznia 2026 r. w sprawie ustanowienia programu inwestycyjnego pod nazwą ""Modernizacja i rozbudowa Centrum Psychiatrii Sądowej oraz utworzenie Centrum Psychiatrii Dzieci i Młodzieży w Klinicznym Szpitalu Psychiatrycznym SPZOZ w Rybniku""",2026-01-12,2026-01-21,2026-02-09T10:01:25,94ca27454938dde1eb45df4d95b57a314f04d66c80158077569ab100f4c5258d,12,4057,0,0,0,ok,,eli2md 0.6.3,2026-09-29T23:24:45Z
MP/2026/104,2026,104,Komunikat,Komunikat Szefa Urzędu do Spraw Kombatantów i Osób Represjonowanych z dnia 20 stycznia 2026 r. w sprawie kwoty ryczałtu energetycznego,2026-01-20,2026-01-22,2026-01-23T11:40:49,9b5b12743180e17721efa7d7e6484cdac3c5c09dfeb0cc3feb528800fffdcfa4,1,83,0,0,0,ok,,eli2md 0.6.3,2026-09-29T23:24:45Z
MP/2026/105,2026,105,Uchwała,"Uchwała nr 34 Rady Ministrów z dnia 13 stycznia 2026 r. w sprawie ustanowienia programu inwestycyjnego pod nazwą ""Rozbudowa, modernizacja i doposażenie Oddziału Klinicznego Psychiatrii i Psychoterapii Wieku Rozwojowego w Centrum Zdrowia Dziecka i Rodziny im. Jana Pawła II w Sosnowcu""",2026-01-13,2026-01-22,2026-02-09T10:01:25,d373ab24d3721089453cdfc279522f4d768af4886bb89f0ed4ac675f4bb33588,13,4291,0,0,0,ok,,eli2md 0.6.3,2026-09-29T23:24:45Z
MP/2026/106,2026,106,Uchwała,"Uchwała nr 39 Rady Ministrów z dnia 15 stycznia 2026 r. w sprawie ustanowienia programu inwestycyjnego pod nazwą ""Przebudowa i rozbudowa wraz z doposażeniem Pabianickiego Centrum Psychiatrycznego w Pabianickim Centrum Medycznym""",2026-01-15,2026-01-22,2026-02-09T10:01:25,66cb4212bae5182672d1eeeaada7a1a035d50c2b2871e5836e9fccb51ee070dc,11,3709,0,0,0,ok,,eli2md 0.6.3,2026-09-29T23:24:45Z
MP/2026/107,2026,107,Uchwała,"Uchwała nr 41 Rady Ministrów z dnia 16 stycznia 2026 r. w sprawie ustanowienia programu inwestycyjnego pod nazwą ""Poprawa dostępności i warunków leczenia poprzez nadbudowę, modernizację i doposażenie Kliniki Psychiatrii Szpitala Uniwersyteckiego nr 1 im. dr. A. Jurasza w Bydgoszczy""",2026-01-16,2026-01-22,2026-02-09T10:01:25,b17b09450d5fe3e15766cf1354e92c8cc821c52382f56fe99bc234288fd99942,9,3007,0,0,0,ok,,eli2md 0.6.3,2026-09-29T23:24:45Z
MP/2026/108,2026,108,Obwieszczenie,Obwieszczenie Prokuratora Generalnego z dnia 19 stycznia 2026 r. o wolnych stanowiskach prokuratorskich,2026-01-19,2026-01-23,2026-01-26T10:57:54,b4f0da3352adca2f4a474ace9db319273276352ed16d9abed2db33fb3a215528,2,497,0,0,0,ok,,eli2md 0.6.3,2026-09-29T23:24:45Z
MP/2026/109,2026,109,Uchwała,"Uchwała nr 42 Rady Ministrów z dnia 16 stycznia 2026 r. w sprawie ustanowienia programu inwestycyjnego pod nazwą ""Rozbudowa, przebudowa i modernizacja Centrum Zdrowia Psychicznego w budynkach C1 i C2 w Wojewódzkim Szpitalu Specjalistycznym nr 4 w Bytomiu""",2026-01-16,2026-01-23,2026-01-26T10:57:54,5a4403965bb9d2fcecedc6faadcebd7274ded52764a261fdcf693ba5db931b38,8,2179,0,0,0,ok,,eli2md 0.6.3,2026-09-29T23:24:45Z
MP/2026/110,2026,110,Uchwała,"Uchwała nr 43 Rady Ministrów z dnia 16 stycznia 2026 r. w sprawie ustanowienia programu inwestycyjnego pod nazwą ""Poprawa efektywności i dostępności do świadczeń zdrowotnych w Klinicznym Oddziale Psychiatrii dla Dzieci i Młodzieży w Centrum Medycznym w Łańcucie""",2026-01-16,2026-01-23,2026-01-26T10:57:54,1a8cebed43917c7fe8c9279e34d011aa3f1f58c08f7ee8e9875cb30ff1c0e6bd,10,3630,0,0,0,ok,,eli2md 0.6.3,2026-09-29T23:24:45Z
MP/2026/111,2026,111,Uchwała,"Uchwała nr 45 Rady Ministrów z dnia 16 stycznia 2026 r. w sprawie ustanowienia programu inwestycyjnego pod nazwą ""Wzmocnienie potencjału Szpitala Uniwersyteckiego w Krakowie w zakresie diagnostyki i leczenia chorób nowotworowych""",2026-01-16,2026-01-23,2026-01-26T10:57:54,c7ca6b2d7824e141ce4c0e93200b131adeb2b49a32d5cda95fe9ceb94569effe,11,3392,0,0,0,ok,,eli2md 0.6.3,2026-09-29T23:24:45Z
MP/2026/112,2026,112,Uchwała,Uchwała nr 23/2026 Państwowej Komisji Wyborczej z dnia 12 stycznia 2026 r. zmieniająca uchwałę w sprawie regulaminu Państwowej Komisji Wyborczej,2026-01-12,2026-01-23,2026-01-26T10:57:54,06858010b48d682e9fd55d0d1f2d65791456f148c5ef73e0ef27789074f012d2,1,202,0,0,0,ok,,eli2md 0.6.3,2026-09-29T23:24:45Z
MP/2026/113,2026,113,Uchwała,Uchwała nr 24/2026 Państwowej Komisji Wyborczej z dnia 12 stycznia 2026 r. zmieniająca uchwałę w sprawie regulaminu komisarzy wyborczych,2026-01-12,2026-01-23,2026-01-26T10:57:54,8390e9414ddef4bf0d5ccae88cf82b1d4361dc8d338308c15fc48c13ac4abe70,1,101,0,0,0,ok,,eli2md 0.6.3,2026-09-29T23:24:45Z
MP/2026/114,2026,114,Uchwała,"Uchwała nr 38 Rady Ministrów z dnia 14 stycznia 2026 r. w sprawie ustanowienia programu inwestycyjnego pod nazwą ""Budowa nowego budynku szpitalnego wraz z infrastrukturą techniczną oraz zagospodarowaniem terenu na potrzeby Oddziału Psychiatrii Sądowej o Wzmocnionym Zabezpieczeniu w Szpitalu Klinicznym im. dr. Józefa Babińskiego w Krakowie""",2026-01-14,2026-01-23,2026-02-09T10:01:25,aed3934a8f0601b29efa5db2ef06523d74f01043a4dacaa9c1eb7e0702ac50cc,8,2237,0,0,0,ok,,eli2md 0.6.3,2026-09-29T23:24:45Z
MP/2026/115,2026,115,Obwieszczenie,Obwieszczenie Prezesa Głównego Urzędu Statystycznego z dnia 22 stycznia 2026 r. w sprawie przeciętnego miesięcznego wynagrodzenia w sektorze przedsiębiorstw w grudniu 2025 r.,2026-01-22,2026-01-23,2026-01-26T10:57:55,dcc07a3748461e62757628ac6193631c71bac5311c998ac941c48b44701c87ea,1,74,0,0,0,ok,,eli2md 0.6.3,2026-09-29T23:24:45Z
MP/2026/116,2026,116,Obwieszczenie,Obwieszczenie Prezesa Głównego Urzędu Statystycznego z dnia 22 stycznia 2026 r. w sprawie przeciętnego miesięcznego wynagrodzenia w sektorze przedsiębiorstw w 2025 r.,2026-01-22,2026-01-26,2026-01-27T11:35:09,072e4214c263aaf28851205aef85f1bd356267094a7b31eab1fd024c6922e83a,1,76,0,0,0,ok,,eli2md 0.6.3,2026-09-29T23:24:45Z
MP/2026/117,2026,117,Obwieszczenie,"Obwieszczenie Prezesa Głównego Urzędu Statystycznego z dnia 22 stycznia 2026 r. w sprawie przeciętnego miesięcznego wynagrodzenia w sektorze przedsiębiorstw, włącznie z wypłatami z zysku, w czwartym kwartale 2025 r.",2026-01-22,2026-01-26,2026-01-27T11:35:09,df03fb9f2c4630c28b556fc34e071e7018db538eda5822d6bcf79b2ec29c5982,1,97,0,0,0,ok,,eli2md 0.6.3,2026-09-29T23:24:45Z
MP/2026/118,2026,118,Obwieszczenie,Obwieszczenie Prezesa Głównego Urzędu Statystycznego z dnia 22 stycznia 2026 r. w sprawie przeciętnego miesięcznego wynagrodzenia w sektorze przedsiębiorstw bez wypłaty nagród z zysku w 2025 r.,2026-01-22,2026-01-26,2026-01-27T11:35:09,8644aa7b5ac4ef14ffdd0d16a2bf8c21190fd288d6dc143bc332ad2c5c58a267,1,81,0,0,0,ok,,eli2md 0.6.3,2026-09-29T23:24:45Z
MP/2026/119,2026,119,Uchwała,"Uchwała nr 33 Rady Ministrów z dnia 13 stycznia 2026 r. w sprawie ustanowienia programu inwestycyjnego pod nazwą ""Budowa nowego budynku na potrzeby udzielania świadczeń psychiatrycznych udzielanych przez 5 Wojskowy Szpital Kliniczny z Polikliniką - Samodzielny Publiczny Zakład Opieki Zdrowotnej w Krakowie""",2026-01-13,2026-01-26,2026-01-27T11:35:09,00efd11dfaf03ad84f49362d9b889b5ee810aba623860c6d2b53ccbe1fe47af8,11,3200,0,0,0,ok,,eli2md 0.6.3,2026-09-29T23:24:45Z
MP/2026/120,2026,120,Obwieszczenie,Obwieszczenie Ministra Klimatu i Środowiska z dnia 21 stycznia 2026 r. w sprawie średniego udziału energii elektrycznej z odnawialnych źródeł energii w całości zużytej energii elektrycznej brutto w roku 2026,2026-01-21,2026-01-26,2026-01-27T11:35:09,a8a5da5b6414bceaca7fc35d0a38dee99d3b447afbeee409527bb1af10e813ed,1,94,0,0,0,ok,,eli2md 0.6.3,2026-09-29T23:24:45Z
MP/2026/121,2026,121,Postanowienie,Postanowienie Prezydenta Rzeczypospolitej Polskiej z dnia 22 grudnia 2025 r. nr rej. 618/2025 o nadaniu odznaczeń,2025-12-22,2026-01-26,2026-01-27T11:35:09,a15b323484cc82825467eebc9742e41ef6ebf32195d72abe50597703587cb3d4,1,117,0,0,0,ok,,eli2md 0.6.3,2026-09-29T23:24:45Z
MP/2026/122,2026,122,Postanowienie,Postanowienie Prezydenta Rzeczypospolitej Polskiej z dnia 12 grudnia 2025 r. nr rej. 634/2025 o nadaniu odznaczenia,2025-12-12,2026-01-26,2026-01-27T11:35:10,4efa7d86c054f75bcfeaa81efb78d54bd189fa67357439be5f78f1b82369d821,1,69,0,0,0,ok,,eli2md 0.6.3,2026-09-29T23:24:45Z
MP/2026/123,2026,123,Postanowienie,Postanowienie Prezydenta Rzeczypospolitej Polskiej z dnia 18 grudnia 2025 r. nr rej. 679/2025 o nadaniu odznaczeń,2025-12-18,2026-01-26,2026-01-27T11:35:10,35a2a8096da01276aca9a1840cea813f35409c89da6da569b23d0e39ef3f3eed,2,258,0,0,0,ok,,eli2md 0.6.3,2026-09-29T23:24:45Z
MP/2026/124,2026,124,Postanowienie,Postanowienie Prezydenta Rzeczypospolitej Polskiej z dnia 18 grudnia 2025 r. nr rej. 680/2025 o nadaniu odznaczeń,2025-12-18,2026-01-26,2026-01-27T11:35:10,5c74726ce3cb14f3dc2cc40e1b614fcb5e5908cd6c12854074ccd3a873e757e7,2,295,0,0,0,ok,,eli2md 0.6.3,2026-09-29T23:24:45Z
MP/2026/125,2026,125,Postanowienie,Postanowienie Prezydenta Rzeczypospolitej Polskiej z dnia 16 grudnia 2025 r. nr rej. 702/2025 o nadaniu orderu,2025-12-16,2026-01-26,2026-01-27T11:35:10,89febb366db27ebac6028f98226c91ccd570c8c5400d36414b931090b28eea48,1,81,0,0,0,ok,,eli2md 0.6.3,2026-09-29T23:24:45Z
MP/2026/126,2026,126,Postanowienie,Postanowienie Prezydenta Rzeczypospolitej Polskiej z dnia 31 grudnia 2025 r. nr rej. 709/2025 o nadaniu odznaczenia,2025-12-31,2026-01-26,2026-01-27T11:35:10,a0ac7ab929b0b7ceca3a1d4a7ff3274fab2f1441881340c6bddb2e3a1985bc1e,1,70,0,0,0,ok,,eli2md 0.6.3,2026-09-29T23:24:45Z
MP/2026/127,2026,127,Postanowienie,Postanowienie Prezydenta Rzeczypospolitej Polskiej z dnia 31 grudnia 2025 r. nr rej. 719/2025 o nadaniu odznaczeń,2025-12-31,2026-01-26,2026-01-27T11:35:10,dc7d640741dcef66684787e021b17cc02adca1e3d35eab46ba172119dcea4845,1,122,0,0,0,ok,,eli2md 0.6.3,2026-09-29T23:24:45Z
MP/2026/128,2026,128,Postanowienie,Postanowienie Prezydenta Rzeczypospolitej Polskiej z dnia 31 grudnia 2025 r. nr rej. 720/2025 o nadaniu odznaczeń,2025-12-31,2026-01-26,2026-01-27T11:35:10,a31d6cb2fdba5ae10c2a174dfabbf9c23df918af356617ae11efd2f71352219b,2,184,0,0,0,ok,,eli2md 0.6.3,2026-09-29T23:24:45Z
MP/2026/129,2026,129,Postanowienie,Postanowienie Prezydenta Rzeczypospolitej Polskiej z dnia 9 grudnia 2025 r. nr rej. 733/2025 o nadaniu odznaczenia,2025-12-09,2026-01-26,2026-01-27T11:35:10,c166c125f3ccfde07ef323589abbaa3e9b0e56e4a9aa2f74d838c4613bdc4bde,1,83,0,0,0,ok,,eli2md 0.6.3,2026-09-29T23:24:45Z
MP/2026/130,2026,130,Postanowienie,Postanowienie Prezydenta Rzeczypospolitej Polskiej z dnia 9 grudnia 2025 r. nr rej. 738/2025 o nadaniu orderu,2025-12-09,2026-01-26,2026-01-27T11:35:10,1091d39f5ad01cc624223a0b890a131def682b7c30930ce92fcec5420ea1d91f,1,78,0,0,0,ok,,eli2md 0.6.3,2026-09-29T23:24:45Z
MP/2026/131,2026,131,Komunikat,Komunikat Ministra Rolnictwa i Rozwoju Wsi z dnia 22 stycznia 2026 r. o zatwierdzeniu przez Komisję Europejską zmian Planu Strategicznego dla Wspólnej Polityki Rolnej na lata 2023-2027,2026-01-22,2026-01-27,2026-01-28T11:08:29,486414be4da33165ca53a5707104ad671a01ad0588753a0f4e42f91d245bf7aa,1,142,0,0,0,ok,,eli2md 0.6.3,2026-09-29T23:24:45Z
MP/2026/132,2026,132,Postanowienie,Postanowienie Prezydenta Rzeczypospolitej Polskiej z dnia 9 grudnia 2025 r. nr rej. 738/2025 o nadaniu orderu,2025-12-09,2026-01-27,2026-01-28T11:08:29,f8b535718d78ce110d946b5493e25c35e61520496275b17fbdc3924fadb0eed2,1,143,0,0,0,ok,,eli2md 0.6.3,2026-09-29T23:24:45Z
MP/2026/133,2026,133,Postanowienie,Postanowienie Prezydenta Rzeczypospolitej Polskiej z dnia 1 grudnia 2025 r. nr rej. 774/2025 o nadaniu odznaczeń,2025-12-01,2026-01-27,2026-01-28T11:08:29,69eb5f185da9f15f337b30d51483f621adc41871017a5cd1ec3097c195e874a6,1,155,0,0,0,ok,,eli2md 0.6.3,2026-09-29T23:24:45Z
MP/2026/134,2026,134,Postanowienie,Postanowienie Prezydenta Rzeczypospolitej Polskiej z dnia 9 grudnia 2025 r. nr rej. 778/2025 o nadaniu orderu,2025-12-09,2026-01-27,2026-01-28T11:08:29,5e21e30bc9ba62b46e210b1fee9a4372370bb19bd1b67993413fc3c4954d9797,1,88,0,0,0,ok,,eli2md 0.6.3,2026-09-29T23:24:45Z
MP/2026/135,2026,135,Postanowienie,Postanowienie Prezydenta Rzeczypospolitej Polskiej z dnia 10 grudnia 2025 r. nr rej. 780/2025 o nadaniu odznaczeń,2025-12-10,2026-01-27,2026-01-28T11:08:29,a6d59d32b419dc6ec6d1ca5a958c97c7a4d9c27d234f6f9a441cef8ed98549df,1,118,0,0,0,ok,,eli2md 0.6.3,2026-09-29T23:24:45Z
MP/2026/136,2026,136,Zarządzenie,Zarządzenie nr 6 Prezesa Rady Ministrów z dnia 23 stycznia 2026 r. w sprawie Rady do spraw współpracy z Republiką Federalną Niemiec,2026-01-23,2026-01-27,2026-01-28T11:08:29,04891debf2586bcf519e8612718f0655ca7f488fb56b877f48886b13fe384e68,3,923,0,0,0,ok,,eli2md 0.6.3,2026-09-29T23:24:45Z
MP/2026/137,2026,137,Zarządzenie,Zarządzenie nr 8 Prezesa Rady Ministrów z dnia 23 stycznia 2026 r. w sprawie nadania statutu Ministerstwu Rozwoju i Technologii,2026-01-23,2026-01-27,2026-01-28T11:08:30,b3616dd167c7408cc8d0e6cdb3cf7119f62f763754c91dc843999fb02a39ef03,3,442,0,0,0,ok,,eli2md 0.6.3,2026-09-29T23:24:45Z
MP/2026/138,2026,138,Obwieszczenie,"Obwieszczenie Ministra Rodziny, Pracy i Polityki Społecznej z dnia 22 stycznia 2026 r. w sprawie wysokości kwoty kryterium dochodowego uprawniającego do świadczeń z funduszu alimentacyjnego od dnia 1 października 2026 r.",2026-01-22,2026-01-27,2026-01-28T11:08:30,696bb1e78c118edb2b1c3ac048da7d0df0d5e14a7d89a930ca4b9e1b5d437fe6,1,103,0,0,0,ok,,eli2md 0.6.3,2026-09-29T23:24:45Z
MP/2026/139,2026,139,Postanowienie,Postanowienie Prezydenta Rzeczypospolitej Polskiej z dnia 8 grudnia 2025 r. nr rej. 781/2025 o nadaniu odznaczeń,2025-12-08,2026-01-27,2026-01-28T11:08:30,207f01ec1bd8eb4ea00f6136296bcecb62bf4c61a09deb1dd8acd3e07b23e514,1,132,0,0,0,ok,,eli2md 0.6.3,2026-09-29T23:24:45Z
MP/2026/140,2026,140,Postanowienie,Postanowienie Prezydenta Rzeczypospolitej Polskiej z dnia 10 grudnia 2025 r. nr rej. 783/2025 o nadaniu odznaczenia,2025-12-10,2026-01-27,2026-01-28T11:08:30,012d2d28a1640308cfad2b1eb8a156f60050bc6d67a49215cb16e311132eb00d,1,77,0,0,0,ok,,eli2md 0.6.3,2026-09-29T23:24:45Z
MP/2026/141,2026,141,Postanowienie,Postanowienie Prezydenta Rzeczypospolitej Polskiej z dnia 31 grudnia 2025 r. nr rej. 788/2025 o nadaniu orderu,2025-12-31,2026-01-27,2026-01-28T11:08:30,195be176258e67663b5f4703bbd90c7b60352d3ba8b6af676a171cb9e8869831,1,86,0,0,0,ok,,eli2md 0.6.3,2026-09-29T23:24:45Z
MP/2026/142,2026,142,Postanowienie,Postanowienie Prezydenta Rzeczypospolitej Polskiej z dnia 9 grudnia 2025 r. nr rej. 789/2025 o nadaniu orderu,2025-12-09,2026-01-27,2026-01-28T11:08:30,5d56159a29d9a0d6b114261bfe4c1e4a70f57a2a20f2918541b0b4495e1f4878,1,85,0,0,0,ok,,eli2md 0.6.3,2026-09-29T23:24:45Z
MP/2026/143,2026,143,Zarządzenie,Zarządzenie nr 9 Prezesa Rady Ministrów z dnia 26 stycznia 2026 r. zmieniające zarządzenie w sprawie Międzyresortowego Zespołu do spraw uczenia się przez całe życie i Zintegrowanego Systemu Kwalifikacji,2026-01-26,2026-01-27,2026-01-28T11:08:30,9d69b395cc966acebfc8940586407788e63b998763621ff25a95ac6e13f8f8ca,1,140,0,0,0,ok,,eli2md 0.6.3,2026-09-29T23:24:45Z
MP/2026/144,2026,144,Zarządzenie,Zarządzenie nr 10 Prezesa Rady Ministrów z dnia 26 stycznia 2026 r. zmieniające zarządzenie w sprawie nadania statutu Ministerstwu Obrony Narodowej,2026-01-26,2026-01-28,2026-01-29T10:50:45,83fe64cfbc2cfcb3401afcd02a4f63a4d70b7ffb0091486e13e179a39a5da995,1,171,0,0,0,ok,,eli2md 0.6.3,2026-09-29T23:24:45Z
MP/2026/145,2026,145,Uchwała,Uchwała Senatu Rzeczypospolitej Polskiej z dnia 21 stycznia 2026 r. w 200. rocznicę śmierci Stanisława Staszica,2026-01-21,2026-01-28,2026-05-12T09:01:27,6c098340961bed657e667596d4e09acc978f1d9043f58051a0b4be412f1f2566,1,407,0,0,0,ok,,eli2md 0.6.3,2026-09-29T23:24:45Z
MP/2026/146,2026,146,Obwieszczenie,Obwieszczenie Ministra Edukacji z dnia 22 stycznia 2026 r. w sprawie prognozy zapotrzebowania na pracowników w zawodach szkolnictwa branżowego na krajowym i wojewódzkim rynku pracy,2026-01-22,2026-01-28,2026-01-29T10:50:45,5f423f44280306828f8a74c936f08c78032eab5dfed9196c27a4e87e1a35f5ac,70,14486,0,0,0,ok,,eli2md 0.6.3,2026-09-29T23:24:45Z
MP/2026/147,2026,147,Obwieszczenie,Obwieszczenie Prezesa Narodowego Banku Polskiego z dnia 20 stycznia 2026 r. w sprawie ogłoszenia wykazu walut wymienialnych,2026-01-20,2026-01-29,2026-01-30T11:03:01,de0fa25cc77b9ea5d0d0055a1b87a66d848b5526c4add9d09151e8a8a00b0220,5,647,0,0,0,ok,,eli2md 0.6.3,2026-09-29T23:24:45Z
MP/2026/148,2026,148,Obwieszczenie,Obwieszczenie Ministra Sprawiedliwości z dnia 23 stycznia 2026 r. w sprawie ogłoszenia wykazu zarejestrowanych kancelarii notarialnych,2026-01-23,2026-01-29,2026-01-30T11:03:01,13ab5b877c0675ef09a204000678df21ab0735b6c3785e7023e98a5d6640b42d,124,17965,0,0,0,ok,,eli2md 0.6.3,2026-09-29T23:24:45Z
MP/2026/149,2026,149,Uchwała,"Uchwała nr 49 Rady Ministrów z dnia 20 stycznia 2026 r. w sprawie ustanowienia programu inwestycyjnego pod nazwą ""Budowa, przebudowa, modernizacja oraz doposażenie infrastruktury strategicznej w celu poprawy dostępności i jakości świadczeń zdrowotnych udzielanych w Wojewódzkim Podkarpackim Szpitalu Psychiatrycznym im. Prof. Eugeniusza Brzezickiego w Żurawicy""",2026-01-20,2026-01-29,2026-01-30T11:03:01,a01132c77b4e20467756d0c7cd8b455dd854409ec9453c8812588a68ef5a467a,10,3191,0,0,0,ok,,eli2md 0.6.3,2026-09-29T23:24:45Z
MP/2026/150,2026,150,Komunikat,Komunikat Prezesa Zakładu Ubezpieczeń Społecznych z dnia 27 stycznia 2026 r. w sprawie kwoty zasiłku pogrzebowego,2026-01-27,2026-01-29,2026-01-30T11:03:01,a14fabf598952bf22ddb3fa322823bd6510e9a10a9f3b3eafa2dc2d6d0e2283a,1,72,0,0,0,ok,,eli2md 0.6.3,2026-09-29T23:24:45Z
MP/2026/151,2026,151,Uchwała,"Uchwała nr 50 Rady Ministrów z dnia 20 stycznia 2026 r. w sprawie ustanowienia programu inwestycyjnego pod nazwą ""Rozbudowa i doposażenie Świętokrzyskiego Centrum Onkologii w Kielcach celem zwiększenia zakresu świadczeń oraz innowacyjności leczenia onkologicznego""",2026-01-20,2026-01-29,2026-01-30T11:03:01,2b7a148970e170e95d59f55b23f5d496c90bf090ada717c19795b35c589d23b7,12,4149,0,0,0,ok,,eli2md 0.6.3,2026-09-29T23:24:45Z
MP/2026/152,2026,152,Uchwała,"Uchwała nr 50 Rady Ministrów z dnia 20 stycznia 2026 r. w sprawie ustanowienia programu inwestycyjnego pod nazwą ""Rozbudowa i doposażenie Świętokrzyskiego Centrum Onkologii w Kielcach celem zwiększenia zakresu świadczeń oraz innowacyjności leczenia onkologicznego""",2026-01-20,2026-01-29,2026-01-30T11:03:01,cce0850b7efcbe8f8c45ca41f807eea9f1122a7398d0e3f4006a8ed9453c2f7c,11,3406,0,0,0,ok,,eli2md 0.6.3,2026-09-29T23:24:45Z
MP/2026/153,2026,153,Komunikat,Komunikat Prezesa Zakładu Ubezpieczeń Społecznych z dnia 27 stycznia 2026 r. w sprawie kwoty dodatku dopełniającego,2026-01-27,2026-01-29,2026-01-30T11:03:01,dd8b9ceebeaf410abddb6ee75c413b1528dc98c13b4207c2b14341ae1e2c699f,1,84,0,0,0,ok,,eli2md 0.6.3,2026-09-29T23:24:45Z
MP/2026/154,2026,154,Uchwała,Uchwała Sejmu Rzeczypospolitej Polskiej z dnia 23 stycznia 2026 r. w sprawie wyrażenia przez Sejm Rzeczypospolitej Polskiej zgody na pociągnięcie do odpowiedzialności karnej poseł Anny Paluch,2026-01-23,2026-01-29,2026-01-30T11:03:02,2cae36762ee6e4759cec3bf3043bfd9746674ba21f12357d861f5b878d828833,1,101,0,0,0,ok,,eli2md 0.6.3,2026-09-29T23:24:45Z
MP/2026/155,2026,155,Obwieszczenie,Obwieszczenie Ministra Rolnictwa i Rozwoju Wsi z dnia 26 stycznia 2026 r. w sprawie wykazu jednostek organizacyjnych podległych Ministrowi Rolnictwa i Rozwoju Wsi lub przez niego nadzorowanych,2026-01-26,2026-01-29,2026-01-30T11:03:02,875faad487bc60883abfe8ae8acf9916337b6363d64a81708b52e7ba24361c25,4,1162,0,0,0,ok,,eli2md 0.6.3,2026-09-29T23:24:45Z
MP/2026/156,2026,156,Zarządzenie,Zarządzenie nr 11 Prezesa Rady Ministrów z dnia 26 stycznia 2026 r. zmieniające zarządzenie w sprawie Międzyresortowego Zespołu do spraw kluczowych inwestycji w zakresie strategicznej infrastruktury energetycznej,2026-01-26,2026-01-29,2026-01-30T11:03:02,ab601766dc03be19936642caca53fdd65dc8d72e691076f051e08bb53198baa0,3,845,0,0,0,ok,,eli2md 0.6.3,2026-09-29T23:24:45Z
MP/2026/157,2026,157,Uchwała,"Uchwała nr 54 Rady Ministrów z dnia 22 stycznia 2026 r. w sprawie ustanowienia programu inwestycyjnego pod nazwą ""Modernizacja i rozbudowa wraz z wyposażeniem Centrum Zdrowia Psychicznego w Złotowie""",2026-01-22,2026-01-29,2026-02-09T10:01:25,747e99cb6abb1ac54a4a8c0b66a2beec04e1ea7827112234c8c5d971dd5c7a7b,12,3317,0,0,0,ok,,eli2md 0.6.3,2026-09-29T23:24:45Z
MP/2026/158,2026,158,Zarządzenie,Zarządzenie nr 12 Prezesa Rady Ministrów z dnia 29 stycznia 2026 r. w sprawie Komitetu Sterującego do spraw organizacji V edycji Konferencji Odbudowy Ukrainy (Ukraine Recovery Conference),2026-01-29,2026-01-29,2026-01-30T11:03:02,293ab1dd2ae8221e4680ea636709d9694af2307b244d5c52118478ae244921de,3,900,0,0,0,ok,,eli2md 0.6.3,2026-09-29T23:24:45Z
MP/2026/159,2026,159,Uchwała,Uchwała Sejmu Rzeczypospolitej Polskiej z dnia 23 stycznia 2026 r. w sprawie wyrażenia przez Sejm Rzeczypospolitej Polskiej zgody na pociągnięcie do odpowiedzialności karnej posła Cezarego Tomczyka,2026-01-23,2026-01-30,2026-02-02T11:02:43,ca190b5f0d3d40e8a0f6de154d89ade2f22399f44b043b5c40f29453fc9861cb,1,93,0,0,0,ok,,eli2md 0.6.3,2026-09-29T23:24:45Z
MP/2026/160,2026,160,Ogłoszenie,Ogłoszenie Przewodniczącego Krajowej Rady Radiofonii i Telewizji z dnia 22 stycznia 2026 r. o możliwości uzyskania koncesji na rozpowszechnianie programu radiowego,2026-01-22,2026-01-30,2026-02-02T11:02:43,de51271d754ad3e23040edb0765736aff5cb9f818973c6189af1686e46d4c0d5,2,724,0,0,0,ok,,eli2md 0.6.3,2026-09-29T23:24:45Z
MP/2026/161,2026,161,Uchwała,"Uchwała nr 60 Rady Ministrów z dnia 26 stycznia 2026 r. w sprawie ustanowienia programu inwestycyjnego pod nazwą ""Budowa oddziałów całodobowej i stacjonarnej opieki psychiatrycznej i leczenia uzależnień wraz z wyposażeniem i obiektami pomocniczymi w Samodzielnym Publicznym Zakładzie Opieki Zdrowotnej w Człuchowie""",2026-01-26,2026-01-30,2026-02-09T10:01:25,2a426aaa800e0ad00cd0a2837c415ed2a8dedef9ddcd4c2e934912216f2a53cb,9,2878,0,0,0,ok,,eli2md 0.6.3,2026-09-29T23:24:45Z
MP/2026/162,2026,162,Uchwała,"Uchwała nr 58 Rady Ministrów z dnia 26 stycznia 2026 r. w sprawie ustanowienia programu inwestycyjnego pod nazwą ""Poprawa warunków świadczenia opieki psychiatrycznej i leczenie uzależnień w Wielospecjalistycznym Szpitalu - Samodzielnym Publicznym Zespole Opieki Zdrowotnej w Zgorzelcu""",2026-01-26,2026-02-02,2026-02-03T11:29:54,235c592ff9541e142b019502034dbd8fb2d1f87928a67e95af5de343d7f1139b,8,2153,0,0,0,ok,,eli2md 0.6.3,2026-09-29T23:24:45Z
MP/2026/163,2026,163,Obwieszczenie,Obwieszczenie Prezesa Narodowego Banku Polskiego z dnia 27 stycznia 2026 r. w sprawie ogłoszenia jednolitego tekstu uchwały Zarządu Narodowego Banku Polskiego w sprawie regulaminu Zarządu Narodowego Banku Polski,2026-01-27,2026-02-02,2026-06-05T09:28:26,80f1d5b08f7b58f19e430360ae1a1548da3995075d18e4e42a7a90cf023e1403,6,1744,0,0,0,ok,,eli2md 0.6.3,2026-09-29T23:24:45Z
MP/2026/164,2026,164,Uchwała,"Uchwała nr 52 Rady Ministrów z dnia 20 stycznia 2026 r. w sprawie ustanowienia programu inwestycyjnego pod nazwą ""Rozbudowa budynku Samodzielnego Publicznego Zakładu Opieki Zdrowotnej w Siedlcach o Poradnię Zdrowia Psychicznego i Oddział Dzienny Psychiatryczny dla Dzieci i Młodzieży oraz doposażenie Oddziału Psychiatrycznego stacjonarnego dla dorosłych wraz z wymianą nawierzchni dojazdowej""",2026-01-20,2026-02-02,2026-02-03T11:29:54,5d78327d876d6f7635ed4c50e5c3bb7b767a4d8e6672f1742d0c8ef9647a5310,12,3681,0,0,0,ok,,eli2md 0.6.3,2026-09-29T23:24:45Z
MP/2026/165,2026,165,Komunikat,"Komunikat Ministra Infrastruktury z dnia 27 stycznia 2026 r. o podjęciu przez Radę Ministrów uchwały zmieniającej uchwałę w sprawie ustanowienia programu wieloletniego ""Rządowy program wsparcia zadań zarządców infrastruktury kolejowej, w tym w zakresie utrzymania i remontów, do 2028 roku""",2026-01-27,2026-02-02,2026-02-03T11:29:55,a52778dbdd3e1ba3d44af85a7a579958812f8f381f442deb3ab891b37c223a48,1,156,0,0,0,ok,,eli2md 0.6.3,2026-09-29T23:24:45Z
MP/2026/166,2026,166,Uchwała,"Uchwała nr 61 Rady Ministrów z dnia 26 stycznia 2026 r. w sprawie ustanowienia programu inwestycyjnego pod nazwą ""Przebudowa pawilonów: nr XVIII na oddział psychiatrii sądowej o wzmocnionym zabezpieczeniu, nr XIV na oddział psychiatryczny dla dzieci i młodzieży oraz nr XVII na oddział psychiatryczny w ramach Centrum Zdrowia Psychicznego w Szpitalu dla Nerwowo i Psychicznie Chorych im. St. Kryzana w Starogardzie Gdańskim""",2026-01-26,2026-02-02,2026-02-03T11:29:55,1694d0ae8a3f6c5462835abffb26d23fdd122381d846bc800e4689de5d25529f,11,4363,0,0,0,ok,,eli2md 0.6.3,2026-09-29T23:24:45Z
MP/2026/167,2026,167,Obwieszczenie,"Obwieszczenie Ministra Zdrowia z dnia 29 stycznia 2026 r. w sprawie maksymalnej wysokości opłaty za pobyt w izbie wytrzeźwień, placówce lub jednostce Policji, po waloryzacji",2026-01-29,2026-02-02,2026-02-03T11:29:55,b9727a13bd747b23d49a483097ac19daaf4ff213f01d3c5d91a2fbf431da1a9b,1,77,0,0,0,ok,,eli2md 0.6.3,2026-09-29T23:24:45Z
MP/2026/168,2026,168,Uchwała,Uchwała nr 37 Rady Ministrów z dnia 16 stycznia 2026 r. w sprawie Strategii zarządzania zasobami ludzkimi w służbie cywilnej do 2034 r.,2026-01-16,2026-02-02,2026-02-03T11:29:55,571da6842f7ec8c8c1ef926057d5d900f774a23faa2fe4aafb747a34fc796520,133,28220,0,21,0,ok,,eli2md 0.6.3,2026-09-29T23:24:45Z
MP/2026/169,2026,169,Obwieszczenie,Obwieszczenie Ministra Edukacji z dnia 30 stycznia 2026 r. w sprawie wysokości opłaty od wniosku o włączenie kwalifikacji wolnorynkowej do Zintegrowanego Systemu Kwalifikacji oraz wniosku o włączenie kwalifikacji sektorowej do Zintegrowanego Systemu Kwalifikacji,2026-01-30,2026-02-02,2026-02-03T11:29:55,382eb3d1231daecde818543958af98c63eb8158e9771ac5a006125fad5736e45,1,108,0,0,0,ok,,eli2md 0.6.3,2026-09-29T23:24:45Z
MP/2026/170,2026,170,Obwieszczenie,Obwieszczenie Ministra Edukacji z dnia 30 stycznia 2026 r. w sprawie wysokości opłaty od wniosku o nadanie uprawnienia do certyfikowania kwalifikacji wolnorynkowej włączonej do Zintegrowanego Systemu Kwalifikacji oraz wniosku o nadanie uprawnienia do certyfikowania kwalifikacji sektorowej włączonej do Zintegrowanego Systemu Kwalifikacji,2026-01-30,2026-02-02,2026-02-03T11:29:55,a4da707b608694a9b2ef0af987f192501b88fc817fabc6d8cc1dd8a582d80e3f,1,125,0,0,0,ok,,eli2md 0.6.3,2026-09-29T23:24:45Z
MP/2026/171,2026,171,Obwieszczenie,Obwieszczenie Ministra Edukacji z dnia 30 stycznia 2026 r. w sprawie wysokości opłaty od wniosku o wpis na listę podmiotów uprawnionych do pełnienia funkcji zewnętrznego zapewniania jakości wobec instytucji certyfikujących kwalifikacje wolnorynkowe i kwalifikacje sektorowe włączone do Zintegrowanego Systemu Kwalifikacji,2026-01-30,2026-02-02,2026-02-03T11:29:55,0cfaf354c0140a9f06365ad5b8c527efd2fea97924020fd6e160117c27aaa3ac,1,120,0,0,0,ok,,eli2md 0.6.3,2026-09-29T23:24:45Z
MP/2026/172,2026,172,Zarządzenie,"Zarządzenie nr 1/2026 Prezesa Narodowego Banku Polskiego z dnia 27 stycznia 2026 r. w sprawie ustalenia wzoru, próby, masy i wielkości emisji monety o wartości nominalnej 100 zł, z serii ""Polskie banknoty obiegowe"" - Banknot o nominale 100 zł",2026-01-27,2026-02-03,2026-02-04T11:01:54,6089475f7edf76d5c5b1348f61b864707f2fe600904aeffa5783e7dc422d3ac2,2,210,0,0,0,ok,,eli2md 0.6.3,2026-09-29T23:24:45Z
MP/2026/173,2026,173,Uchwała,"Uchwała nr 56 Rady Ministrów z dnia 22 stycznia 2026 r. w sprawie ustanowienia programu inwestycyjnego pod nazwą ""Budowa w Zielonej Górze przy ul. Wyspiańskiego nowego budynku na potrzeby Samodzielnego Publicznego Zakładu Opieki Zdrowotnej Centrum Leczenia Dzieci i Młodzieży w Zaborze""",2026-01-22,2026-02-03,2026-02-04T11:01:54,29180b630aed1be7a68e987518a5c4bee1d2af9e57a2a3ccdce1266666f8ab18,12,4003,0,0,0,ok,,eli2md 0.6.3,2026-09-29T23:24:45Z
MP/2026/174,2026,174,Obwieszczenie,"Obwieszczenie Ministra Zdrowia z dnia 30 stycznia 2026 r. w sprawie wysokości kwoty uprawdopodobnionych skutków finansowych kontroli realizacji umowy na wydanie refundowanego leku, środka spożywczego specjalnego przeznaczenia żywieniowego oraz wyrobu medycznego na receptę, od której Prezes Narodowego Funduszu Zdrowia przeprowadza kontrolę bez obowiązku poinformowania podmiotu kontrolowanego w terminie 7 dni przed rozpoczęciem czynności kontrolnych o rozpoczęciu tych czynności",2026-01-30,2026-02-03,2026-02-04T11:01:54,b7e855ff5a86aef79837fb92bc6e10e4a2af0fdcac9a2332c9510db62213007f,1,155,0,0,0,ok,,eli2md 0.6.3,2026-09-29T23:24:45Z
MP/2026/175,2026,175,Obwieszczenie,Obwieszczenie Ministra Edukacji z dnia 28 stycznia 2026 r. w sprawie ogólnopolskiej sieci branżowych centrów umiejętności na lata 2023-2028,2025-01-28,2026-02-04,2026-05-22T10:38:43,fe10f14be1a49d049dd70cd4801204a3c5e4ac602380c40b61d7db9f33163c9b,19,4451,0,0,0,ok,,eli2md 0.6.3,2026-09-29T23:24:45Z
MP/2026/176,2026,176,Obwieszczenie,"Obwieszczenie Ministra Zdrowia z dnia 30 stycznia 2026 r. w sprawie wysokości jednorazowej kwoty kar określonych w wystąpieniu pokontrolnym dla danego podmiotu kontrolowanego, w dniu podpisania wystąpienia pokontrolnego, powyżej której Prezes Narodowego Funduszu Zdrowia pobiera lub dochodzi należności wynikających z kar w nim określonych oraz w sprawie wysokości łącznej kwoty należności niepobranych lub niedochodzonych określonych dla danego podmiotu kontrolowanego w okresie roku kalendarzowego, po przekroczeniu której Prezes Narodowego Funduszu Zdrowia pobiera lub dochodzi należności wynikających z kar określonych w wystąpieniu pokontrolnym w pełnej wysokości",2026-01-30,2026-02-04,2026-02-05T10:42:14,2f13965ba5354d520874ddfb332752174ebb325ba0671c72d77f390e8864a8b4,1,219,0,0,0,ok,,eli2md 0.6.3,2026-09-29T23:24:45Z
MP/2026/177,2026,177,Uchwała,"Uchwała nr 48 Rady Ministrów z dnia 27 stycznia 2026 r. w sprawie ustanowienia programu inwestycyjnego pod nazwą ""Przebudowa, modernizacja i doposażenie infrastruktury strategicznej Milickiego Centrum Medycznego Sp. z o.o. w restrukturyzacji realizującego świadczenia zdrowotne w zakresie opieka psychiatryczna i leczenie uzależnień""",2026-01-27,2026-02-04,2026-02-05T10:42:14,dad96137f46deb29df4b90cb987ec8115065c6aed19e32cef4deea213cc64db7,8,2227,0,0,0,ok,,eli2md 0.6.3,2026-09-29T23:24:45Z
MP/2026/178,2026,178,Uchwała,"Uchwała nr 18 Rady Ministrów z dnia 29 stycznia 2026 r. w sprawie ustanowienia programu inwestycyjnego pod nazwą ""Utworzenie Konstancińskiego Centrum Psychiatrii Dzieci i Młodzieży""",2026-01-29,2026-02-04,2026-02-09T10:01:25,5efb7b81805b33ff8e2be91b593278b219f78891b72adcb03ec0d665a1666df0,10,3489,0,0,0,ok,,eli2md 0.6.3,2026-09-29T23:24:45Z
MP/2026/179,2026,179,Obwieszczenie,"Obwieszczenie Ministra Klimatu i Środowiska z dnia 28 stycznia 2026 r. w sprawie kursu wymiany euro przyjętego do obliczenia maksymalnej ceny za energię elektryczną wytworzoną w morskiej farmie wiatrowej i wprowadzoną do sieci, jaka może być wskazana w ofertach złożonych w aukcji przez wytwórców, oraz wysokości tej maksymalnej ceny w przeliczeniu na euro zgodnie z tym kursem",2026-01-28,2026-02-04,2026-02-05T10:42:14,26c54dd0d2d149618a174ddaa7e3332656e749113874a9127dc0bb667792aa1f,1,350,0,0,0,ok,,eli2md 0.6.3,2026-09-29T23:24:45Z
MP/2026/180,2026,180,Obwieszczenie,Obwieszczenie Ministra Cyfryzacji z dnia 3 lutego 2026 r. w sprawie wykazu jednostek organizacyjnych podległych Ministrowi Cyfryzacji lub przez niego nadzorowanych,2026-02-03,2026-02-04,2026-02-05T10:42:14,b45d153fef6977424779a8f62cea40fc4dc84588d81aa3c3cac83514edd2ce91,2,126,0,0,0,ok,,eli2md 0.6.3,2026-09-29T23:24:45Z
MP/2026/181,2026,181,Uchwała,"Uchwała nr 59 Rady Ministrów z dnia 26 stycznia 2026 r. w sprawie ustanowienia programu inwestycyjnego pod nazwą ""Budowa Centrum Zdrowia Psychicznego dla Dzieci i Młodzieży na terenie Wojewódzkiego Szpitala Psychiatrycznego im. prof. Tadeusza Bilikiewicza w Gdańsku""",2026-01-26,2026-02-05,2026-02-09T10:00:35,3d81bcc7b4cb30adc253bdc572fc4b1b7fce7d2e5a20e491211977e5c356e69e,9,2669,0,0,0,ok,,eli2md 0.6.3,2026-09-29T23:24:45Z
MP/2026/182,2026,182,Obwieszczenie,Obwieszczenie Ministra Obrony Narodowej z dnia 26 stycznia 2026 r. w sprawie wykazu jednostek organizacyjnych podległych Ministrowi Obrony Narodowej lub przez niego nadzorowanych,2026-01-26,2026-02-05,2026-02-06T09:57:48,012363b0f8875bd720cea67d472faee9c34397676d0d4913249d76626738fa11,4,1039,0,0,0,ok,,eli2md 0.6.3,2026-09-29T23:24:45Z
MP/2026/183,2026,183,Obwieszczenie,"Obwieszczenie Prezesa Rady Ministrów z dnia 4 lutego 2026 r. w sprawie ogłoszenia jednolitego tekstu zarządzenia Prezesa Rady Ministrów w sprawie nadania statutu Ministerstwu Rodziny, Pracy i Polityki Społecznej",2026-02-04,2026-02-06,2026-02-09T10:17:32,5fd904a871ac29583e3e6e92da3129dc8c797c4ca1fb38865f64b73a60a09841,4,623,0,0,0,ok,,eli2md 0.6.3,2026-09-29T23:24:45Z
MP/2026/184,2026,184,Uchwała,"Uchwała nr 67 Rady Ministrów z dnia 2 lutego 2026 r. w sprawie ustanowienia programu inwestycyjnego pod nazwą ""Optymalizacja ścieżki diagnostycznej i terapeutycznej chorych na nowotwory w Narodowym Instytucie Onkologii im. Marii Skłodowskiej-Curie - Państwowym Instytucie Badawczym""",2026-02-02,2026-02-06,2026-02-09T10:17:32,677a2cb8f021da52129b308a0881afe7ead10087ddde3fc01aa7214881225f3a,14,4213,0,0,0,ok,,eli2md 0.6.3,2026-09-29T23:24:45Z
MP/2026/185,2026,185,Uchwała,"Uchwała nr 46 Rady Ministrów z dnia 29 stycznia 2026 r. w sprawie ustanowienia programu inwestycyjnego pod nazwą ""Wzmocnienie potencjału diagnostycznego i terapeutycznego szpitala onkologicznego - Radomskiego Centrum Onkologii im. Bohaterów Radomskiego Czerwca '76""",2026-01-29,2026-02-06,2026-02-09T10:17:32,c0d174c5abd81f9935b29b5b24a95bb277c8f42a8449d54c91661971d20b01ff,14,5119,0,0,0,ok,,eli2md 0.6.3,2026-09-29T23:24:45Z
MP/2026/186,2026,186,Uchwała,"Uchwała nr 65 Rady Ministrów z dnia 2 lutego 2026 r. w sprawie ustanowienia programu inwestycyjnego pod nazwą ""Rozwój diagnostyki i terapii onkologicznej w południowo-zachodniej Wielkopolsce poprzez budowę i doposażenie infrastruktury strategicznej ośrodka radioterapii i medycyny nuklearnej w Lesznie""",2026-02-02,2026-02-06,2026-02-09T10:17:32,1d6ed992e3e344a0c2aed84b70da579044a6062c1e458f2cb3bffb35a76dd3b5,8,2229,0,0,0,ok,,eli2md 0.6.3,2026-09-29T23:24:45Z
MP/2026/187,2026,187,Uchwała,"Uchwała nr 28 Rady Ministrów z dnia 27 stycznia 2026 r. w sprawie ustanowienia programu inwestycyjnego pod nazwą ""Przebudowa, rozbudowa i modernizacja budynków podmiotu leczniczego ""Patronka"" Spółka z ograniczoną odpowiedzialnością w Szczecinku na potrzeby oddziałów opieki psychiatrycznej i leczenia uzależnień wraz z niezbędną infrastrukturą i wyposażeniem""",2026-01-27,2026-02-06,2026-02-09T10:17:32,3b6c01e4a5bef3bc594f9bfa2250198b074d9c73eebb83083258cc575a385eb0,12,4758,0,0,0,ok,,eli2md 0.6.3,2026-09-29T23:24:45Z
MP/2026/188,2026,188,Uchwała,"Uchwała nr 64 Rady Ministrów z dnia 2 lutego 2026 r. w sprawie ustanowienia programu inwestycyjnego pod nazwą ""Rozbudowa Uniwersyteckiego Szpitala Klinicznego im. Fryderyka Chopina w Rzeszowie w zakresie onkologii""",2026-02-02,2026-02-06,2026-02-09T10:17:32,02357b2e52ea6f82d771060198ea79b60be25f526888795028e80b4ed40971b8,10,2540,0,0,0,ok,,eli2md 0.6.3,2026-09-29T23:24:45Z
MP/2026/189,2026,189,Obwieszczenie,"Obwieszczenie Ministra Sportu i Turystyki z dnia 30 stycznia 2026 r. w sprawie włączenia kwalifikacji sektorowej ""Stosowanie zasad etykiety w obsłudze gości VIP w gastronomii"" do Zintegrowanego Systemu Kwalifikacji",2026-01-30,2026-02-09,2026-02-10T10:43:01,ade0b702fe446d84df85a8c00ea190bfa16339fa0adf3bcdc1334578aaec5f30,7,1909,0,0,0,ok,,eli2md 0.6.3,2026-09-29T23:24:45Z
MP/2026/190,2026,190,Obwieszczenie,Obwieszczenie Ministra Spraw Zagranicznych z dnia 3 lutego 2026 r. w sprawie wykazu jednostek organizacyjnych podległych Ministrowi Spraw Zagranicznych lub przez niego nadzorowanych,2026-02-03,2026-02-09,2026-02-10T10:43:01,32db1265bc825990926e17c1fae36582f671f6da9ea66107856c238eacdcf095,12,3225,0,0,0,ok,,eli2md 0.6.3,2026-09-29T23:24:45Z
MP/2026/191,2026,191,Komunikat,Komunikat Prezesa Głównego Urzędu Statystycznego z dnia 9 lutego 2026 r. w sprawie kwoty bazowej w 2025 r.,2026-02-09,2026-02-10,2026-02-11T10:06:12,a8d2a466b2065f9956209a085e68d524cb93e37e2e79f46a09edbc12dfe15563,1,80,0,0,0,ok,,eli2md 0.6.3,2026-09-29T23:24:45Z
MP/2026/192,2026,192,Komunikat,Komunikat Prezesa Głównego Urzędu Statystycznego z dnia 9 lutego 2026 r. w sprawie przeciętnego wynagrodzenia w gospodarce narodowej w 2025 r.,2026-02-09,2026-02-10,2026-02-11T10:06:12,823ff4a0bb42127eaef3ef5f30c7e3572fe110ca57a375ebf8ed6d89594a947e,1,78,0,0,0,ok,,eli2md 0.6.3,2026-09-29T23:24:45Z
MP/2026/193,2026,193,Komunikat,Komunikat Prezesa Głównego Urzędu Statystycznego z dnia 9 lutego 2026 r. w sprawie realnego wzrostu przeciętnego wynagrodzenia w 2025 r. w stosunku do 2024 r.,2026-02-09,2026-02-10,2026-02-11T10:06:13,4867ca1d6216487292bc0aafacb90fcf5369453110068b7f161b381888386d2d,1,86,0,0,0,ok,,eli2md 0.6.3,2026-09-29T23:24:45Z
MP/2026/194,2026,194,Komunikat,Komunikat Prezesa Głównego Urzędu Statystycznego z dnia 9 lutego 2026 r. w sprawie przeciętnego wynagrodzenia w czwartym kwartale 2025 r.,2026-02-09,2026-02-10,2026-02-11T10:06:13,731913876ddc62fc56ec81383de56f20437e20186bb54404393807a422df2154,1,74,0,0,0,ok,,eli2md 0.6.3,2026-09-29T23:24:45Z
MP/2026/195,2026,195,Uchwała,"Uchwała nr 30 Rady Ministrów z dnia 27 stycznia 2026 r. w sprawie ustanowienia programu inwestycyjnego pod nazwą ""Rewitalizacja infrastruktury i budowa nowych obiektów użytkowych Instytutu Psychiatrii i Neurologii""",2026-01-27,2026-02-10,2026-02-11T10:06:13,b82408b38a8c4c9f733f281bdc7c587c0dae8e4ce956526d589933af64d8fa63,13,4836,0,0,0,ok,,eli2md 0.6.3,2026-09-29T23:24:45Z
MP/2026/196,2026,196,Uchwała,"Uchwała nr 70 Rady Ministrów z dnia 4 lutego 2026 r. w sprawie ustanowienia programu inwestycyjnego pod nazwą ""Budowa Lubuskiego Uniwersyteckiego Centrum Onkologii wraz z utworzeniem Zakładu Medycyny Nuklearnej w Szpitalu Uniwersyteckim imienia Karola Marcinkowskiego w Zielonej Górze spółka z ograniczoną odpowiedzialnością""",2026-02-04,2026-02-11,2026-02-12T10:34:00,cc6fd06e1de9f3512dfdf1640c0ae0180cd8301b6580a169a660525d69981b40,13,4292,0,0,0,ok,,eli2md 0.6.3,2026-09-29T23:24:45Z
MP/2026/197,2026,197,Obwieszczenie,Obwieszczenie Marszałka Sejmu Rzeczypospolitej Polskiej z dnia 9 lutego 2026 r. o rozpoczęciu procedury zgłaszania kandydatów na członków Krajowej Rady Sądownictwa wybieranych spośród sędziów,2026-02-09,2026-02-11,2026-02-12T10:34:00,31da775f469cf27b9a9657063bf8d5e9f43df72e8ffe2f3c4da6eab7e66868a6,1,123,0,0,0,ok,,eli2md 0.6.3,2026-09-29T23:24:45Z
MP/2026/198,2026,198,Uchwała,"Uchwała nr 66 Rady Ministrów z dnia 2 lutego 2026 r. w sprawie ustanowienia programu inwestycyjnego pod nazwą ""Utworzenie Centrum Spersonalizowanej Diagnostyki i Terapii Onkologicznej""",2026-02-02,2026-02-11,2026-02-12T10:34:00,f3e454f4aa242b027528c2c4f8886e214e728b299e82e2917885a595daea4e4e,9,2672,0,0,0,ok,,eli2md 0.6.3,2026-09-29T23:24:45Z
MP/2026/199,2026,199,Uchwała,"Uchwała nr 71 Rady Ministrów z dnia 4 lutego 2026 r. zmieniająca uchwałę w sprawie ""Rządowego programu ograniczania przestępczości i aspołecznych zachowań Razem bezpieczniej na lata 2025-2028""",2026-02-04,2026-02-11,2026-02-12T10:34:00,6e21c2f9e152f2c96692da7f6525c728ad48141b3ed90eba710ccee09be21b9c,2,580,0,0,0,ok,,eli2md 0.6.3,2026-09-29T23:24:45Z
MP/2026/200,2026,200,Obwieszczenie,"Obwieszczenie Prezesa Rady Ministrów z dnia 6 lutego 2026 r. w sprawie ogłoszenia jednolitego tekstu uchwały Rady Ministrów w sprawie ustanowienia programu wieloletniego pod nazwą ""Budowa kampusu Akademii Muzycznej imienia Feliksa Nowowiejskiego w Bydgoszczy""",2026-02-06,2026-02-11,2026-02-12T10:34:00,d25209dd81fff632cbaed0bb780043cacfa13e53151048c90baed014852a4b2a,36,9182,0,7,0,ok,,eli2md 0.6.3,2026-09-29T23:24:45Z
MP/2026/201,2026,201,Obwieszczenie,"Obwieszczenie Ministra Sportu i Turystyki z dnia 30 stycznia 2026 r. w sprawie włączenia kwalifikacji wolnorynkowej ""Organizowanie imprez turystyki rowerowej"" do Zintegrowanego Systemu Kwalifikacji",2026-01-30,2026-02-12,2026-02-16T10:39:37,93fec4a1a6f3b48a9e82ad2b591b91877396ed57522d2eeaf648929aee4ffecc,5,1165,0,0,0,ok,,eli2md 0.6.3,2026-09-29T23:24:45Z
MP/2026/202,2026,202,Komunikat,"Komunikat Ministra Rodziny, Pracy i Polityki Społecznej z dnia 11 lutego 2026 r. w sprawie wskaźnika waloryzacji emerytur i rent w 2026 r.",2026-02-11,2026-02-12,2026-02-16T10:40:41,1629e2ef04e02e6c68d1829972d7d266d29e2af8b1dcec474b29accd68a0ee63,1,79,0,0,0,ok,,eli2md 0.6.3,2026-09-29T23:24:45Z
MP/2026/203,2026,203,Obwieszczenie,"Obwieszczenie Ministra Infrastruktury z dnia 10 lutego 2026 r. w sprawie ogłoszenia stawek opłat za czynności związane z wyznaczaniem stref geograficznych dla systemów bezzałogowych statków powietrznych, przedłużaniem okresu ich obowiązywania i ich ponownym wyznaczaniem obowiązujących w 2026 r.",2026-02-10,2026-02-12,2026-02-16T10:41:36,43397216a7342adea7366134de83f1e3490692328a8b3b2273b558ec6d3fc91b,2,464,0,0,0,ok,,eli2md 0.6.3,2026-09-29T23:24:45Z
MP/2026/204,2026,204,Uchwała,"Uchwała nr 74 Rady Ministrów z dnia 6 lutego 2026 r. w sprawie ustanowienia programu inwestycyjnego pod nazwą ""Poprawa dostępności oraz jakości lecznictwa onkologicznego w woj. podkarpackim przez rozbudowę, modernizację i doposażenie Szpitala Specjalistycznego w Brzozowie Podkarpackiego Ośrodka Onkologicznego""",2026-02-06,2026-02-13,2026-02-16T10:30:26,fcdb7bbb532aba26caadabac259b2fd5f4125e15423bebd488213dda1f46a377,9,2455,0,0,0,ok,,eli2md 0.6.3,2026-09-29T23:24:45Z
MP/2026/205,2026,205,Obwieszczenie,Obwieszczenie Ministra Finansów i Gospodarki z dnia 5 lutego 2026 r. w sprawie średniej ważonej detalicznej ceny sprzedaży papierosów oraz średniej ważonej detalicznej ceny sprzedaży tytoniu do palenia w roku 2025,2026-02-05,2026-02-13,2026-02-16T10:30:26,2099a38377971382b32c57511ca0e8cf21032549d55f9e889014a07ecd799d6f,1,101,0,0,0,ok,,eli2md 0.6.3,2026-09-29T23:24:45Z
MP/2026/206,2026,206,Uchwała,"Uchwała nr 69 Rady Ministrów z dnia 4 lutego 2026 r. w sprawie ustanowienia programu inwestycyjnego pod nazwą ""Rozwój terapii onkologicznej przez zapewnienie innowacyjnych i kompleksowych metod diagnostycznych i leczniczych w Uniwersyteckim Centrum Klinicznym""",2026-02-04,2026-02-13,2026-02-16T10:35:08,2d91275defa2a4c168064cf237e285f355c4b900acac11c3d1bc65d9ba7f98f3,9,2586,0,0,0,ok,,eli2md 0.6.3,2026-09-29T23:24:45Z
MP/2026/207,2026,207,Obwieszczenie,Obwieszczenie Ministra Infrastruktury z dnia 10 lutego 2026 r. w sprawie ogłoszenia stawek opłat lotniczych obowiązujących w 2026 r.,2026-02-10,2026-02-13,2026-02-16T10:30:26,411337ae9134bfb2b22368775418cf8ead911dbe4a89624ae61714cdc360a8bc,32,10453,0,0,0,ok,,eli2md 0.6.3,2026-09-29T23:24:45Z
MP/2026/208,2026,208,Komunikat,"Komunikat Prezesa Zakładu Ubezpieczeń Społecznych z dnia 12 lutego 2026 r. w sprawie dopuszczalnej kwoty przychodu, granicznej kwoty przychodu oraz rocznej dopuszczalnej kwoty przychodu i rocznej granicznej kwoty przychodu, stosowanych przy zmniejszaniu lub zawieszaniu świadczeń przedemerytalnych oraz zasiłków przedemerytalnych",2026-02-12,2026-02-13,2026-02-16T10:30:26,f937e867924480911103ee8e50a68430f8048e9b43795ddbb6e80285f35765b9,1,155,0,0,0,ok,,eli2md 0.6.3,2026-09-29T23:24:45Z
MP/2026/209,2026,209,Komunikat,Komunikat Prezesa Zakładu Ubezpieczeń Społecznych z dnia 12 lutego 2026 r. w sprawie kwot przychodu odpowiadających 70 % i 130 % przeciętnego miesięcznego wynagrodzenia ogłoszonego za IV kwartał 2025 r. stosowanych przy zmniejszaniu albo zawieszaniu emerytur i rent,2026-02-12,2026-02-13,2026-02-16T10:30:26,cffc4d8edff08c72e80600eadc3ad65dcb4b0692cafac6c03696cc0cd1ad25b2,1,124,0,0,0,ok,,eli2md 0.6.3,2026-09-29T23:24:45Z
MP/2026/210,2026,210,Obwieszczenie,Obwieszczenie Prezesa Zakładu Ubezpieczeń Społecznych z dnia 12 lutego 2026 r. w sprawie wskaźnika waloryzacji podstawy wymiaru zasiłku chorobowego przyjętej do obliczenia świadczenia rehabilitacyjnego w II kwartale 2026 r.,2026-02-12,2026-02-16,2026-02-17T10:04:24,fc91b647ddb4fa97e010576a17c8894e90e628bcb57cf0329f730c1d68c57321,1,98,0,0,0,ok,,eli2md 0.6.3,2026-09-29T23:24:45Z
MP/2026/211,2026,211,Komunikat,"Komunikat Prezesa Zakładu Ubezpieczeń Społecznych z dnia 12 lutego 2026 r. w sprawie wysokości wskaźnika kwartalnej waloryzacji składek na ubezpieczenie emerytalne, środków, odsetek za zwłokę i opłaty prolongacyjnej, zewidencjonowanych na subkoncie, za IV kwartał 2025 r.",2026-03-23,2026-02-16,2026-02-17T10:04:24,fa23542920a12336d193371ab124608a84d40bd3fc14f045981a26b3542b7611,1,98,0,0,0,ok,,eli2md 0.6.3,2026-09-29T23:24:45Z
MP/2026/212,2026,212,Obwieszczenie,Obwieszczenie Ministra Finansów i Gospodarki z dnia 11 lutego 2026 r. w sprawie ogłoszenia rejestru aktuariuszy,2026-02-11,2026-02-16,2026-09-08T08:44:25,38085cf32371396aa7b9fb3243a0ad03cc4bf23325abf248ffaff3e19786334f,14,3721,0,0,0,ok,,eli2md 0.6.3,2026-09-29T23:24:45Z
MP/2026/213,2026,213,Komunikat,Komunikat Prezesa Kasy Rolniczego Ubezpieczenia Społecznego z dnia 16 lutego 2026 r. w sprawie kwoty świadczenia pieniężnego z tytułu pełnienia funkcji sołtysa,2026-02-16,2026-02-16,2026-02-17T10:04:24,c1ad52984f604e6eb7059cf20b09ae096e0379bc2bb1ef0728ff26957964c167,1,77,0,0,0,ok,,eli2md 0.6.3,2026-09-29T23:24:45Z
MP/2026/214,2026,214,Uchwała,"Uchwała nr 63 Rady Ministrów z dnia 29 stycznia 2026 r. zmieniająca uchwałę w sprawie ""Krajowego programu ochrony zabytków i opieki nad zabytkami na lata 2023-2026""",2026-01-29,2026-02-17,2026-02-18T10:25:39,507aa96530b305699514c985da1084aed2b58f065eb22e712ad0a9066d7e069b,78,20738,0,8,0,ok,,eli2md 0.6.3,2026-09-29T23:24:45Z
MP/2026/215,2026,215,Uchwała,"Uchwała nr 79 Rady Ministrów z dnia 13 lutego 2026 r. w sprawie ustanowienia programu inwestycyjnego pod nazwą ""Wzmocnienie infrastruktury do realizacji świadczeń onkologicznych w województwie podlaskim odpowiedzią na potrzeby demograficzne i epidemiologiczne stawiane przed Białostockim Centrum Onkologii""",2026-02-13,2026-02-18,2026-02-19T10:59:44,ee2bddddcc834c003367f268646457b44e7e84ae3eba967d256c03ac32c3242c,11,3264,0,0,0,ok,,eli2md 0.6.3,2026-09-29T23:24:45Z
MP/2026/216,2026,216,Uchwała,"Uchwała nr 77 Rady Ministrów z dnia 12 lutego 2026 r. w sprawie ustanowienia programu inwestycyjnego pod nazwą ""Budowa ośrodka diagnostyczno-profilaktycznego i modernizacja infrastruktury Centrum Onkologii Ziemi Lubelskiej imienia św. Jana z Dukli w Lublinie w celu poprawy dostępu i podniesienia jakości diagnostyki i leczenia onkologicznego w województwie lubelskim""",2026-02-12,2026-02-18,2026-02-19T10:59:44,57e83528e9dec0cb6afc6e8af20f56f3f2723403cf2c0d10ec87e4a0b511678a,9,2583,0,0,0,ok,,eli2md 0.6.3,2026-09-29T23:24:45Z
MP/2026/217,2026,217,Uchwała,"Uchwała nr 73 Rady Ministrów z dnia 11 lutego 2026 r. w sprawie ustanowienia programu inwestycyjnego pod nazwą ""Rozbudowa infrastruktury Beskidzkiego Centrum Onkologii - Szpitala Miejskiego im. Jana Pawła II w Bielsku-Białej obejmująca: Pawilony I, III, V oraz rozszerzenie bazy diagnostycznej o nową pracownię PET-CT""",2026-02-11,2026-02-18,2026-02-19T10:59:44,b3f746e0f68f08cf4fefe47383a2090069f3283bd19d1931d45ee9eadad54f8d,13,4665,0,0,0,ok,,eli2md 0.6.3,2026-09-29T23:24:45Z
MP/2026/218,2026,218,Komunikat,Komunikat Prezesa Zakładu Ubezpieczeń Społecznych z dnia 17 lutego 2026 r. w sprawie kwoty miesięcznego progu uprawniającego do świadczenia wyrównawczego,2026-02-17,2026-02-18,2026-02-19T10:59:44,589e8282edad86f80f0b9983bb70454efcd0a21fe299f88598054eed00a7fb96,1,76,0,0,0,ok,,eli2md 0.6.3,2026-09-29T23:24:45Z
MP/2026/219,2026,219,Komunikat,Komunikat Prezesa Zakładu Ubezpieczeń Społecznych z dnia 17 lutego 2026 r. w sprawie miesięcznej kwoty przeciętnej renty rodzinnej wypłaconej przez Zakład Ubezpieczeń Społecznych z Funduszu Ubezpieczeń Społecznych,2026-02-17,2026-02-18,2026-02-19T10:59:44,405e5859fd264d0b20dd90e1c56c3d78b832712d6653989d23298473f84c3b5b,1,120,0,0,0,ok,,eli2md 0.6.3,2026-09-29T23:24:45Z
MP/2026/220,2026,220,Komunikat,"Komunikat Prezesa Zakładu Ubezpieczeń Społecznych z dnia 17 lutego 2026 r. w sprawie kwoty najniższej emerytury i renty, dodatku pielęgnacyjnego i dodatku dla sierot zupełnych, kwot maksymalnych zmniejszeń emerytur i rent oraz kwot emerytur i rent wolnych od egzekucji i potrąceń",2026-02-17,2026-02-18,2026-02-19T10:59:44,d574a1564621722c3f86b8d0cf1427d56093a5660bab560271870d36e3e3cc35,2,978,0,0,0,ok,,eli2md 0.6.3,2026-09-29T23:24:45Z
MP/2026/221,2026,221,Komunikat,Komunikat Prezesa Zakładu Ubezpieczeń Społecznych z dnia 17 lutego 2026 r. w sprawie miesięcznej kwoty przeciętnej renty z tytułu niezdolności do pracy wypłaconej przez Zakład Ubezpieczeń Społecznych z Funduszu Ubezpieczeń Społecznych,2026-02-17,2026-02-18,2026-02-19T10:59:44,0cdaf01eefc94619238295a3ef15665faf3fa0d1f14558364b7d5b1c9cc37cf1,1,128,0,0,0,ok,,eli2md 0.6.3,2026-09-29T23:24:45Z
MP/2026/222,2026,222,Komunikat,Komunikat Prezesa Zakładu Ubezpieczeń Społecznych z dnia 17 lutego 2026 r. w sprawie kwoty dodatku kombatanckiego do emerytury lub renty,2026-02-17,2026-02-18,2026-02-19T10:59:44,8403328d04853c9f842cd6e458831812422aa94121ca7969c1137aef36cf560d,1,84,0,0,0,ok,,eli2md 0.6.3,2026-09-29T23:24:45Z
MP/2026/223,2026,223,Komunikat,Komunikat Prezesa Zakładu Ubezpieczeń Społecznych z dnia 17 lutego 2026 r. w sprawie miesięcznej kwoty przeciętnej emerytury wypłaconej przez Zakład Ubezpieczeń Społecznych z Funduszu Ubezpieczeń Społecznych,2026-02-17,2026-02-18,2026-02-19T10:59:44,cdc23c916a80c9937c93691318d731ab98245c85c035b7f5c54a0cac9c0d1421,1,118,0,0,0,ok,,eli2md 0.6.3,2026-09-29T23:24:45Z
MP/2026/224,2026,224,Komunikat,Komunikat Prezesa Zakładu Ubezpieczeń Społecznych z dnia 17 lutego 2026 r. w sprawie kwoty miesięcznej uprawniającej do świadczenia uzupełniającego,2026-02-17,2026-02-18,2026-02-19T10:59:44,a627bc400b82ecb54c33ee1e9ec6762f8b5c33a8fd5fb820c132fa1127a31390,1,84,0,0,0,ok,,eli2md 0.6.3,2026-09-29T23:24:45Z
MP/2026/225,2026,225,Komunikat,Komunikat Prezesa Zakładu Ubezpieczeń Społecznych z dnia 17 lutego 2026 r. w sprawie kwoty świadczenia ratowniczego,2026-02-17,2026-02-18,2026-02-19T10:59:44,79f4d14d1e66676658be3b0651827f9f59ac84aacd9639fe5ef559526775a7e1,1,76,0,0,0,ok,,eli2md 0.6.3,2026-09-29T23:24:45Z
MP/2026/226,2026,226,Komunikat,Komunikat Prezesa Zakładu Ubezpieczeń Społecznych z dnia 17 lutego 2026 r. w sprawie kwoty świadczenia honorowego z tytułu ukończenia 100 lat życia,2026-02-17,2026-02-18,2026-02-19T10:59:44,660550d05f4ba0c1657745b1a333c0c6e96de27445460cce7fb1ddc4b8c996d1,1,76,0,0,0,ok,,eli2md 0.6.3,2026-09-29T23:24:45Z
MP/2026/227,2026,227,Komunikat,Komunikat Prezesa Zakładu Ubezpieczeń Społecznych z dnia 17 lutego 2026 r. w sprawie kwoty dodatku do emerytury lub renty za tajne nauczanie,2026-02-17,2026-02-18,2026-02-19T10:59:44,b995da66f142b78d8d00eca7d73bc0630a9b97b447532cafccf16cb2ad313188,1,76,0,0,0,ok,,eli2md 0.6.3,2026-09-29T23:24:45Z
MP/2026/228,2026,228,Komunikat,Komunikat Prezesa Zakładu Ubezpieczeń Społecznych z dnia 17 lutego 2026 r. w sprawie kwoty świadczenia pieniężnego przysługującego osobom deportowanym do pracy przymusowej oraz osadzonym w obozach pracy przez III Rzeszę i Związek Socjalistycznych Republik Radzieckich,2026-02-17,2026-02-18,2026-02-19T10:59:44,e32ad1e2a7cd3b1d5bb20e7fa003bd0a772f6374faf6ab223661a88b4ca6391e,1,261,0,0,0,ok,,eli2md 0.6.3,2026-09-29T23:24:45Z
MP/2026/229,2026,229,Komunikat,"Komunikat Prezesa Zakładu Ubezpieczeń Społecznych z dnia 17 lutego 2026 r. w sprawie kwoty świadczenia pieniężnego przysługującego żołnierzom zastępczej służby wojskowej przymusowo zatrudnianym w kopalniach węgla, kamieniołomach, zakładach rud uranu i batalionach budowlanych",2026-02-17,2026-02-18,2026-02-19T10:59:44,b1e897dc5e99f82ad948443ad2508975c2bb26aa54fc8cea610b39a4edcb5fef,1,114,0,0,0,ok,,eli2md 0.6.3,2026-09-29T23:24:45Z
MP/2026/230,2026,230,Uchwała,"Uchwała nr 72 Rady Ministrów z dnia 11 lutego 2026 r. w sprawie ustanowienia programu inwestycyjnego pod nazwą ""Budowa budynku na potrzeby stacjonarnego oraz ambulatoryjnego leczenia chorób psychicznych dzieci i młodzieży wraz z wyposażeniem i dostosowaniem infrastruktury zewnętrznej w ramach subfunduszu infrastruktury strategicznej""",2026-02-11,2026-02-19,2026-02-20T09:59:43,286c4093675cc380109161b559b6d8e5a5def6891c2da2fb621ca0cae9c212ac,9,2322,0,0,0,ok,,eli2md 0.6.3,2026-09-29T23:24:45Z
MP/2026/231,2026,231,Komunikat,Komunikat Prezesa Państwowej Agencji Atomistyki z dnia 18 lutego 2026 r. w sprawie sytuacji radiacyjnej kraju w IV kwartale 2025 r.,2026-02-18,2026-02-19,2026-02-20T09:59:43,e1b76b1c7521dd05065ff4ab284aa2828471a1f2d015e9b35e5ec1b49484bdee,1,165,0,0,0,ok,,eli2md 0.6.3,2026-09-29T23:24:45Z
MP/2026/232,2026,232,Obwieszczenie,Obwieszczenie Prezesa Głównego Urzędu Statystycznego z dnia 19 lutego 2026 r. w sprawie przeciętnego wynagrodzenia miesięcznego w gospodarce narodowej w 2025 r. i w drugim półroczu 2025 r.,2026-02-19,2026-02-19,2026-02-20T09:59:43,d321813bcd3f60a8eac6327a2d8ab18c4fcd52ba9f0ad999c26553d5974fc712,1,132,0,0,0,ok,,eli2md 0.6.3,2026-09-29T23:24:45Z
MP/2026/233,2026,233,Uchwała,"Uchwała nr 81 Rady Ministrów z dnia 16 lutego 2026 r. w sprawie ustanowienia programu inwestycyjnego pod nazwą ""Nowoczesna infrastruktura onkologiczna dla regionu - strategiczna rozbudowa SOLO III Zachodniopomorskiego Centrum Onkologii w Szczecinie""",2026-02-16,2026-02-20,2026-02-23T10:35:07,fdae29d27d34537d92ce2185d66e1151d13bd33d628d0e4c67a4630ce944c47c,15,5013,0,0,0,ok,,eli2md 0.6.3,2026-09-29T23:24:45Z
MP/2026/234,2026,234,Uchwała,Uchwała Senatu Rzeczypospolitej Polskiej z dnia 18 lutego 2026 r. w 85. rocznicę pierwszego zrzutu cichociemnych do okupowanej Polski,2026-02-18,2026-02-24,2026-05-12T09:01:27,2adf11ca228ae0621610006f89adfd61bba9f26229be7e6f1a66f1de9978df4d,1,289,0,0,0,ok,,eli2md 0.6.3,2026-09-29T23:24:45Z
MP/2026/235,2026,235,Obwieszczenie,"Obwieszczenie Ministra Rodziny, Pracy i Polityki Społecznej z dnia 19 lutego 2026 r. w sprawie wysokości opłaty za wydanie duplikatu Karty Dużej Rodziny oraz wysokości kosztów gminy związanych z przyznaniem tej Karty oraz wydaniem jej duplikatu",2026-02-19,2026-02-24,2026-02-25T11:08:04,c21ba500ff7d9f719dd78d745fb6d568de7e46fe2822b9df34171ceb8ab2ab19,1,132,0,0,0,ok,,eli2md 0.6.3,2026-09-29T23:24:45Z
MP/2026/236,2026,236,Uchwała,Uchwała Senatu Rzeczypospolitej Polskiej z dnia 19 lutego 2026 r. w sprawie niewyrażenia zgody na pociągnięcie do odpowiedzialności karnej senatora Adama Bodnara,2026-02-19,2026-02-24,2026-02-25T11:08:04,2973911d6853a71b601d7dcdf2aa8d622bb600d0e4a8a5fcdca16fba383ef1d1,1,95,0,0,0,ok,,eli2md 0.6.3,2026-09-29T23:24:45Z
MP/2026/237,2026,237,Komunikat,"Komunikat Ministra Spraw Wewnętrznych i Administracji z dnia 17 lutego 2026 r. o podjęciu przez Radę Ministrów uchwały zmieniającej uchwałę w sprawie ""Rządowego programu ograniczania przestępczości i aspołecznych zachowań Razem bezpieczniej na lata 2025-2028""",2026-02-17,2026-02-24,2026-02-25T11:08:04,95c25d0904e866022042ad1f48c4cea6dbebcbe79546974baf799fc3ae4aabf2,1,169,0,0,0,ok,,eli2md 0.6.3,2026-09-29T23:24:45Z
MP/2026/238,2026,238,Uchwała,"Uchwała nr 78 Rady Ministrów z dnia 13 lutego 2026 r. w sprawie ustanowienia programu inwestycyjnego pod nazwą ""Budowa ośrodka diagnostyki i leczenia nowotworu płuca wraz z blokiem operacyjnym w Wojskowym Instytucie Medycznym - Państwowym Instytucie Badawczym""",2026-02-13,2026-02-25,2026-02-26T10:54:37,4e8fdebd36c7308f64e2185e70c2e11b8942a527ce16aaac2b62aafcf306c6b9,13,3563,0,0,0,ok,,eli2md 0.6.3,2026-09-29T23:24:45Z
MP/2026/239,2026,239,Obwieszczenie,"Obwieszczenie Ministra Sportu i Turystyki z dnia 30 stycznia 2026 r. w sprawie włączenia kwalifikacji sektorowej ""Planowanie i prowadzenie zajęć parkour"" do Zintegrowanego Systemu Kwalifikacji",2026-01-30,2026-02-25,2026-02-26T10:54:37,2a122b82090628771719b8e6ad332cf28349e5c2e467f18a53c418fb40f2d98c,7,2058,0,0,0,ok,,eli2md 0.6.3,2026-09-29T23:24:45Z
MP/2026/240,2026,240,Zarządzenie,"Zarządzenie nr 2/2026 Prezesa Narodowego Banku Polskiego z dnia 19 lutego 2026 r. w sprawie ustalenia wzorów, próby, masy i wielkości emisji monet o wartości nominalnej 10 zł i 500 zł, z serii ""Hetmani Rzeczypospolitej"" - Jan Tarnowski",2026-02-19,2026-02-25,2026-02-26T10:54:37,6862706788fee19545f025289bfb0d7f194c91d3814e840a6e1922e3f616637a,3,286,0,0,0,ok,,eli2md 0.6.3,2026-09-29T23:24:45Z
MP/2026/241,2026,241,Obwieszczenie,"Obwieszczenie Ministra Sportu i Turystyki z dnia 30 stycznia 2026 r. w sprawie włączenia kwalifikacji wolnorynkowej ""Organizowanie imprez turystycznych dla osób z niepełnosprawnościami"" do Zintegrowanego Systemu Kwalifikacji",2026-01-30,2026-02-25,2026-02-26T10:54:37,13c6f5085b78afa7b5fc5324db96e88a11952e5ad6885375e610aef06bcbd32b,7,1713,0,0,0,ok,,eli2md 0.6.3,2026-09-29T23:24:45Z
MP/2026/242,2026,242,Obwieszczenie,"Obwieszczenie Ministra Energii z dnia 20 lutego 2026 r. w sprawie wielkości średniego dziennego przywozu netto ekwiwalentu ropy naftowej, średniego dziennego zużycia krajowego brutto ekwiwalentu ropy naftowej, średniej dziennej produkcji netto gazu płynnego (LPG), średniego dziennego przywozu gazu płynnego (LPG) w 2025 r. oraz wartości współczynników określających gęstość produktów naftowych służących do ich przeliczenia z jednostek objętościowych na jednostki wagowe, stosowanych w okresie od dnia 1 stycznia 2026 r. do dnia 29 czerwca 2026 r. oraz w okresie od dnia 30 czerwca 2026 r. do dnia 29 czerwca 2027 r.",2026-02-20,2026-02-25,2026-02-26T10:54:37,a2eb579d8f4f8d393e277e62a7128ddb205a992f2e4aa98966f1ebdc3aa80e20,1,315,0,0,0,ok,,eli2md 0.6.3,2026-09-29T23:24:45Z
MP/2026/243,2026,243,Obwieszczenie,"Obwieszczenie Prezesa Urzędu Patentowego Rzeczypospolitej Polskiej z dnia 18 lutego 2026 r. o wskazaniu wystaw dających pierwszeństwo do uzyskania prawa ochronnego albo prawa z rejestracji, w przypadku wystawiania na nich wzoru użytkowego albo wzoru przemysłowego",2026-02-18,2026-02-25,2026-02-26T10:54:37,44a7a8c3075d8f8733196d23b653e39697c2311d711d0da4bd5e4b3e2dda50f4,1,348,0,0,0,ok,,eli2md 0.6.3,2026-09-29T23:24:45Z
MP/2026/244,2026,244,Obwieszczenie,"Obwieszczenie Ministra Sportu i Turystyki z dnia 30 stycznia 2026 r. w sprawie włączenia kwalifikacji wolnorynkowej ""Organizowanie i realizacja imprez turystyki narciarskiej"" do Zintegrowanego Systemu Kwalifikacji",2026-01-30,2026-02-25,2026-02-26T10:54:37,ab6a53a23a5dd012d6f96381a8c893f0710dd51764150d1c70f54953263aeaf6,7,1611,0,0,0,ok,,eli2md 0.6.3,2026-09-29T23:24:45Z
MP/2026/245,2026,245,Uchwała,"Uchwała nr 80 Rady Ministrów z dnia 16 lutego 2026 r. w sprawie ustanowienia programu inwestycyjnego pod nazwą ""Przebudowa i modernizacja infrastruktury Warmińsko-Mazurskiego Centrum Onkologii w Olsztynie wraz z doposażeniem w sprzęt medyczny najnowszej generacji w celu realizacji kompleksowych i innowacyjnych metod leczenia onkologicznego""",2026-02-16,2026-02-26,2026-02-27T11:19:38,a86fc23e9e792c522814d7ecbf9b5e5d2919ec0df763deb90f58391b1b6aaca5,11,2868,0,0,0,ok,,eli2md 0.6.3,2026-09-29T23:24:45Z
MP/2026/246,2026,246,Obwieszczenie,Obwieszczenie Prezesa Rady Ministrów z dnia 24 lutego 2026 r. w sprawie ogłoszenia jednolitego tekstu zarządzenia Prezesa Rady Ministrów w sprawie powołania Komisji do spraw wyjaśnienia mechanizmów represji wobec organizacji społeczeństwa obywatelskiego oraz działaczy społecznych w latach 2015-2023,2026-02-24,2026-02-26,2026-08-10T09:17:29,c7433829b358545f478410fabf7e2313d16186da81baa692ddbca9115ba0e67d,5,1696,0,0,0,ok,,eli2md 0.6.3,2026-09-29T23:24:45Z
MP/2026/247,2026,247,Uchwała,Uchwała nr 75 Rady Ministrów z dnia 10 lutego 2026 r. w sprawie przyjęcia strategii przeciwdziałania praniu pieniędzy oraz finansowaniu terroryzmu,2026-02-10,2026-02-26,2026-02-27T11:19:38,4638fdbffbea4f8ed8d5854365223dc079de7b41a9a79be8937236d6b97908a9,31,8745,0,1,0,ok,,eli2md 0.6.3,2026-09-29T23:24:45Z
MP/2026/248,2026,248,Postanowienie,Postanowienie Prezydenta Rzeczypospolitej Polskiej z dnia 26 lutego 2026 r. o użyciu oddziałów i pododdziałów Sił Zbrojnych Rzeczypospolitej Polskiej do pomocy oddziałom i pododdziałom Policji,2026-02-26,2026-02-27,2026-03-02T11:45:18,f382a891b0b9795fe368ece49444114b50489f803672ee5f1ccf3a54f13e7fa9,1,130,0,0,0,ok,,eli2md 0.6.3,2026-09-29T23:24:45Z
MP/2026/249,2026,249,Obwieszczenie,"Obwieszczenie Prezesa Rady Ministrów z dnia 12 lutego 2026 r. w sprawie ogłoszenia jednolitego tekstu uchwały Rady Ministrów w sprawie ustanowienia programu wieloletniego pod nazwą ""Program wspierania inwestycji infrastrukturalnych w związku z realizacją kluczowych inwestycji w zakresie strategicznej infrastruktury energetycznej, w tym elektrowni jądrowej, w województwie pomorskim""",2026-02-12,2026-03-02,2026-09-25T00:00:00,77b7a58932c1b42733857f8ffcc14655adb392626839008e0e27582595b750d7,22,5557,0,0,0,ok,,eli2md 0.6.3,2026-09-29T23:24:45Z
MP/2026/250,2026,250,Zarządzenie,Zarządzenie nr 14 Prezesa Rady Ministrów z dnia 27 lutego 2026 r. w sprawie zniesienia Rady Mieszkalnictwa,2026-02-27,2026-03-02,2026-03-03T11:04:15,45dc4b78336cbc5cdb788abda594d7bc6165c1f61c237282900334a2ca317720,1,109,0,0,0,ok,,eli2md 0.6.3,2026-09-29T23:24:45Z
MP/2026/251,2026,251,Komunikat,Komunikat Ministra Finansów i Gospodarki z dnia 12 lutego 2026 r. o wydanej decyzji w sprawie pozbawienia przedsiębiorcy statusu centrum badawczo-rozwojowego,2026-02-12,2026-03-02,2026-03-03T11:04:15,f973f2e4275888b5198e1f7632cbd10952a062741fb45f92d70cab7af77ad37f,1,84,0,0,0,ok,,eli2md 0.6.3,2026-09-29T23:24:45Z
MP/2026/252,2026,252,Uchwała,"Uchwała nr 82 Rady Ministrów z dnia 16 lutego 2026 r. w sprawie ustanowienia programu inwestycyjnego pod nazwą ""Rozwój potencjału onkologicznego przez utworzenie Uniwersyteckiego Centrum Onkologii z Ośrodkiem Radioterapii w Uniwersyteckim Szpitalu Klinicznym im. Jana Mikulicza-Radeckiego we Wrocławiu""",2026-02-16,2026-03-03,2026-03-04T10:05:26,be6b066b4569189f1ecd6f3254180edd7328b16aa3e201a1f3b8bb7e3b87f5de,10,3445,0,0,0,ok,,eli2md 0.6.3,2026-09-29T23:24:45Z
MP/2026/253,2026,253,Uchwała,"Uchwała nr 89 Rady Ministrów z dnia 25 lutego 2026 r. w sprawie ustanowienia programu inwestycyjnego pod nazwą ""Budowa oddziału psychiatrii sądowej o podstawowym zabezpieczeniu przez MEDiSON Spółkę z ograniczoną odpowiedzialnością""",2026-02-25,2026-03-03,2026-03-04T10:05:26,0bbb967dccfe473da0dec890121b887d4ad6ac6adb43c6c7bf36e4a901c0f47b,10,3010,0,0,0,ok,,eli2md 0.6.3,2026-09-29T23:24:45Z
MP/2026/254,2026,254,Komunikat,"Komunikat Ministra Rolnictwa i Rozwoju Wsi z dnia 24 lutego 2026 r. w sprawie zmienionych wytycznych w zakresie danych niezbędnych do monitorowania i ewaluacji Planu Strategicznego dla Wspólnej Polityki Rolnej na lata 2023-2027, innych niż przekazywane Komisji Europejskiej",2026-02-24,2026-03-03,2026-03-04T10:05:26,fb9070ffc8d8ac960a740356f9a3f809bb7698ee81714e01e23969b1f75402b5,1,166,0,0,0,ok,,eli2md 0.6.3,2026-09-29T23:24:45Z
MP/2026/255,2026,255,Komunikat,"Komunikat Ministra Rolnictwa i Rozwoju Wsi z dnia 28 lutego 2026 r. w sprawie wytycznych szczegółowych w zakresie przyznawania, wypłaty i zwrotu pomocy finansowej w ramach Planu Strategicznego dla Wspólnej Polityki Rolnej na lata 2023-2027 dla interwencji I.14.3 Doskonalenie zawodowe kadr doradczych - moduł 3 Studia podyplomowe dla doradców rolniczych",2026-02-28,2026-03-04,2026-03-05T11:57:01,55523a50567003e81fec7a3d08b4ed4804d3e22a9274b1973c2f4014e9c7043c,1,189,0,0,0,ok,,eli2md 0.6.3,2026-09-29T23:24:45Z
MP/2026/256,2026,256,Obwieszczenie,Obwieszczenie Ministra Spraw Zagranicznych z dnia 26 lutego 2026 r. w sprawie kwot bazowych dodatku zagranicznego dla poszczególnych państw przyjmujących obowiązujących od dnia 1 kwietnia 2026 roku,2025-02-26,2026-03-04,2026-03-05T11:57:02,d39b2226987892b2be32e11aa4aa431b5452412a47d193deb4ecc5798a61bae3,4,596,0,0,0,ok,,eli2md 0.6.3,2026-09-29T23:24:45Z
MP/2026/257,2026,257,Uchwała,Uchwała Sejmu Rzeczypospolitej Polskiej z dnia 27 lutego 2026 r. w sprawie wyrażenia solidarności z Ukrainą oraz wsparcia Rzeczypospolitej Polskiej dla osób dotkniętych skutkami rosyjskiej agresji - w czwartą rocznicę jej rozpoczęcia,2026-02-27,2026-03-04,2026-03-12T09:43:26,61bccfa2d4c2a91189c854df22f1976a0bd2aea24c0a17226def2329212a5bdd,1,293,0,0,0,ok,,eli2md 0.6.3,2026-09-29T23:24:45Z
MP/2026/258,2026,258,Uchwała,Uchwała Sejmu Rzeczypospolitej Polskiej z dnia 27 lutego 2026 r. w sprawie upamiętnienia Andrzeja Wajdy w 100. rocznicę urodzin,2026-02-27,2026-03-04,2026-05-12T09:01:27,9485b3f539c1d74debfc5b94c41c290a19f68555215000b91eb096c50acf5a43,2,549,0,0,0,ok,,eli2md 0.6.3,2026-09-29T23:24:45Z
MP/2026/259,2026,259,Uchwała,Uchwała Sejmu Rzeczypospolitej Polskiej z dnia 27 lutego 2026 r. w sprawie przywrócenia konstytucyjnych standardów wyboru członków Krajowej Rady Sądownictwa wybieranych spośród sędziów,2026-02-27,2026-03-04,2026-03-05T12:18:20,2180c1d5fc9e578b55196c19f0ecf69108a53609cc9e632a0f85424ec0b3e047,2,749,0,0,0,ok,,eli2md 0.6.3,2026-09-29T23:24:45Z
MP/2026/260,2026,260,Postanowienie,"Postanowienie Prezydenta Rzeczypospolitej Polskiej z dnia 4 marca 2026 r. o użyciu Polskiego Kontyngentu Wojskowego w działaniach ewakuacji obywateli Rzeczypospolitej Polskiej przebywających w Królestwie Arabii Saudyjskiej, Królestwie Bahrajnu, Arabskiej Republice Egiptu, Państwie Izrael, Państwie Katar, Państwie Kuwejt, Sułtanacie Omanu i Zjednoczonych Emiratach Arabskich",2026-03-04,2026-03-04,2026-03-05T12:19:00,cb691ddb4d87cfda20ef24f0325ad5c6a478cc47e2dd00572876dd584201176d,1,267,0,0,0,ok,,eli2md 0.6.3,2026-09-29T23:24:45Z
MP/2026/261,2026,261,Zarządzenie,Zarządzenie nr 13 Prezesa Rady Ministrów z dnia 27 lutego 2026 r. w sprawie Międzyresortowego Zespołu do spraw Koordynacji Polityki Demograficznej,2026-02-27,2026-03-05,2026-03-06T10:17:32,199013a4cc18f03b57ce94a0af33d25e981fad9306adae755e667d1cfba7560a,3,1106,0,0,0,ok,,eli2md 0.6.3,2026-09-29T23:24:45Z
MP/2026/262,2026,262,Uchwała,Uchwała Sejmu Rzeczypospolitej Polskiej z dnia 13 lutego 2026 r. w sprawie upamiętnienia 100-lecia nadania praw miejskich Gdyni,2026-02-13,2026-03-05,2026-05-12T09:01:27,d82cbda8f1967f5b803b5e8adecea8edb19f0482d49a67bd0467134a34929c3e,2,556,0,0,0,ok,,eli2md 0.6.3,2026-09-29T23:24:45Z
MP/2026/263,2026,263,Obwieszczenie,"Obwieszczenie Ministra Cyfryzacji z dnia 21 lutego 2026 r. w sprawie włączenia kwalifikacji wolnorynkowej ""Zapewnianie cyberbezpieczeństwa rozwiązań chmurowych w organizacji"" do Zintegrowanego Systemu Kwalifikacji",2026-02-21,2026-03-05,2026-03-06T10:17:32,a69e849ce0e95bccf0eb850a71091d2c7b58461a8507c945197e0bbde50bef12,6,1532,0,0,0,ok,,eli2md 0.6.3,2026-09-29T23:24:45Z
MP/2026/264,2026,264,Obwieszczenie,"Obwieszczenie Ministra Finansów i Gospodarki z dnia 3 marca 2026 r. w sprawie określenia wysokości kwot rekompensat wypłacanych osobom, które wniosły przedpłaty na zakup samochodów osobowych marki Fiat 126p lub FSO 1500, na II kwartał 2026 r.",2026-03-03,2026-03-05,2026-03-06T10:17:32,eb244c8611bdffb3afeeedd2a54839b62eb819f033a140c8ffe08b1599e4fee6,1,130,0,0,0,ok,,eli2md 0.6.3,2026-09-29T23:24:45Z
MP/2026/265,2026,265,Obwieszczenie,"Obwieszczenie Ministra Infrastruktury z dnia 6 marca 2026 r. w sprawie tymczasowych odstępstw od stosowania przepisów dotyczących czasu prowadzenia pojazdu, przerw i okresów odpoczynków kierowców",2026-03-06,2026-03-06,2026-03-09T10:30:59,2cdc86907a0a03b76bd922cdf91bff40b0e2b28becc713c100d40c213ca8928d,1,408,0,0,0,ok,,eli2md 0.6.3,2026-09-29T23:24:45Z
MP/2026/266,2026,266,Obwieszczenie,"Obwieszczenie Prezesa Kasy Rolniczego Ubezpieczenia Społecznego z dnia 5 marca 2026 r. w sprawie wysokości miesięcznej składki na ubezpieczenie wypadkowe, chorobowe i macierzyńskie w II kwartale 2026 r.",2026-03-05,2026-03-09,2026-03-10T10:15:09,1f51961bead9ff4eb2c1e873d47f527e079d71f2aba04e67539a8f15bfd5fe50,1,82,0,0,0,ok,,eli2md 0.6.3,2026-09-29T23:24:45Z
MP/2026/267,2026,267,Uchwała,Uchwała nr 86 Rady Ministrów z dnia 18 lutego 2026 r. w sprawie zatwierdzenia Regulaminu Komitetu do spraw Cyfryzacji,2026-02-18,2026-03-09,2026-03-10T10:15:09,8baab11e1438503b8a475ffd6d35c970d7cd1606bb97d5e0a4810ccad3595cde,9,3942,0,0,0,ok,,eli2md 0.6.3,2026-09-29T23:24:45Z
MP/2026/268,2026,268,Obwieszczenie,"Obwieszczenie Ministra Rodziny, Pracy i Polityki Społecznej z dnia 2 marca 2026 r. w sprawie wysokości zasiłku dla bezrobotnych",2026-03-02,2026-03-09,2026-03-10T10:15:09,8178d74216a74e4a0b8d9931f8c7827afe6a276107639e73359eb8513aef6e97,1,102,0,0,0,ok,,eli2md 0.6.3,2026-09-29T23:24:45Z
MP/2026/269,2026,269,Obwieszczenie,"Obwieszczenie Ministra Finansów i Gospodarki z dnia 6 marca 2026 r. w sprawie stawki odsetek za zwłokę od zaległości podatkowych, obniżonej stawki odsetek za zwłokę od zaległości podatkowych oraz podwyższonej stawki odsetek za zwłokę od zaległości podatkowych",2026-03-06,2026-03-10,2026-03-11T10:33:27,41e4937808724a46aa5590e7a2480fd767594349927614b0b9cfeb028f95bfab,1,121,0,0,0,ok,,eli2md 0.6.3,2026-09-29T23:24:45Z
MP/2026/270,2026,270,Zarządzenie,Zarządzenie nr 21 Prezesa Rady Ministrów z dnia 9 marca 2026 r. zmieniające zarządzenie w sprawie nadania statutu Ministerstwu Spraw Zagranicznych,2026-03-09,2026-03-10,2026-03-11T10:33:27,681c4ec6a7ac5fe71a416ffa8b20dabccc71711175371643a63937778a6b37b4,2,278,0,0,0,ok,,eli2md 0.6.3,2026-09-29T23:24:45Z
MP/2026/271,2026,271,Postanowienie,Postanowienie Prezydenta Rzeczypospolitej Polskiej z dnia 30 października 2025 r. nr rej. 714/2025 o nadaniu orderów,2025-10-30,2026-03-10,2026-03-11T10:33:27,e91a828807860b1f0462a5c749c8f5e20d8417f72136167d2f7b144eccdb9f97,1,187,0,0,0,ok,,eli2md 0.6.3,2026-09-29T23:24:45Z
MP/2026/272,2026,272,Postanowienie,Postanowienie Prezydenta Rzeczypospolitej Polskiej z dnia 27 listopada 2025 r. nr rej. 775/2025 o nadaniu odznaczenia,2025-11-27,2026-03-10,2026-03-11T10:33:27,5a7d7929f8b66019b40212f1a3568ed63ec357f3be00e3f06d908449ce100bc3,1,69,0,0,0,ok,,eli2md 0.6.3,2026-09-29T23:24:45Z
MP/2026/273,2026,273,Postanowienie,Postanowienie Prezydenta Rzeczypospolitej Polskiej z dnia 28 stycznia 2026 r. nr rej. 14/2026 o nadaniu orderu,2026-01-28,2026-03-10,2026-03-11T10:33:27,59d85eb406c818b9fcac0000ac2896c65387b6606143ca43f39145abd007b5c3,1,74,0,0,0,ok,,eli2md 0.6.3,2026-09-29T23:24:45Z
MP/2026/274,2026,274,Postanowienie,Postanowienie Prezydenta Rzeczypospolitej Polskiej z dnia 23 lutego 2026 r. nr rej. 15/2026 o nadaniu orderów i odznaczenia,2026-02-23,2026-03-10,2026-03-11T10:33:27,e51dfd0ac2385658eae35ef13422aaf2f7ee8c3de085d4b86ab9e21bc38df9d1,3,436,0,0,0,ok,,eli2md 0.6.3,2026-09-29T23:24:45Z
MP/2026/275,2026,275,Postanowienie,Postanowienie Prezydenta Rzeczypospolitej Polskiej z dnia 15 stycznia 2026 r. nr rej. 19/2026 o nadaniu orderów i odznaczeń,2026-01-15,2026-03-10,2026-03-11T10:33:27,1ee9a8faf207b0cc8ee9903c9e18691d493d2e5078fbd070f223d82c21d2ba26,2,217,0,0,0,ok,,eli2md 0.6.3,2026-09-29T23:24:45Z
MP/2026/276,2026,276,Postanowienie,Postanowienie Prezydenta Rzeczypospolitej Polskiej z dnia 20 stycznia 2026 r. nr rej. 70/2026 o nadaniu orderu,2026-01-20,2026-03-11,2026-03-12T10:41:41,1d08cf22d89c77de230aa1d5e9061976a3a6c78ef585c1faf3fb265adaa4ead1,1,76,0,0,0,ok,,eli2md 0.6.3,2026-09-29T23:24:45Z
MP/2026/277,2026,277,Postanowienie,Postanowienie Prezydenta Rzeczypospolitej Polskiej z dnia 15 stycznia 2026 r. nr rej. 20/2026 o nadaniu orderów,2026-01-15,2026-03-11,2026-03-12T10:41:41,0c517a731b6eb102807dde82cb8dea139b1ef37cb83156286be2121c34420f69,1,79,0,0,0,ok,,eli2md 0.6.3,2026-09-29T23:24:45Z
MP/2026/278,2026,278,Postanowienie,Postanowienie Prezydenta Rzeczypospolitej Polskiej z dnia 8 stycznia 2026 r. nr rej. 23/2026 o nadaniu orderu,2026-01-08,2026-03-11,2026-03-12T10:41:41,3e560eb1db0947b205746cf279e80eb69302d2d21b23c153f9f38752fe5c2f51,1,82,0,0,0,ok,,eli2md 0.6.3,2026-09-29T23:24:45Z
MP/2026/279,2026,279,Postanowienie,Postanowienie Prezydenta Rzeczypospolitej Polskiej z dnia 9 stycznia 2026 r. nr rej. 27/2026 o nadaniu odznaczeń,2026-01-09,2026-03-11,2026-03-12T10:41:41,188b62a21bd18a575b80607c74f7fe403bf9c0fe808fa3540441056acef9fce0,1,132,0,0,0,ok,,eli2md 0.6.3,2026-09-29T23:24:45Z
MP/2026/280,2026,280,Postanowienie,Postanowienie Prezydenta Rzeczypospolitej Polskiej z dnia 9 stycznia 2026 r. nr rej. 28/2026 o nadaniu odznaczeń,2026-01-09,2026-03-11,2026-03-12T10:41:41,151cdbe6a45814ed47412734cbb1edf745311610821a590f12e95a7d21345b20,1,99,0,0,0,ok,,eli2md 0.6.3,2026-09-29T23:24:45Z
MP/2026/281,2026,281,Postanowienie,Postanowienie Prezydenta Rzeczypospolitej Polskiej z dnia 28 stycznia 2026 r. nr rej. 31/2026 o nadaniu orderu,2026-01-28,2026-03-11,2026-03-12T10:41:42,c4ac0a85a58b2a8597b2ad3adf27e1d9343fa957bf82c0b66e9586fa8bf29e00,1,83,0,0,0,ok,,eli2md 0.6.3,2026-09-29T23:24:45Z
MP/2026/282,2026,282,Postanowienie,Postanowienie Prezydenta Rzeczypospolitej Polskiej z dnia 9 stycznia 2026 r. nr rej. 55/2026 o nadaniu orderów i odznaczeń,2026-01-09,2026-03-11,2026-03-12T10:41:42,c4b358c5051f5375d68b3fba3bf3e100e371bac699869eab0a8d953c72626d6c,1,199,0,0,0,ok,,eli2md 0.6.3,2026-09-29T23:24:45Z
MP/2026/283,2026,283,Postanowienie,Postanowienie Prezydenta Rzeczypospolitej Polskiej z dnia 12 stycznia 2026 r. nr rej. 57/2026 o nadaniu odznaczenia,2026-01-12,2026-03-11,2026-03-12T10:41:42,f4195f83f004666fb31e51c96a3a8b9895146c98f24ab14d9660ac20f655aaa5,1,72,0,0,0,ok,,eli2md 0.6.3,2026-09-29T23:24:45Z
MP/2026/284,2026,284,Postanowienie,Postanowienie Prezydenta Rzeczypospolitej Polskiej z dnia 4 lutego 2026 r. nr rej. 67/2026 o nadaniu odznaczenia,2026-02-04,2026-03-11,2026-03-12T10:41:42,751b561470d1d96031441d7d5d7cb62d9e1fd4ebcbd5c6f260e55d6a82d7c80d,1,75,0,0,0,ok,,eli2md 0.6.3,2026-09-29T23:24:45Z
MP/2026/285,2026,285,Postanowienie,Postanowienie Prezydenta Rzeczypospolitej Polskiej z dnia 20 stycznia 2026 r. nr rej. 68/2026 o nadaniu odznaczenia,2026-01-20,2026-03-11,2026-03-12T10:41:42,f9c66738439e5fed3e6d34efa5e029a20e2308758bc84978356fe2cfced2bd8e,1,70,0,0,0,ok,,eli2md 0.6.3,2026-09-29T23:24:45Z
MP/2026/286,2026,286,Postanowienie,Postanowienie Prezydenta Rzeczypospolitej Polskiej z dnia 23 lutego 2026 r. nr rej. 69/2026 o nadaniu odznaczeń,2026-02-23,2026-03-11,2026-03-12T10:41:42,c2c90f9ce933306cc462535a06d42270caf74b1ca9f2dce38a8770a56dbfbb6e,1,77,0,0,0,ok,,eli2md 0.6.3,2026-09-29T23:24:45Z
MP/2026/287,2026,287,Uchwała,Uchwała Sejmu Rzeczypospolitej Polskiej z dnia 27 lutego 2026 r. w sprawie upamiętnienia kardynała Edmunda Dalbora w 100. rocznicę śmierci,2026-02-27,2026-03-11,2026-05-12T09:01:27,3181c1a8050baf2f0e5a5a87c4f16cb05271d7bc042de41856237a035c61295a,1,276,0,0,0,ok,,eli2md 0.6.3,2026-09-29T23:24:45Z
MP/2026/288,2026,288,Obwieszczenie,"Obwieszczenie Ministra Finansów i Gospodarki z dnia 10 marca 2026 r. w sprawie ogłoszenia listy krajów i terytoriów wskazanych w unijnym wykazie jurysdykcji niechętnych współpracy do celów podatkowych przyjmowanym przez Radę Unii Europejskiej, które nie zostały ujęte w wykazie krajów i terytoriów stosujących szkodliwą konkurencję podatkową wydawanym na podstawie przepisów o podatku dochodowym od osób fizycznych oraz przepisów o podatku dochodowym od osób prawnych, oraz dnia przyjęcia tego wykazu przez Radę Unii Europejskiej",2026-03-10,2026-03-13,2026-03-16T10:42:47,288fdf3561bedf2a17ec6ccc5e750c2bde962200edf5c1081046e5a42d6b5976,2,273,0,0,0,ok,,eli2md 0.6.3,2026-09-29T23:24:45Z
MP/2026/289,2026,289,Komunikat,Komunikat Prezesa Zakładu Ubezpieczeń Społecznych z dnia 9 marca 2026 r. w sprawie wysokości odsetek należnych z tytułu nieprzekazania w terminie składek do otwartego funduszu emerytalnego,2026-03-09,2026-03-13,2026-03-16T10:42:47,bb319e2808d8141c304648cb7de345fd08a6d9b9d5ce91d1f3791c452e2ca4c7,1,92,0,0,0,ok,,eli2md 0.6.3,2026-09-29T23:24:45Z
MP/2026/290,2026,290,Obwieszczenie,"Obwieszczenie Ministra Rodziny, Pracy i Polityki Społecznej z dnia 10 marca 2026 r. w sprawie wysokości kwoty premii",2026-03-10,2026-03-13,2026-03-16T10:42:47,e62f2ffbe35bb6a7d567e29b712eef9c2aebdf9cfc353f418695b8f0b8c53b0e,1,82,0,0,0,ok,,eli2md 0.6.3,2026-09-29T23:24:45Z
MP/2026/291,2026,291,Uchwała,Uchwała nr 96 Rady Ministrów z dnia 13 marca 2026 r. w sprawie Programu Polska Zbrojna,2026-03-13,2026-03-13,2026-03-17T12:36:14,3ab99c52a36b349473b7eddcda0058efad8bc256845204892f88931d11742347,2,944,0,0,0,ok,,eli2md 0.6.3,2026-09-29T23:24:45Z
MP/2026/292,2026,292,Obwieszczenie,"Obwieszczenie Ministra Rodziny, Pracy i Polityki Społecznej z dnia 10 marca 2026 r. w sprawie wysokości kwot jednorazowych odszkodowań z tytułu wypadku przy pracy lub choroby zawodowej w okresie od dnia 1 kwietnia 2026 r. do dnia 31 marca 2027 r.",2026-03-10,2026-03-16,2026-03-17T10:22:48,b1d15ee5c7397a648a61f4a3741700d99976135f408806970d59842c7f568626,1,459,0,0,0,ok,,eli2md 0.6.3,2026-09-29T23:24:45Z
MP/2026/293,2026,293,Zarządzenie,Zarządzenie nr 19 Prezesa Rady Ministrów z dnia 11 marca 2026 r. w sprawie przeznaczenia składników majątkowych Kancelarii Prezesa Rady Ministrów do realizacji zadań Ministerstwa Zdrowia,2026-03-11,2026-03-17,2026-03-18T10:46:40,608dde24b18268d6924aa4d921fbb75c466b12153852537b7c9744ba7b4446cb,31,9816,0,0,0,ok,,eli2md 0.6.3,2026-09-29T23:24:45Z
MP/2026/294,2026,294,Komunikat,Komunikat Ministra Rolnictwa i Rozwoju Wsi z dnia 12 marca 2026 r. w sprawie zmienionych wytycznych w zakresie podziału środków dostępnych w ramach niektórych interwencji Planu Strategicznego dla Wspólnej Polityki Rolnej na lata 2023-2027,2026-03-12,2026-03-17,2026-03-18T10:46:40,76d3192fb9527d5f15bc404e40dc43e2500d668fac5dedefaa29f8349f3eef5f,1,162,0,0,0,ok,,eli2md 0.6.3,2026-09-29T23:24:45Z
MP/2026/295,2026,295,Uchwała,Uchwała Senatu Rzeczypospolitej Polskiej z dnia 12 marca 2026 r. w 45. rocznicę Bydgoskiego Marca,2026-03-12,2026-03-17,2026-05-12T09:01:27,54541aaf66a93bac78c286db42289a04d2b4b793d2336a0b270f06c66baeab87,1,229,0,0,0,ok,,eli2md 0.6.3,2026-09-29T23:24:45Z
MP/2026/296,2026,296,Uchwała,Uchwała Sejmu Rzeczypospolitej Polskiej z dnia 13 marca 2026 r. w sprawie wyrażenia zgody na przedłużenie okresu obowiązywania czasowego ograniczenia prawa do złożenia wniosku o udzielenie ochrony międzynarodowej na granicy państwowej z Republiką Białorusi,2026-03-13,2026-03-17,2026-03-18T10:46:40,1261d6b673abb014e055e6cdf8891d28ba3cd6b69beeaae6b33ee0c1a7c13ac2,1,280,0,0,0,ok,,eli2md 0.6.3,2026-09-29T23:24:45Z
MP/2026/297,2026,297,Obwieszczenie,Obwieszczenie Prezesa Polskiego Komitetu Normalizacyjnego z dnia 19 stycznia 2026 r. w sprawie wykazu norm zharmonizowanych,2026-01-19,2026-03-18,2026-03-20T11:19:54,7afbb0d9513ca595d660bb0d554c9925029ce0a42781c9243d481931983c7f78,387,88300,0,0,0,ok,,eli2md 0.6.3,2026-09-29T23:24:45Z
MP/2026/298,2026,298,Obwieszczenie,"Obwieszczenie Ministra Rodziny, Pracy i Polityki Społecznej z dnia 13 marca 2026 r. w sprawie wskaźnika waloryzacji składek na ubezpieczenie emerytalne za IV kwartał 2025 r.",2026-03-13,2026-03-18,2026-03-20T11:19:55,bb5a91b71ebbe313a07addac3228d4c7acffdd064786fbc100959eeebdc3c718,1,85,0,0,0,ok,,eli2md 0.6.3,2026-09-29T23:24:45Z
MP/2026/299,2026,299,Uchwała,"Uchwała Sejmu Rzeczypospolitej Polskiej z dnia 13 marca 2026 r. w sprawie działań niezbędnych do zapewnienia spełniania przez Trybunał Konstytucyjny wymogów sądu ustanowionego na mocy prawa, niezawisłego i bezstronnego",2026-03-13,2026-03-18,2026-03-20T11:19:55,9d51a952fa792618717ec2f89bcaa7b96a4372a03f9bde56209d5d9bb3b9b01a,2,878,0,0,0,ok,,eli2md 0.6.3,2026-09-29T23:24:45Z
MP/2026/300,2026,300,Uchwała,Uchwała Sejmu Rzeczypospolitej Polskiej z dnia 13 marca 2026 r. w sprawie wyboru sędziego Trybunału Konstytucyjnego,2026-03-13,2026-03-18,2026-03-20T11:19:55,a7bee6f57c330c1af837836153608ee37d8812cb9172ea0a7af1462dcaadf9df,1,80,0,0,0,ok,,eli2md 0.6.3,2026-09-29T23:24:45Z
MP/2026/301,2026,301,Uchwała,Uchwała Sejmu Rzeczypospolitej Polskiej z dnia 13 marca 2026 r. w sprawie wyboru sędziego Trybunału Konstytucyjnego,2026-03-13,2026-03-18,2026-03-20T11:19:55,6309f3740337ebbd76857dcb45db137acfd7b5d251a54bdb915d05fb7f5e3b85,1,80,0,0,0,ok,,eli2md 0.6.3,2026-09-29T23:24:45Z
MP/2026/302,2026,302,Uchwała,Uchwała Sejmu Rzeczypospolitej Polskiej z dnia 13 marca 2026 r. w sprawie wyboru sędziego Trybunału Konstytucyjnego,2026-03-13,2026-03-18,2026-03-20T11:19:55,3d08f5f02d7782397c48e30e51d6a1bff96d78397e316a8cdc8ff733bc1df85c,1,80,0,0,0,ok,,eli2md 0.6.3,2026-09-29T23:24:45Z
MP/2026/303,2026,303,Uchwała,Uchwała Sejmu Rzeczypospolitej Polskiej z dnia 13 marca 2026 r. w sprawie wyboru sędziego Trybunału Konstytucyjnego,2026-03-13,2026-03-18,2026-03-20T11:19:55,d6866e3d10d9e751e9eaa7cd2914d022805832cacf7f905e583e2981b5ba9321,1,80,0,0,0,ok,,eli2md 0.6.3,2026-09-29T23:24:45Z
MP/2026/304,2026,304,Uchwała,Uchwała Sejmu Rzeczypospolitej Polskiej z dnia 13 marca 2026 r. w sprawie wyboru sędziego Trybunału Konstytucyjnego,2026-03-13,2026-03-18,2026-03-20T11:19:55,4d77e005129ea2bb4875077468544cf8457b502487b59d8517762578aa20359d,1,80,0,0,0,ok,,eli2md 0.6.3,2026-09-29T23:24:45Z
MP/2026/305,2026,305,Uchwała,Uchwała Sejmu Rzeczypospolitej Polskiej z dnia 13 marca 2026 r. w sprawie wyboru sędziego Trybunału Konstytucyjnego,2026-03-13,2026-03-18,2026-03-20T11:19:55,5f3184f8a95f987d388647acc88f3c21926d173965b4f68397123299ddd8f89c,1,80,0,0,0,ok,,eli2md 0.6.3,2026-09-29T23:24:45Z
MP/2026/306,2026,306,Obwieszczenie,"Obwieszczenie Ministra Rolnictwa i Rozwoju Wsi z dnia 16 marca 2026 r. w sprawie ogłoszenia obszarów oraz terminu, w których jest prowadzone zarybianie",2026-03-16,2026-03-19,2026-03-20T11:19:55,7a3146f5c0e6d62dc42ae7cbc9dcdfbeec7fff7cadac5a6bcaed6c154cfba689,1,222,0,0,0,ok,,eli2md 0.6.3,2026-09-29T23:24:45Z
MP/2026/307,2026,307,Uchwała,"Uchwała Sejmu Rzeczypospolitej Polskiej z dnia 13 marca 2026 r. w sprawie upamiętnienia bohaterów ""Solidarności"" w 45. rocznicę wydarzeń związanych z kryzysem bydgoskim 1981 roku",2026-03-13,2026-03-19,2026-05-12T09:01:27,76d85fad718cb13bd63cf5a9291c13a350ef872ca9a1f539b91f8cbe9de31bc3,1,481,0,0,0,ok,,eli2md 0.6.3,2026-09-29T23:24:45Z
MP/2026/308,2026,308,Uchwała,Uchwała Sejmu Rzeczypospolitej Polskiej z dnia 13 marca 2026 r. w sprawie zaskarżenia do Trybunału Sprawiedliwości Unii Europejskiej umowy Unii Europejskiej z państwami Mercosur,2026-03-13,2026-03-19,2026-03-20T11:19:55,b613335b862595287efbc75bf370668fbe39aee7ad5110c1b36a4db9bb4a0fcc,1,244,0,0,0,ok,,eli2md 0.6.3,2026-09-29T23:24:45Z
MP/2026/309,2026,309,Uchwała,Uchwała nr 92 Rady Ministrów z dnia 10 marca 2026 r. w sprawie Strategii Cyberbezpieczeństwa Rzeczypospolitej Polskiej,2026-03-10,2026-03-23,2026-03-24T10:47:14,41b269f9bdbef653ca1c1c1762476d804aa5738a5b4f70ec9036ae0c3f7850bf,75,24720,0,0,0,ok,,eli2md 0.6.3,2026-09-29T23:24:45Z
MP/2026/310,2026,310,Komunikat,"Komunikat Ministra Funduszy i Polityki Regionalnej z dnia 18 marca 2026 r. o podjęciu przez Komisję Europejską decyzji zmieniającej program ""Fundusze Europejskie dla Polski Wschodniej 2021-2027""",2026-03-18,2026-03-24,2026-03-25T13:04:08,c8731ec10c5856f49d298cc8b618cf1bd7cd9deaf92a3a25cdef9c1b79c1d677,1,169,0,0,0,ok,,eli2md 0.6.3,2026-09-29T23:24:45Z
MP/2026/311,2026,311,Komunikat,Komunikat Ministra Rolnictwa i Rozwoju Wsi z dnia 20 marca 2026 r. w sprawie zmienionych wytycznych szczegółowych w zakresie przyznawania i wypłaty pomocy finansowej w ramach Planu Strategicznego dla Wspólnej Polityki Rolnej na lata 2023-2027 dla interwencji I.10.7.1 - Rozwój współpracy w ramach łańcucha wartości (dotacja) - poza gospodarstwem,2026-03-20,2026-03-25,2026-03-26T09:39:46,f3d1e08cdb04e79300109cdc8c6d7f7a3c522ebe0c7411b466a5f85073ed53c3,1,192,0,0,0,ok,,eli2md 0.6.3,2026-09-29T23:24:45Z
MP/2026/312,2026,312,Obwieszczenie,"Obwieszczenie Ministra Zdrowia z dnia 16 marca 2026 r. w sprawie włączenia kwalifikacji sektorowej ""Świadczenie usług medyczno-opiekuńczych w środowisku domowym"" do Zintegrowanego Systemu Kwalifikacji",2026-03-16,2026-03-26,2026-04-21T00:00:00,52f14ecb82bc0fad861ee0144a3d453876c0ecd61a3bf3df3f50d989fee73979,5,1174,0,0,0,ok,,eli2md 0.6.3,2026-09-29T23:24:45Z
MP/2026/313,2026,313,Uchwała,Uchwała nr 99 Rady Ministrów z dnia 23 marca 2026 r. zmieniająca uchwałę w sprawie przyjęcia programu wieloletniego pn. Narodowa Strategia Onkologiczna na lata 2020-2030,2026-03-23,2026-03-26,2026-03-27T09:50:19,693f60405b8cdd39d9945cd94f3e2d65dd2c7568781b50a3b0053869345e47ba,1,301,0,0,0,ok,,eli2md 0.6.3,2026-09-29T23:24:45Z
MP/2026/314,2026,314,Postanowienie,Postanowienie Prezydenta Rzeczypospolitej Polskiej z dnia 23 stycznia 2026 r. nr rej. 71/2026 o nadaniu odznaczeń,2026-01-23,2026-03-26,2026-03-27T09:50:19,97c25f4771c2d3b7f64210dc8cf160496548caa695ff5b858eab695fa3faa455,1,97,0,0,0,ok,,eli2md 0.6.3,2026-09-29T23:24:45Z
MP/2026/315,2026,315,Postanowienie,Postanowienie Prezydenta Rzeczypospolitej Polskiej z dnia 23 lutego 2026 r. nr rej. 72/2026 o nadaniu orderów i odznaczeń,2026-02-23,2026-03-26,2026-03-27T09:50:19,2ff30c6d11b92dcc3299470f5cd1d9a030ac008c45ec5a4115a922e1ebffdd7b,2,279,0,0,0,ok,,eli2md 0.6.3,2026-09-29T23:24:45Z
MP/2026/316,2026,316,Postanowienie,Postanowienie Prezydenta Rzeczypospolitej Polskiej z dnia 18 lutego 2026 r. nr rej. 74/2026 o nadaniu odznaczenia,2026-02-18,2026-03-26,2026-03-27T09:50:19,3049cb1da37789e6a1679bf094b5ab8dec5db3093cb734b013b0fa09521eb532,1,69,0,0,0,ok,,eli2md 0.6.3,2026-09-29T23:24:45Z
MP/2026/317,2026,317,Postanowienie,Postanowienie Prezydenta Rzeczypospolitej Polskiej z dnia 23 stycznia 2026 r. nr rej. 75/2026 o nadaniu orderu i odznaczeń,2026-01-23,2026-03-26,2026-03-27T09:50:19,565e20ee93eebc609114c977e032ffb68441a59903d68a5df811dadcf842110d,1,102,0,0,0,ok,,eli2md 0.6.3,2026-09-29T23:24:45Z
MP/2026/318,2026,318,Obwieszczenie,"Obwieszczenie Ministra Rodziny, Pracy i Polityki Społecznej z dnia 23 marca 2026 r. w sprawie wysokości kosztu pobytu dziecka w żłobku lub klubie dziecięcym lub u dziennego opiekuna na okres od dnia 1 kwietnia 2026 r. do dnia 31 marca 2027 r.",2026-03-23,2026-03-26,2026-03-27T09:50:19,7717871646130d60124bab3942b1ad1c3fc6a3953d5687f65ca2713fe3f82cbe,1,126,0,0,0,ok,,eli2md 0.6.3,2026-09-29T23:24:45Z
MP/2026/319,2026,319,Komunikat,Komunikat Prezesa Głównego Urzędu Statystycznego z dnia 25 marca 2026 r. w sprawie tablicy średniego dalszego trwania życia kobiet i mężczyzn,2026-03-25,2026-03-27,2026-03-30T11:04:32,6058c556a91db9505b78ea3664ea4dee2e046484aeb41dfc9e540a3afc1820e3,4,906,0,0,0,ok,,eli2md 0.6.3,2026-09-29T23:24:45Z
MP/2026/320,2026,320,Postanowienie,Postanowienie Prezydenta Rzeczypospolitej Polskiej z dnia 28 stycznia 2026 r. nr rej. 76/2026 o nadaniu orderu,2026-01-28,2026-03-27,2026-03-30T11:04:32,cfa73e0bd66588854c4323a0fa93e667f618862f43e7858641548b3c31282a7c,1,90,0,0,0,ok,,eli2md 0.6.3,2026-09-29T23:24:45Z
MP/2026/321,2026,321,Postanowienie,Postanowienie Prezydenta Rzeczypospolitej Polskiej z dnia 29 stycznia 2026 r. nr rej. 88/2026 o nadaniu orderu,2026-01-29,2026-03-27,2026-03-30T11:04:32,9dc60c0b6aa4ca518a51b0d16ecfd3a6606e5fb21bb8ce27d2b32d41b42760ac,1,77,0,0,0,ok,,eli2md 0.6.3,2026-09-29T23:24:45Z
MP/2026/322,2026,322,Postanowienie,Postanowienie Prezydenta Rzeczypospolitej Polskiej z dnia 18 lutego 2026 r. nr rej. 91/2026 o nadaniu odznaczeń,2026-02-18,2026-03-27,2026-03-30T11:04:32,20c51f15ea8000aa64f2c309691be7c3668d881cfa41e9cbd9d56344a1576557,2,182,0,0,0,ok,,eli2md 0.6.3,2026-09-29T23:24:45Z
MP/2026/323,2026,323,Postanowienie,Postanowienie Prezydenta Rzeczypospolitej Polskiej z dnia 23 lutego 2026 r. nr rej. 103/2026 o nadaniu odznaczenia,2026-02-23,2026-03-27,2026-03-30T11:04:32,2e711a23a9285bf5525a723b924d2af9ce44a5ad05dc1d258c65a0444cc6f97a,1,72,0,0,0,ok,,eli2md 0.6.3,2026-09-29T23:24:45Z
MP/2026/324,2026,324,Postanowienie,Postanowienie Prezydenta Rzeczypospolitej Polskiej z dnia 9 lutego 2026 r. nr rej. 105/2026 o nadaniu orderu,2026-02-09,2026-03-27,2026-03-30T11:04:32,9429d588245cd52de11b55768200514b201dbf34a613640e64c4828cc4c431ed,1,71,0,0,0,ok,,eli2md 0.6.3,2026-09-29T23:24:45Z
MP/2026/325,2026,325,Zarządzenie,Zarządzenie nr 20 Prezesa Rady Ministrów z dnia 9 marca 2026 r. w sprawie przeznaczenia składników majątkowych Kancelarii Prezesa Rady Ministrów do realizacji zadań Ministerstwa Spraw Zagranicznych,2026-03-09,2026-03-27,2026-03-30T11:04:32,22d5175fb2989c092685730d5ca956e5c9acf189e139d8d640c030c10874c401,95,14140,0,0,0,ok,,eli2md 0.6.3,2026-09-29T23:24:45Z
MP/2026/326,2026,326,Postanowienie,Postanowienie Prezydenta Rzeczypospolitej Polskiej z dnia 24 lutego 2026 r. nr rej. 108/2026 o nadaniu odznaczeń,2026-02-24,2026-03-27,2026-03-30T11:04:32,2c425adc56fb60bd8e903f4308b9c336b215a80ff6251c152414f7939318a0c0,3,449,0,0,0,ok,,eli2md 0.6.3,2026-09-29T23:24:45Z
MP/2026/327,2026,327,Postanowienie,Postanowienie Prezydenta Rzeczypospolitej Polskiej z dnia 23 lutego 2026 r. nr rej. 109/2026 o nadaniu orderów,2026-02-23,2026-03-27,2026-03-30T11:04:32,a51c9e2c0ef80e536da67d63549d40628bdd6b47c5b0e5157b649b488d4c063e,1,171,0,0,0,ok,,eli2md 0.6.3,2026-09-29T23:24:45Z
MP/2026/328,2026,328,Postanowienie,Postanowienie Prezydenta Rzeczypospolitej Polskiej z dnia 17 lutego 2026 r. nr rej. 110/2026 o nadaniu odznaczeń,2026-02-17,2026-03-27,2026-03-30T11:04:32,f0ce5825658abf9c7a0b7c61d8d39ef2bf538f4146c278605cbdde1212c94c07,2,271,0,0,0,ok,,eli2md 0.6.3,2026-09-29T23:24:45Z
MP/2026/329,2026,329,Postanowienie,Postanowienie Prezydenta Rzeczypospolitej Polskiej z dnia 19 lutego 2026 r. nr rej. 111/2026 o nadaniu odznaczeń,2026-02-19,2026-03-27,2026-03-30T11:04:32,579eb3c9be075a7c7d8b4d8d2d0b1dc23746fc3656f0d6d0b1a0b9834b940d33,2,224,0,0,0,ok,,eli2md 0.6.3,2026-09-29T23:24:45Z
MP/2026/330,2026,330,Postanowienie,Postanowienie Prezydenta Rzeczypospolitej Polskiej z dnia 19 lutego 2026 r. nr rej. 112/2026 o nadaniu odznaczeń,2026-02-19,2026-03-27,2026-03-30T11:04:32,ed58e59ce15179d20d8a376d62354e2f441ca129559744aa21a10865cc6fcade,2,252,0,0,0,ok,,eli2md 0.6.3,2026-09-29T23:24:45Z
MP/2026/331,2026,331,Postanowienie,Postanowienie Prezydenta Rzeczypospolitej Polskiej z dnia 18 lutego 2026 r. nr rej. 113/2026 o nadaniu orderu,2026-02-18,2026-03-27,2026-03-30T11:04:33,110daef7d9916a24b4142aef6fcf7527c3202614eaf5fa7deb8846c502178678,1,74,0,0,0,ok,,eli2md 0.6.3,2026-09-29T23:24:45Z
MP/2026/332,2026,332,Postanowienie,Postanowienie Prezydenta Rzeczypospolitej Polskiej z dnia 19 lutego 2026 r. nr rej. 123/2026 o nadaniu orderu,2026-02-19,2026-03-27,2026-03-30T11:04:33,aeebe6fe6ddc9f418b6af46a26fb61d07e34b9e2c2cfafd100e1187ed2df1a59,1,81,0,0,0,ok,,eli2md 0.6.3,2026-09-29T23:24:45Z
MP/2026/333,2026,333,Postanowienie,Postanowienie Prezydenta Rzeczypospolitej Polskiej z dnia 18 lutego 2026 r. nr rej. 127/2026 o nadaniu odznaczenia,2026-02-18,2026-03-27,2026-03-30T11:04:33,82abf0145b390c169bd4270b1f5abdac1ece7fa523ecf6eab5930b3d02720667,1,75,0,0,0,ok,,eli2md 0.6.3,2026-09-29T23:24:45Z
MP/2026/334,2026,334,Postanowienie,Postanowienie Prezydenta Rzeczypospolitej Polskiej z dnia 18 lutego 2026 r. nr rej. 129/2026 o nadaniu orderu,2026-02-18,2026-03-27,2026-03-30T11:04:33,167e608c65fdc6e5c9fd820d1f7caeaa99f6a2b3e7d7733e0dac0b78c1b0184a,1,75,0,0,0,ok,,eli2md 0.6.3,2026-09-29T23:24:45Z
MP/2026/335,2026,335,Postanowienie,Postanowienie Prezydenta Rzeczypospolitej Polskiej z dnia 26 lutego 2026 r. nr rej. 135/2026 o nadaniu odznaczeń,2026-02-26,2026-03-27,2026-03-30T11:04:33,caeaa737f755e162d7fe0bb065a6366203a5624e342da8d9631fe15a3f0bc780,1,105,0,0,0,ok,,eli2md 0.6.3,2026-09-29T23:24:45Z
MP/2026/336,2026,336,Postanowienie,Postanowienie Prezydenta Rzeczypospolitej Polskiej z dnia 25 lutego 2026 r. nr rej. 137/2026 o nadaniu orderów i odznaczeń,2026-02-25,2026-03-27,2026-03-30T11:04:33,e930b71dd4073c0741ad2e3bfa2547cc2e68460b413dc3c35dd6c729855e27bc,2,207,0,0,0,ok,,eli2md 0.6.3,2026-09-29T23:24:45Z
MP/2026/337,2026,337,Zarządzenie,Zarządzenie nr 24 Prezesa Rady Ministrów z dnia 25 marca 2026 r. w sprawie Międzyresortowego Zespołu do spraw Centrum Europejskiej Agencji Kosmicznej w Rzeczypospolitej Polskiej,2026-03-25,2026-03-27,2026-03-30T11:04:33,3d8e4e4b6e60e41a8ab99d791a82ca6b46a02bebc0bc44c59ccf1eff07ce2f8d,3,1125,0,0,0,ok,,eli2md 0.6.3,2026-09-29T23:24:45Z
MP/2026/338,2026,338,Komunikat,"Komunikat Ministra Cyfryzacji z dnia 19 marca 2026 r. w sprawie określenia dnia wdrożenia rozwiązań technicznych umożliwiających udostępnianie legitymacji doktoranta w postaci dokumentu mobilnego, o którym mowa w art. 2 pkt 7 ustawy z dnia 26 maja 2023 r. o aplikacji mObywatel",2026-03-19,2026-03-27,2026-03-30T11:04:33,60dcdd471fec45fc51f38acfaa560ec08f3a21b4b73c4f8dfb7acea17057cdfe,1,130,0,0,0,ok,,eli2md 0.6.3,2026-09-29T23:24:45Z
MP/2026/339,2026,339,Umowa międzynarodowa,"Porozumienie między Ministrem Spraw Zagranicznych Rzeczypospolitej Polskiej a Ministrem Spraw Zagranicznych Republiki Turcji o kształceniu obywateli Republiki Turcji w Kolegium Europy w Natolinie, podpisane w Ankarze dnia 16 lutego 2026 r.",2026-02-16,2026-03-30,2026-03-31T11:34:53,20a6ac681739626dee23e3a21afc87b2edb7ed2a15f56057da2165dba675df0b,14,1984,13,1,13,ok,,eli2md 0.6.3,2026-09-29T23:24:45Z
MP/2026/340,2026,340,Oświadczenie rządowe,"Oświadczenie rządowe z dnia 26 lutego 2026 r. w sprawie związania Rzeczypospolitej Polskiej Porozumieniem między Ministrem Spraw Zagranicznych Rzeczypospolitej Polskiej a Ministrem Spraw Zagranicznych Republiki Turcji o kształceniu obywateli Republiki Turcji w Kolegium Europy w Natolinie, podpisanym w Ankarze dnia 16 lutego 2026 r.",2026-02-26,2026-03-30,2026-03-31T11:34:53,a478820ecbf73aafe8ac3cd51a8dd4e64f4f621442dcb4f64d5df5af2908772f,1,150,0,0,0,ok,,eli2md 0.6.3,2026-09-29T23:24:45Z
MP/2026/341,2026,341,Obwieszczenie,"Obwieszczenie Ministra Rodziny, Pracy i Polityki Społecznej z dnia 25 marca 2026 r. w sprawie wysokości kwot świadczeń przysługujących rodzinie zastępczej i prowadzącemu rodzinny dom dziecka, wysokości pomocy dla osoby usamodzielnianej oraz wysokości kwot określonych w umowach",2026-03-25,2026-03-30,2026-03-31T11:34:53,101e6c79867d502e37ea31db8e0a8927643b54427730b89cd855a654791b794e,1,305,0,0,0,ok,,eli2md 0.6.3,2026-09-29T23:24:45Z
MP/2026/342,2026,342,Obwieszczenie,Obwieszczenie Ministra Energii z dnia 30 marca 2026 r. w sprawie maksymalnej ceny paliw ciekłych na stacji paliw,2026-03-30,2026-03-30,2026-03-31T11:34:53,a47e1c42ca8ba37a3614c640649ce65969f23943ff19ca94552cc4941a77a50b,1,215,0,0,0,ok,,eli2md 0.6.3,2026-09-29T23:24:45Z
MP/2026/343,2026,343,Uchwała,"Uchwała nr 93 Rady Ministrów z dnia 12 marca 2026 r. zmieniająca uchwałę w sprawie ustanowienia programu inwestycyjnego pod nazwą ""Program inwestycyjny modernizacji podmiotów leczniczych""",2026-03-12,2026-03-30,2026-03-31T11:34:53,bfc1f4dbe89d377b1a9158704892aeae0ea823d4fdcece91f9c229fbbbc34e27,44,11651,0,10,0,ok,,eli2md 0.6.3,2026-09-29T23:24:45Z
MP/2026/344,2026,344,Obwieszczenie,Obwieszczenie Ministra Energii z dnia 31 marca 2026 r. w sprawie maksymalnej ceny paliw ciekłych na stacji paliw,2026-03-31,2026-03-31,2026-04-01T10:47:26,7f9b27a971100df9e74a70e6391e668f4b456c315128dd157166ca24a5117150,1,215,0,0,0,ok,,eli2md 0.6.3,2026-09-29T23:24:45Z
MP/2026/345,2026,345,Obwieszczenie,Obwieszczenie Ministra Finansów i Gospodarki z dnia 27 marca 2026 r. w sprawie listy państw i terytoriów objętych obowiązkiem raportowania za rok 2025,2026-03-27,2026-03-31,2026-04-01T10:47:26,8435007f284b844c0af4c7b7720d3d553dc8fbc0a7083c1ee1496ecbdbadb5ec,3,390,0,0,0,ok,,eli2md 0.6.3,2026-09-29T23:24:45Z
MP/2026/346,2026,346,Obwieszczenie,Obwieszczenie Prezesa Głównego Urzędu Statystycznego z dnia 30 marca 2026 r. w sprawie przeciętnego miesięcznego dochodu rozporządzalnego na 1 osobę ogółem w 2025 r.,2026-03-30,2026-03-31,2026-04-01T10:47:26,8da7fc9fca5ccc4d826530c493bf59f79448ac312219b7021442a89661a8cd27,1,75,0,0,0,ok,,eli2md 0.6.3,2026-09-29T23:24:45Z
MP/2026/347,2026,347,Zarządzenie,"Zarządzenie nr 5/2026 Prezesa Narodowego Banku Polskiego z dnia 26 marca 2026 r. w sprawie ustalenia wzorów, próby, masy i wielkości emisji monet o wartości nominalnej 100 zł i 500 zł, z serii ""Niezależny bank centralny"" - rezerwy złota NBP",2026-03-26,2026-03-31,2026-04-01T10:47:26,ed423479c13ee4fa9cd88f822be3914898aec6d3763f7802d8e415aa67da24bc,3,297,0,1,0,ok,,eli2md 0.6.3,2026-09-29T23:24:45Z
MP/2026/348,2026,348,Obwieszczenie,Obwieszczenie Ministra Energii z dnia 1 kwietnia 2026 r. w sprawie maksymalnej ceny paliw ciekłych na stacji paliw,2026-04-01,2026-04-01,2026-04-02T11:17:29,aeb3cff5870b8e55bd09f555cf8a253825368dc240a5e00d3eb77ac2805cd65f,1,215,0,0,0,ok,,eli2md 0.6.3,2026-09-29T23:24:45Z
MP/2026/349,2026,349,Uchwała,Uchwała Sejmu Rzeczypospolitej Polskiej z dnia 27 marca 2026 r. w sprawie zmiany Regulaminu Sejmu Rzeczypospolitej Polskiej,2026-03-27,2026-04-01,2026-06-10T10:16:58,7bbbe0e7eb4815f12a47a645c40037f1ec97ee7e8d5d6751dd959a9785eeccc8,1,233,0,0,0,ok,,eli2md 0.6.3,2026-09-29T23:24:45Z
MP/2026/350,2026,350,Komunikat,"Komunikat Ministra Funduszy i Polityki Regionalnej z dnia 27 marca 2026 r. o podjęciu przez Komisję Europejską decyzji zmieniającej program ""Fundusze Europejskie na Infrastrukturę, Klimat, Środowisko 2021-2027""",2026-03-27,2026-04-01,2026-04-02T11:17:30,9b9f97bf0c4b99f79669fc42e4ac4f7af1431bd4d6e123f4abab1fb4a911d6b9,1,166,0,0,0,ok,,eli2md 0.6.3,2026-09-29T23:24:45Z
MP/2026/351,2026,351,Zarządzenie,Zarządzenie nr 26 Prezesa Rady Ministrów z dnia 31 marca 2026 r. w sprawie Rady Przyszłości,2026-03-31,2026-04-01,2026-04-02T11:17:30,348e555156defa98cac3edb8393c7a0e321ecf253cc663370936dcedafb6d808,3,731,0,0,0,ok,,eli2md 0.6.3,2026-09-29T23:24:45Z
MP/2026/352,2026,352,Obwieszczenie,Obwieszczenie Ministra Energii z dnia 2 kwietnia 2026 r. w sprawie maksymalnej ceny paliw ciekłych na stacji paliw,2026-04-02,2026-04-02,2026-04-03T10:13:36,5a94d25f815b8917912c0528e476156ae8177445a6e879963d66abe24591f51e,1,215,0,0,0,ok,,eli2md 0.6.3,2026-09-29T23:24:45Z
MP/2026/353,2026,353,Zarządzenie,Zarządzenie nr 25 Prezesa Rady Ministrów z dnia 31 marca 2026 r. w sprawie Zespołu do spraw Polityki Surowcowej Państwa,2026-03-31,2026-04-02,2026-04-03T10:13:36,c55646658ed9c34b19585ff867f6cfeb7b2f1d1d3f82e0a8b501852ea65b5a1a,4,1379,0,0,0,ok,,eli2md 0.6.3,2026-09-29T23:24:45Z
MP/2026/354,2026,354,Obwieszczenie,Obwieszczenie Prezesa Rady Ministrów z dnia 1 kwietnia 2026 r. w sprawie ogłoszenia jednolitego tekstu zarządzenia Prezesa Rady Ministrów w sprawie Międzyresortowego Zespołu do spraw opracowania projektów założeń centralnego systemu teleinformatycznego wymiany informacji o małoletnich zagrożonych lub doznających przemocy ze strony rodziców lub opiekunów	2,2026-04-01,2026-04-02,2026-04-03T10:13:36,dbfb4ce1b2ed13438fc970f87acfd4c76431a3d86b44cd27b546840224871139,4,1207,0,0,0,ok,,eli2md 0.6.3,2026-09-29T23:24:45Z
MP/2026/355,2026,355,Obwieszczenie,Obwieszczenie Ministra Energii z dnia 3 kwietnia 2026 r. w sprawie maksymalnej ceny paliw ciekłych na stacji paliw,2026-04-03,2026-04-03,2026-04-07T10:25:46,f37b157b1f07a4a84c009504f4f94462d9f9afffc93e57df6aa09e30f3ddef9a,1,215,0,0,0,ok,,eli2md 0.6.3,2026-09-29T23:24:45Z
MP/2026/356,2026,356,Postanowienie,Postanowienie Prezydenta Rzeczypospolitej Polskiej z dnia 2 kwietnia 2026 r. o użyciu oddziałów i pododdziałów Sił Zbrojnych Rzeczypospolitej Polskiej do pomocy Straży Granicznej,2026-04-02,2026-04-03,2026-04-07T10:25:46,a1c4dad55a6ac195a9586080f594ad803450cddd1c562db46b079348aab59837,1,127,0,0,0,ok,,eli2md 0.6.3,2026-09-29T23:24:45Z
MP/2026/357,2026,357,Obwieszczenie,Obwieszczenie Ministra Energii z dnia 7 kwietnia 2026 r. w sprawie maksymalnej ceny paliw ciekłych na stacji paliw,2026-04-07,2026-04-07,2026-04-08T10:06:43,84611e1a95308228769985e1f396bcab70fe98c99ba8398f09b1fafee6790806,1,215,0,0,0,ok,,eli2md 0.6.3,2026-09-29T23:24:45Z
MP/2026/358,2026,358,Zarządzenie,Zarządzenie nr 27 Prezesa Rady Ministrów z dnia 2 kwietnia 2026 r. zmieniające zarządzenie w sprawie nadania statutu Ministerstwu Spraw Wewnętrznych i Administracji,2026-04-02,2026-04-07,2026-04-08T10:06:44,63e64e36a48542adfe46e30c896b0e65ed785530b3dd54b34117863906154fb4,1,121,0,0,0,ok,,eli2md 0.6.3,2026-09-29T23:24:45Z
MP/2026/359,2026,359,Obwieszczenie,"Obwieszczenie Prezesa Głównego Urzędu Statystycznego z dnia 2 kwietnia 2026 r. w sprawie wskaźników zmian cen dla lokali mieszkalnych w czwartym kwartale 2025 r., z podziałem na województwa",2026-04-02,2026-04-07,2026-04-08T10:06:44,329c1ff74cb42a5ee23cd56880cc611f9e44539830c1dbccd853473dc35ad899,2,154,0,0,0,ok,,eli2md 0.6.3,2026-09-29T23:24:45Z
MP/2026/360,2026,360,Obwieszczenie,Obwieszczenie Ministra Energii z dnia 8 kwietnia 2026 r. w sprawie maksymalnej ceny paliw ciekłych na stacji paliw,2026-04-08,2026-04-08,2026-04-10T10:24:28,dcf90cf8c3a6e311c9a3ba0933e0aa674e75e87ffd30a6b78b47cd5858b40e7f,1,215,0,0,0,ok,,eli2md 0.6.3,2026-09-29T23:24:45Z
MP/2026/361,2026,361,Komunikat,"Komunikat Ministra Rolnictwa i Rozwoju Wsi z dnia 3 kwietnia 2026 r. w sprawie zmienionych wytycznych szczegółowych w zakresie przyznawania, wypłaty i zwrotu pomocy finansowej w ramach Planu Strategicznego dla Wspólnej Polityki Rolnej na lata 2023-2027 dla interwencji I.11 Premie dla młodych rolników",2026-04-03,2026-04-08,2026-04-09T09:46:19,bcd2077e400e76aab8367627ca88376e763aa467cf3120508cc3f2e9fb505980,1,181,0,0,0,ok,,eli2md 0.6.3,2026-09-29T23:24:45Z
MP/2026/362,2026,362,Zarządzenie,Zarządzenie nr 22 Prezesa Rady Ministrów z dnia 7 kwietnia 2026 r. w sprawie zniesienia Komitetu Sterującego do spraw Projektu Elektroniczna Karta Zgonu,2026-04-07,2026-04-08,2026-04-09T09:46:19,ed56fd3bc15ab3f300f9385dee65ca00bcfc547537a7cb9c758a9ad966801ce7,1,125,0,0,0,ok,,eli2md 0.6.3,2026-09-29T23:24:45Z
MP/2026/363,2026,363,Obwieszczenie,Obwieszczenie Ministra Energii z dnia 9 kwietnia 2026 r. w sprawie maksymalnej ceny paliw ciekłych na stacji paliw,2026-04-09,2026-04-09,2026-04-10T10:24:09,6e9f4541ff6ffb2143df5165c54531e18305a825a4d09963fb553d3fc7024ec6,1,216,0,0,0,ok,,eli2md 0.6.3,2026-09-29T23:24:45Z
MP/2026/364,2026,364,Uchwała,Uchwała nr 107 Rady Ministrów z dnia 7 kwietnia 2026 r. zmieniająca uchwałę - Regulamin pracy Rady Ministrów,2026-04-07,2026-04-09,2026-04-10T10:24:09,2724ac656c306e3c9022378df2ed68b7f6238dc99caa19f297aa6268850721eb,2,767,0,0,0,ok,,eli2md 0.6.3,2026-09-29T23:24:45Z
MP/2026/365,2026,365,Zarządzenie,Zarządzenie nr 28 Prezesa Rady Ministrów z dnia 7 kwietnia 2026 r. w sprawie powołania Pełnomocnika Rządu do spraw Systemu Bezpiecznej Łączności Państwowej oraz szczegółowego zakresu jego działania,2026-04-07,2026-04-09,2026-04-10T10:24:09,b9e6117141e740a5ced90c72b4f249c7ccb5a66766260c73d8f2654322375b24,2,581,0,0,0,ok,,eli2md 0.6.3,2026-09-29T23:24:45Z
MP/2026/366,2026,366,Obwieszczenie,Obwieszczenie Ministra Energii z dnia 10 kwietnia 2026 r. w sprawie maksymalnej ceny paliw ciekłych na stacji paliw,2026-04-10,2026-04-10,2026-04-13T11:37:03,f002771e135bd3445b388048b9979ed6b003e2cf263473ab22638daa54b5c2f2,1,215,0,0,0,ok,,eli2md 0.6.3,2026-09-29T23:24:45Z
MP/2026/367,2026,367,Obwieszczenie,Obwieszczenie Ministra Sprawiedliwości z dnia 8 kwietnia 2026 r. w sprawie wysokości odsetek ustawowych za opóźnienie,2026-04-08,2026-04-10,2026-04-15T12:12:17,75f3a7b6855daf8827e7b02e289ca3abf1ad7b937521b573cc2f6ecc9ac95c9f,1,72,0,0,0,ok,,eli2md 0.6.3,2026-09-29T23:24:45Z
MP/2026/368,2026,368,Obwieszczenie,Obwieszczenie Ministra Sprawiedliwości z dnia 8 kwietnia 2026 r. w sprawie wysokości odsetek ustawowych,2026-04-08,2026-04-10,2026-04-13T11:37:03,8cf89ed4162079fe514c655ff4541c2abc6950664cdabc6407275e18f84034e5,1,68,0,0,0,ok,,eli2md 0.6.3,2026-09-29T23:24:45Z
MP/2026/369,2026,369,Uchwała,Uchwała Senatu Rzeczypospolitej Polskiej z dnia 8 kwietnia 2026 r. w 30. rocznicę śmierci Krzysztofa Kieślowskiego,2026-04-08,2026-04-10,2026-05-12T09:01:27,df641573d8a2517aeb73f06c694e8b24eaafa5c9ed0f59e8455651d1a48e7e4f,1,196,0,0,0,ok,,eli2md 0.6.3,2026-09-29T23:24:45Z
MP/2026/370,2026,370,Komunikat,Komunikat Ministra Spraw Wewnętrznych i Administracji z dnia 10 kwietnia 2026 r. w sprawie określenia dnia wdrożenia rozwiązań technicznych umożliwiających stosowanie przepisów wskazanych w art. 17 ust. 1 ustawy z dnia 21 listopada 2025 r. o zmianie ustawy o cudzoziemcach oraz niektórych innych ustaw,2026-04-10,2026-04-10,2026-04-13T11:37:04,f4b7223353479968b7083516cf62ad9414e4c032803b6cb56d9400193448b85e,1,476,0,0,0,ok,,eli2md 0.6.3,2026-09-29T23:24:45Z
MP/2026/371,2026,371,Komunikat,Komunikat Ministra Spraw Wewnętrznych i Administracji z dnia 10 kwietnia 2026 r. w sprawie określenia dnia wdrożenia rozwiązań technicznych umożliwiających stosowanie przepisów art. 4 ust. 13d i art. 42c-42w ustawy z dnia 12 marca 2022 r. o pomocy obywatelom Ukrainy w związku z konfliktem zbrojnym na terytorium tego państwa oraz art. 8 pkt 24a lit. c i e ustawy z dnia 24 września 2010 r. o ewidencji ludności,2026-04-10,2026-04-10,2026-04-13T11:37:04,a206c8c402fdf801be70b513d959aa67a6f285db24070f12d4cd87f913d9dccc,1,202,0,0,0,ok,,eli2md 0.6.3,2026-09-29T23:24:45Z
MP/2026/372,2026,372,Obwieszczenie,Obwieszczenie Ministra Energii z dnia 13 kwietnia 2026 r. w sprawie maksymalnej ceny paliw ciekłych na stacji paliw,2026-04-13,2026-04-13,2026-04-14T10:29:02,98e6939a71a76f5f1a32f9c42318517fe76e04c2ef87f9eaaac7540f02076530,1,215,0,0,0,ok,,eli2md 0.6.3,2026-09-29T23:24:45Z
MP/2026/373,2026,373,Uchwała,Uchwała Sejmu Rzeczypospolitej Polskiej z dnia 27 marca 2026 r. w sprawie ustanowienia dnia 19 września Dniem Służby Bezpieczeństwa i Higieny Pracy,2026-03-27,2026-04-13,2026-04-14T10:29:02,398ec55f744dcad28a5ba5b4b97cfe4e5ac7ec4438c3c24be469584aa1f582c3,1,239,0,0,0,ok,,eli2md 0.6.3,2026-09-29T23:24:45Z
MP/2026/374,2026,374,Obwieszczenie,Obwieszczenie Ministra Energii z dnia 27 marca 2026 r. w sprawie ogłoszenia sprawozdania z realizacji Krajowego planu postępowania z odpadami promieniotwórczymi i wypalonym paliwem jądrowym za lata 2022-23,2026-03-27,2026-04-13,2026-04-14T10:29:02,aebc983b3d8cb66475766838892e17b627171a7fbe6bc37853113574adfbda0e,19,4750,0,0,0,ok,,eli2md 0.6.3,2026-09-29T23:24:45Z
MP/2026/375,2026,375,Uchwała,Uchwała Sejmu Rzeczypospolitej Polskiej z dnia 27 marca 2026 r. w sprawie upamiętnienia 370. rocznicy złożenia Ślubów lwowskich przez króla Jana II Kazimierza,2026-03-27,2026-04-13,2026-05-12T09:01:27,d0ae63c3f199a5f36f5fb7d74234ed7f29ce7be9422dff5ac183c8255807228e,1,447,0,0,0,ok,,eli2md 0.6.3,2026-09-29T23:24:45Z
MP/2026/376,2026,376,Obwieszczenie,Obwieszczenie Ministra Energii z dnia 14 kwietnia 2026 r. w sprawie maksymalnej ceny paliw ciekłych na stacji paliw,2026-04-14,2026-04-14,2026-04-14T12:51:09,6b4770c82a255c812db4ad71c0ce320501a5e7048f2b4fdbf5af7ea8148d733f,1,215,0,0,0,ok,,eli2md 0.6.3,2026-09-29T23:24:45Z
MP/2026/377,2026,377,Komunikat,Komunikat Ministra Rolnictwa i Rozwoju Wsi z dnia 11 kwietnia 2026 r. o zatwierdzeniu przez Komisję Europejską zmian Planu Strategicznego dla Wspólnej Polityki Rolnej na lata 2023-2027,2026-04-11,2026-04-14,2026-04-15T10:28:18,6c7252c3b7f6aeaa85c5d5618ec3563a5637a2e62c081806c92c6cf6e3726842,1,142,0,0,0,ok,,eli2md 0.6.3,2026-09-29T23:24:45Z
MP/2026/378,2026,378,Komunikat,Komunikat Ministra Finansów i Gospodarki z dnia 3 kwietnia 2026 r. o wydanej decyzji w sprawie nadania przedsiębiorcy statusu centrum badawczo-rozwojowego,2025-04-03,2026-04-14,2026-04-15T10:28:18,adea1a56dfb3042584547f21f3921b192fcece8798d1533f69689c2257876f0d,1,86,0,0,0,ok,,eli2md 0.6.3,2026-09-29T23:24:45Z
MP/2026/379,2026,379,Postanowienie,Postanowienie Prezydenta Rzeczypospolitej Polskiej z dnia 18 lutego 2026 r. nr 115.1.2026 w sprawie nadania tytułu profesora,2026-02-18,2026-04-14,2026-05-13T00:00:00,9fca82e08c749db7bac1ee22c532ea890b67eac4a64289a608c8191a1cb41936,3,977,0,0,0,ok,,eli2md 0.6.3,2026-09-29T23:24:45Z
MP/2026/380,2026,380,Postanowienie,Postanowienie Prezydenta Rzeczypospolitej Polskiej z dnia 18 lutego 2026 r. nr 115.2.2026 w sprawie nadania tytułu profesora,2026-02-18,2026-04-14,2026-04-15T10:28:18,a86f8a2b9f2d2e0144b2edcb5808b681733d93358acd87fb8ae3504ba674325c,1,218,0,0,0,ok,,eli2md 0.6.3,2026-09-29T23:24:45Z
MP/2026/381,2026,381,Obwieszczenie,Obwieszczenie Ministra Energii z dnia 15 kwietnia 2026 r. w sprawie maksymalnej ceny paliw ciekłych na stacji paliw,2026-04-15,2026-04-15,2026-04-16T10:06:25,3595b7dc9b1272b1bf1cd8e61eecd299ff30967745562b09b3017cbffbe1d671,1,215,0,0,0,ok,,eli2md 0.6.3,2026-09-29T23:24:45Z
MP/2026/382,2026,382,Obwieszczenie,"Obwieszczenie Ministra Cyfryzacji z dnia 7 kwietnia 2026 r. w sprawie włączenia kwalifikacji wolnorynkowej ""Wykorzystywanie technologii rozszerzonej rzeczywistości AR w zastosowaniach technologicznych i logistycznych"" do Zintegrowanego Systemu Kwalifikacji",2026-04-07,2026-04-15,2026-04-16T10:06:25,06826fedb942297ffa5c166844638c9f1d5dfda03873f7d0db751c7bcd571be6,8,2611,0,0,0,ok,,eli2md 0.6.3,2026-09-29T23:24:45Z
MP/2026/383,2026,383,Obwieszczenie,Obwieszczenie Ministra Energii z dnia 16 kwietnia 2026 r. w sprawie maksymalnej ceny paliw ciekłych na stacji paliw,2026-04-16,2026-04-16,2026-04-16T15:30:41,1961e6a41e3449d9a03c9c77c144b7786ca98a5fe04a3f225ede94ac446479de,1,215,0,0,0,ok,,eli2md 0.6.3,2026-09-29T23:24:45Z
MP/2026/384,2026,384,Komunikat,Komunikat Prezesa Głównego Urzędu Statystycznego z dnia 15 kwietnia 2026 r. w sprawie wskaźnika cen towarów i usług konsumpcyjnych ogółem w pierwszym kwartale 2026 r.,2026-04-15,2026-04-16,2026-04-17T10:20:28,1872aad1eb12457f4d1f52665210ace42ecc2c2c382c442d903ac54834004d51,1,96,0,0,0,ok,,eli2md 0.6.3,2026-09-29T23:24:45Z
MP/2026/385,2026,385,Komunikat,Komunikat Prezesa Głównego Urzędu Statystycznego z dnia 15 kwietnia 2026 r. w sprawie wskaźnika cen towarów nieżywnościowych trwałego użytku w pierwszym kwartale 2026 r.,2026-04-15,2026-04-16,2026-04-17T10:20:28,d35b5f69738284fd20971aa83c29dabd4c1e3596f5e640611d5d8f7d7ab5dd01,1,85,0,0,0,ok,,eli2md 0.6.3,2026-09-29T23:24:45Z
MP/2026/386,2026,386,Komunikat,Komunikat Prezesa Głównego Urzędu Statystycznego z dnia 15 kwietnia 2026 r. w sprawie łącznej dynamiki wartości produktu krajowego brutto w cenach stałych za lata 2020-2025,2026-04-15,2026-04-16,2026-04-17T10:20:28,762aabace63fe5c40afabba5fbc9c7b5ac5b108c8af09371ff1759eec25df908,1,80,0,0,0,ok,,eli2md 0.6.3,2026-09-29T23:24:45Z
MP/2026/387,2026,387,Komunikat,Komunikat Prezesa Głównego Urzędu Statystycznego z dnia 15 kwietnia 2026 r. w sprawie wskaźnika wzrostu cen towarów i usług konsumpcyjnych ogółem w marcu 2026 r. w stosunku do marca 2020 r.,2026-04-15,2026-04-16,2026-04-17T10:20:28,d28f6279f9ae6f55b2d5689e82125d3e7e7873cbe5b656320df1fdc7c62a98f9,1,104,0,0,0,ok,,eli2md 0.6.3,2026-09-29T23:24:45Z
MP/2026/388,2026,388,Obwieszczenie,Obwieszczenie Prezesa Naczelnego Sądu Administracyjnego z dnia 14 kwietnia 2026 r. o wolnych stanowiskach asesorskich w Wojewódzkim Sądzie Administracyjnym w Warszawie,2026-04-14,2026-04-16,2026-04-17T10:20:28,735a304b3870b26080cf38fdc422633f031ce039bcfe37d70a16023f4a9a6b32,1,234,0,0,0,ok,,eli2md 0.6.3,2026-09-29T23:24:45Z
MP/2026/389,2026,389,Obwieszczenie,Obwieszczenie Prezesa Naczelnego Sądu Administracyjnego z dnia 14 kwietnia 2026 r. o wolnym stanowisku asesorskim w Wojewódzkim Sądzie Administracyjnym w Poznaniu,2026-04-14,2026-04-16,2026-04-17T10:26:18,9aa40135c9d68b8ec834fea5390571e51f2934a42eb77a98bf6a0ef21150349d,1,234,0,0,0,ok,,eli2md 0.6.3,2026-09-29T23:24:45Z
MP/2026/390,2026,390,Obwieszczenie,Obwieszczenie Prezesa Naczelnego Sądu Administracyjnego z dnia 14 kwietnia 2026 r. o wolnych stanowiskach asesorskich w Wojewódzkim Sądzie Administracyjnym w Rzeszowie,2026-04-14,2026-04-16,2026-04-17T10:20:28,7df07c6b50f2c66f055392240289c2e31d3f5426f7fdfb44e3b8b23bfe82e965,1,234,0,0,0,ok,,eli2md 0.6.3,2026-09-29T23:24:45Z
MP/2026/391,2026,391,Komunikat,Komunikat Prezesa Głównego Urzędu Statystycznego z dnia 15 kwietnia 2026 r. w sprawie deflatora produktu krajowego brutto za 2025 r.,2026-04-15,2026-04-16,2026-04-17T10:20:28,a4674011e8801edea3e33a90bc29aac94fed5e87b35c2198370155bf3f147ac3,1,70,0,0,0,ok,,eli2md 0.6.3,2026-09-29T23:24:45Z
MP/2026/392,2026,392,Komunikat,Komunikat Prezesa Głównego Urzędu Statystycznego z dnia 15 kwietnia 2026 r. w sprawie dynamiki wartości produktu krajowego brutto w cenach stałych za 2025 r.,2026-04-15,2026-04-16,2026-04-17T10:20:28,2c952b43e91d830aa9dfdc7f651e08a472958a139b3b31998f9cca4499b5846e,1,79,0,0,0,ok,,eli2md 0.6.3,2026-09-29T23:24:45Z
MP/2026/393,2026,393,Obwieszczenie,"Obwieszczenie Ministra Rolnictwa i Rozwoju Wsi z dnia 8 kwietnia 2026 r. w sprawie włączenia kwalifikacji sektorowej ""Zakładanie i prowadzenie upraw roślin zielarskich"" do Zintegrowanego Systemu Kwalifikacji",2026-04-08,2026-04-16,2026-04-17T10:20:28,b9f6238b38bbdcc8a247a903d68235f7d197d312fb1e69245039f49ea790461f,6,1401,0,0,0,ok,,eli2md 0.6.3,2026-09-29T23:24:45Z
MP/2026/394,2026,394,Zarządzenie,"Zarządzenie nr 29 Prezesa Rady Ministrów z dnia 15 kwietnia 2026 r. zmieniające zarządzenie w sprawie Zespołu ""e-Legislacja""",2026-04-15,2026-04-16,2026-04-17T10:20:28,ccbdbcbebcf9109cb0455f01f255ed64bb3ac7d4e2fc8e604ac0468d9ef94ba0,1,407,0,0,0,ok,,eli2md 0.6.3,2026-09-29T23:24:45Z
MP/2026/395,2026,395,Obwieszczenie,Obwieszczenie Ministra Energii z dnia 17 kwietnia 2026 r. w sprawie maksymalnej ceny paliw ciekłych na stacji paliw,2026-04-17,2026-04-17,2026-04-17T15:54:29,88a1542277684b370942c8cd6c37c7f68d24b5a9b2c3435a4202bfff73d4428b,1,215,0,0,0,ok,,eli2md 0.6.3,2026-09-29T23:24:45Z
MP/2026/396,2026,396,Obwieszczenie,"Obwieszczenie Ministra Kultury i Dziedzictwa Narodowego z dnia 31 marca 2026 r. w sprawie włączenia kwalifikacji sektorowej ""Planowanie i realizowanie obsługi florystycznej eventów"" do Zintegrowanego Systemu Kwalifikacji",2026-03-31,2026-04-17,2026-04-20T10:09:45,acde741d288830ad23eace7a0aee01b01e5b017a8d95b6e97e460bf3d23fc2e6,6,1734,0,0,0,ok,,eli2md 0.6.3,2026-09-29T23:24:45Z
MP/2026/397,2026,397,Komunikat,Komunikat Ministra Finansów i Gospodarki z dnia 13 kwietnia 2026 r. o wydanej decyzji w sprawie pozbawienia przedsiębiorcy statusu centrum badawczo-rozwojowego,2026-04-13,2026-04-17,2026-04-20T10:09:45,e0f68c2992474694ac5f3185ff637899834cfd6dae715dfaa7c6eb77ae1ba2cf,1,90,0,0,0,ok,,eli2md 0.6.3,2026-09-29T23:24:45Z
MP/2026/398,2026,398,Obwieszczenie,"Obwieszczenie Ministra Rolnictwa i Rozwoju Wsi z dnia 15 kwietnia 2026 r. zmieniające obwieszczenie w sprawie włączenia kwalifikacji wolnorynkowej ""Farmerskie wyrabianie serów i innych produktów z mleka - Serowar Farmerski"" do Zintegrowanego Systemu Kwalifikacji",2026-04-15,2026-04-17,2026-04-20T10:09:45,0c2b66d40e30de2ab2dda2fdb87169e9e67b0d3cf967cf30677fdb980a67d3cd,1,149,0,0,0,ok,,eli2md 0.6.3,2026-09-29T23:24:45Z
MP/2026/399,2026,399,Obwieszczenie,Obwieszczenie Ministra Energii z dnia 20 kwietnia 2026 r. w sprawie maksymalnej ceny paliw ciekłych na stacji paliw,2026-04-20,2026-04-20,2026-04-20T16:07:56,7c3920164711315461d87307a3a33d121ac56d1726fe315ee162004f4cc62123,1,215,0,0,0,ok,,eli2md 0.6.3,2026-09-29T23:24:45Z
MP/2026/400,2026,400,Obwieszczenie,Obwieszczenie Ministra Energii z dnia 21 kwietnia 2026 r. w sprawie maksymalnej ceny paliw ciekłych na stacji paliw,2026-04-21,2026-04-21,2026-04-22T10:24:28,ecf4d56c1d1713c3e8aed31571e120bee585e023c0f349dbfbf2638a3b3a6a40,1,216,0,0,0,ok,,eli2md 0.6.3,2026-09-29T23:24:45Z
MP/2026/401,2026,401,Uchwała,"Uchwała nr 7/2026 Zarządu Narodowego Banku Polskiego z dnia 30 marca 2026 r. zmieniająca uchwałę w sprawie warunków i zasad sprzedaży przez Narodowy Bank Polski monet, banknotów i numizmatów przeznaczonych na cele kolekcjonerskie oraz na inne cele",2026-03-30,2026-04-21,2026-08-25T09:02:00,82730ee5fedba14e30b6417f504f64db2b713c51de872f4df67344fc054d47c4,8,2735,0,0,0,ok,,eli2md 0.6.3,2026-09-29T23:24:45Z
MP/2026/402,2026,402,Zarządzenie,Zarządzenie nr 2 Marszałka Sejmu Rzeczypospolitej Polskiej z dnia 17 kwietnia 2026 r. zmieniające zarządzenie w sprawie stawek uposażenia zasadniczego funkcjonariuszy Straży Marszałkowskiej,2026-04-17,2026-04-21,2026-04-22T10:24:29,743a8156714edee756f0e5bc0a3f24f1e8ea7af780140c8a48b19da17c636ce6,3,324,0,0,0,ok,,eli2md 0.6.3,2026-09-29T23:24:45Z
MP/2026/403,2026,403,Obwieszczenie,Obwieszczenie Prezesa Naczelnego Sądu Administracyjnego z dnia 15 kwietnia 2026 r. o wolnych stanowiskach asesorskich w Wojewódzkim Sądzie Administracyjnym w Warszawie,2026-04-15,2026-04-21,2026-04-22T10:24:29,bd613f7900e484ff3a0455a932c69b855e8388588d3a13a588937088029ac43f,1,234,0,0,0,ok,,eli2md 0.6.3,2026-09-29T23:24:45Z
MP/2026/404,2026,404,Obwieszczenie,Obwieszczenie Prezesa Rady Ministrów z dnia 20 kwietnia 2026 r. w sprawie ogłoszenia jednolitego tekstu uchwały Rady Ministrów - Regulamin pracy Rady Ministrów,2026-04-20,2026-04-21,2026-04-22T10:24:29,b40d89ba4b60afd26e37043d6f83d0986df047f1b32ae33b3a4af430985703b8,30,14959,0,0,0,ok,,eli2md 0.6.3,2026-09-29T23:24:45Z
MP/2026/405,2026,405,Obwieszczenie,"Obwieszczenie Ministra Zdrowia z dnia 16 kwietnia 2026 r. zmieniające obwieszczenie w sprawie włączenia kwalifikacji sektorowej ""Świadczenie usług medyczno-opiekuńczych w środowisku domowym"" do Zintegrowanego Systemu Kwalifikacji",2026-04-16,2026-04-21,2026-04-22T10:24:29,517dbc818a43d7782ad8d41154281c54dace5bea7e7cc00fd0869e910a6e2221,1,109,0,0,0,ok,,eli2md 0.6.3,2026-09-29T23:24:45Z
MP/2026/406,2026,406,Obwieszczenie,"Obwieszczenie Prezesa Głównego Urzędu Statystycznego z dnia 21 kwietnia 2026 r. w sprawie przeciętnego miesięcznego wynagrodzenia w sektorze przedsiębiorstw, włącznie z wypłatami z zysku, w pierwszym kwartale 2026 r.",2026-04-21,2026-04-21,2026-04-22T10:24:29,fcb846347cca662458bd949e593942aeaf532baeb833af75dba112b399630a5e,1,99,0,0,0,ok,,eli2md 0.6.3,2026-09-29T23:24:45Z
MP/2026/407,2026,407,Obwieszczenie,Obwieszczenie Ministra Energii z dnia 22 kwietnia 2026 r. w sprawie maksymalnej ceny paliw ciekłych na stacji paliw,2026-04-22,2026-04-22,2026-04-22T12:28:29,d2058812bb4715850d3f4a919f561b0de925db4ca0193ff233ab61863edff2e4,1,215,0,0,0,ok,,eli2md 0.6.3,2026-09-29T23:24:45Z
MP/2026/408,2026,408,Obwieszczenie,"Obwieszczenie Ministra Finansów i Gospodarki z dnia 3 kwietnia 2026 r. w sprawie włączenia kwalifikacji wolnorynkowej ""Stylizowanie rzęs metodą klasyczną, lekkich objętości i dużych objętości"" do Zintegrowanego Systemu Kwalifikacji",2026-04-03,2026-04-22,2026-09-21T10:44:27,24a86415819bf3325067e2963fdde0adc59eaf152751740a20346f017e213555,4,1190,0,0,0,ok,,eli2md 0.6.3,2026-09-29T23:24:45Z
MP/2026/409,2026,409,Obwieszczenie,Obwieszczenie Ministra Energii z dnia 23 kwietnia 2026 r. w sprawie maksymalnej ceny paliw ciekłych na stacji paliw,2026-04-22,2026-04-22,2026-04-23T12:23:31,17b34f1a103a3760941ae1f0d6b5853789c702dd7ba13e358b84d982b12d09b5,1,215,0,0,0,ok,,eli2md 0.6.3,2026-09-29T23:24:45Z
MP/2026/410,2026,410,Obwieszczenie,"Obwieszczenie Ministra Infrastruktury z dnia 22 kwietnia 2026 r. w sprawie tymczasowych odstępstw od stosowania przepisów dotyczących czasu prowadzenia pojazdu, przerw i okresów odpoczynków kierowców",2026-04-22,2026-04-23,2026-04-24T10:05:40,30d4d2a4603868b28af5343c336c6fb44756e20e7e6d8daabd4f9d503e0fce0e,1,405,0,0,0,ok,,eli2md 0.6.3,2026-09-29T23:24:45Z
MP/2026/411,2026,411,Obwieszczenie,Obwieszczenie Ministra Energii z dnia 24 kwietnia 2026 r. w sprawie maksymalnej ceny paliw ciekłych na stacji paliw,2026-04-24,2026-04-24,2026-04-24T12:59:00,385772cc13322be6719fd0f6d2372f775d74eff45760512b77b0ba1b11b0736a,1,215,0,0,0,ok,,eli2md 0.6.3,2026-09-29T23:24:45Z
MP/2026/412,2026,412,Obwieszczenie,"Obwieszczenie Prezesa Urzędu Patentowego Rzeczypospolitej Polskiej z dnia 22 kwietnia 2026 r. o wskazaniu wystawy dającej pierwszeństwo do uzyskania prawa ochronnego albo prawa z rejestracji, w przypadku wystawienia na niej wzoru użytkowego albo wzoru przemysłowego",2026-04-22,2026-04-24,2026-04-27T10:01:32,e234d9c9a888f0a3c348378bd36cf5df84eca2837dd67ba3d23d565706b57c72,1,132,0,0,0,ok,,eli2md 0.6.3,2026-09-29T23:24:45Z
MP/2026/413,2026,413,Uchwała,Uchwała nr 101 Rady Ministrów z dnia 31 marca 2026 r. w sprawie przyjęcia Polityki zakupowej państwa na lata 2026-2029,2026-03-31,2026-04-24,2026-04-27T10:01:32,4dc0145c001524642325a0e3d5baa00b2196c56c4de64680960dddaaa927e25c,82,19717,0,3,0,ok,,eli2md 0.6.3,2026-09-29T23:24:45Z
MP/2026/414,2026,414,Obwieszczenie,Obwieszczenie Ministra Energii z dnia 27 kwietnia 2026 r. w sprawie maksymalnej ceny paliw ciekłych na stacji paliw,2026-04-27,2026-04-27,2026-04-27T15:02:42,2e728263eb3ef3c08495482b667a3164e98770e36547af88dfaf3eff7b68a85f,1,215,0,0,0,ok,,eli2md 0.6.3,2026-09-29T23:24:45Z
MP/2026/415,2026,415,Komunikat,Komunikat Ministra Finansów i Gospodarki z dnia 13 kwietnia 2026 r. o wydanej decyzji w sprawie pozbawienia przedsiębiorcy statusu centrum badawczo-rozwojowego,2026-04-13,2026-04-27,2026-04-28T10:35:16,0df3d57f7c69976e455defc2d1ef7de60093487efc77f8513db9294c34c70ae8,1,87,0,0,0,ok,,eli2md 0.6.3,2026-09-29T23:24:45Z
MP/2026/416,2026,416,Zarządzenie,"Zarządzenie nr 7/2026 Prezesa Narodowego Banku Polskiego z dnia 23 kwietnia 2026 r. w sprawie ustalenia wzoru, próby, masy i wielkości emisji monety o wartości nominalnej 10 zł, z serii ""W Polskę wierzę"" - Polska wspólnota narodowa",2026-04-23,2026-04-27,2026-04-28T10:35:17,c19024fc3e5f5b51647caaad2e98fef8d7bc53ad429ea6e0d85b2bd5ed2eeaec,2,212,0,0,0,ok,,eli2md 0.6.3,2026-09-29T23:24:45Z
MP/2026/417,2026,417,Zarządzenie,"Zarządzenie nr 8/2026 Prezesa Narodowego Banku Polskiego z dnia 23 kwietnia 2026 r. w sprawie ustalenia wzoru, stopu, masy i wielkości emisji monety o wartości nominalnej 5 zł, z serii ""Odkryj Polskę"" - Zespół pałacowo-parkowy w Kozłówce",2026-04-23,2026-04-27,2026-04-28T10:35:17,9edbe72ca19cec5cb3a9a7eadc49446abada92e2a3cb5016bebbb6f562354931,2,226,0,0,0,ok,,eli2md 0.6.3,2026-09-29T23:24:45Z
MP/2026/418,2026,418,Obwieszczenie,Obwieszczenie Ministra Energii z dnia 28 kwietnia 2026 r. w sprawie maksymalnej ceny paliw ciekłych na stacji paliw,2026-04-28,2026-04-28,2026-04-29T10:32:31,ebe2000788c0b309d3c9ff7fde2c9710faa267e54793fdc1c197ba2c255a8048,1,215,0,0,0,ok,,eli2md 0.6.3,2026-09-29T23:24:45Z
MP/2026/419,2026,419,Uchwała,Uchwała Senatu Rzeczypospolitej Polskiej z dnia 22 kwietnia 2026 r. w 5. rocznicę uwięzienia Andrzeja Poczobuta,2026-04-22,2026-04-28,2026-05-12T09:01:27,dd75c421e353edd643dad34eed1fa0661e581ed8dabe53918d5a7aad8d938093,1,145,0,0,0,ok,,eli2md 0.6.3,2026-09-29T23:24:45Z
MP/2026/420,2026,420,Obwieszczenie,Obwieszczenie Ministra Infrastruktury z dnia 22 kwietnia 2026 r. w sprawie wysokości stawek należności za korzystanie ze śródlądowych dróg wodnych i ich odcinków oraz śluz i pochylni obowiązujących od dnia 1 stycznia 2027 r.,2026-04-22,2026-04-28,2026-04-29T10:32:31,b13cb090c64c905f50d76fa756d4b924661ceb68d5f676af35f29f72aa990db6,2,530,0,0,0,ok,,eli2md 0.6.3,2026-09-29T23:24:45Z
MP/2026/421,2026,421,Obwieszczenie,Obwieszczenie Ministra Infrastruktury z dnia 22 kwietnia 2026 r. w sprawie wysokości stawki opłaty legalizacyjnej obowiązującej od dnia 1 stycznia 2027 r.,2026-04-22,2026-04-28,2026-04-29T10:32:31,288133473872e38ea9c82e315de870bece15a0ddc4a22283e87843d24b34b17e,1,74,0,0,0,ok,,eli2md 0.6.3,2026-09-29T23:24:45Z
MP/2026/422,2026,422,Obwieszczenie,Obwieszczenie Ministra Energii z dnia 29 kwietnia 2026 r. w sprawie maksymalnej ceny paliw ciekłych na stacji paliw,2026-04-29,2026-04-29,2026-04-29T12:31:30,5c1e8c145a9c69e6b83f2c1f31732fbc0e3136b80f9cc47240d43aeb64461e8c,1,215,0,0,0,ok,,eli2md 0.6.3,2026-09-29T23:24:45Z
MP/2026/423,2026,423,Komunikat,"Komunikat Ministra Cyfryzacji z dnia 24 kwietnia 2026 r. w sprawie określenia dnia wdrożenia rozwiązań technicznych umożliwiających udostępnianie dokumentu ""Prawo wykonywania zawodu farmaceuty"" w postaci dokumentu mobilnego, o którym mowa w art. 2 pkt 7 ustawy z dnia 26 maja 2023 r. o aplikacji mObywatel",2026-04-24,2026-04-29,2026-04-30T10:30:46,6210ed10c9dc9ace04521fe930bf4a41b0563492568534495d9723dd3fe35c91,1,130,0,0,0,ok,,eli2md 0.6.3,2026-09-29T23:24:45Z
MP/2026/424,2026,424,Obwieszczenie,Obwieszczenie Ministra Zdrowia z dnia 24 kwietnia 2026 r. w sprawie maksymalnej wysokości kredytu na studia medyczne,2026-04-24,2026-04-29,2026-04-30T10:30:46,a726ec6c796514245dabc189973fcda9f0f1bb503757a55815208b5657f87553,1,78,0,0,0,ok,,eli2md 0.6.3,2026-09-29T23:24:45Z
MP/2026/425,2026,425,Komunikat,"Komunikat Ministra Cyfryzacji z dnia 24 kwietnia 2026 r. w sprawie określenia dnia wdrożenia rozwiązań technicznych umożliwiających udostępnianie dokumentu ""Prawo wykonywania zawodu fizjoterapeuty"" w postaci dokumentu mobilnego, o którym mowa w art. 2 pkt 7 ustawy z dnia 26 maja 2023 r. o aplikacji mObywatel",2026-04-24,2026-04-29,2026-04-30T10:30:46,57c82a86bee6edf1955d59992e577867ad1e26cb6ac5823e39a3c09c8e7b8afd,1,126,0,0,0,ok,,eli2md 0.6.3,2026-09-29T23:24:45Z
MP/2026/426,2026,426,Postanowienie,Postanowienie Marszałka Sejmu Rzeczypospolitej Polskiej z dnia 27 kwietnia 2026 r. w sprawie stwierdzenia wygaśnięcia mandatu posła Łukasza Karola Litewki,2026-04-27,2026-04-29,2026-04-30T10:30:46,45e80c2e77abac781b3ea5cf6708c6bf63a16ec7ece679ceff486de4cc71c85c,1,106,0,0,0,ok,,eli2md 0.6.3,2026-09-29T23:24:45Z
MP/2026/427,2026,427,Uchwała,"Uchwała nr 115 Rady Ministrów z dnia 29 kwietnia 2026 r. zmieniająca uchwałę w sprawie ustanowienia wieloletniego rządowego programu ""Posiłek w szkole i w domu"" na lata 2024-2028",2026-04-29,2026-04-29,2026-04-30T10:30:46,1b78bea4907036228e2dab32e2cddbffd7b059ff1ef0f074e9d080467e722b93,2,748,0,0,0,ok,,eli2md 0.6.3,2026-09-29T23:24:45Z
MP/2026/428,2026,428,Uchwała,"Uchwała nr 113 Rady Ministrów z dnia 28 kwietnia 2026 r. w sprawie przyjęcia programu pod nazwą ""Program wsparcia sektora górnictwa węgla kamiennego koksującego w Polsce - świadczenia osłonowe""",2026-04-28,2026-04-29,2026-04-30T10:30:46,bbb920bac2a6b27676425c75a061d78493e02ed8c04e8e45a2b379f44c17c541,7,1393,0,0,0,ok,,eli2md 0.6.3,2026-09-29T23:24:45Z
MP/2026/429,2026,429,Obwieszczenie,Obwieszczenie Ministra Energii z dnia 30 kwietnia 2026 r. w sprawie maksymalnej ceny paliw ciekłych na stacji paliw,2026-04-30,2026-04-30,2026-04-30T15:50:30,1a031a0bfabe039efdf1449dc4ad4d6752bf208d36aa57c1d675de66405b90d3,1,215,0,0,0,ok,,eli2md 0.6.3,2026-09-29T23:24:45Z
MP/2026/430,2026,430,Obwieszczenie,Obwieszczenie Ministra Infrastruktury z dnia 22 kwietnia 2026 r. w sprawie wysokości stawek opłat za udzielenie zgód wodnoprawnych obowiązujących od dnia 1 stycznia 2027 r.,2026-04-22,2026-04-30,2026-04-30T15:50:30,14fbbf35f6aaca6d31a8894427d8fb3f62f3f7020cadc559dcec933a2e711acd,1,150,0,0,0,ok,,eli2md 0.6.3,2026-09-29T23:24:45Z
MP/2026/431,2026,431,Obwieszczenie,Obwieszczenie Ministra Infrastruktury z dnia 22 kwietnia 2026 r. w sprawie wysokości stawek opłaty podwyższonej obowiązujących od dnia 1 stycznia 2027 r.,2026-04-22,2026-04-30,2026-04-30T15:50:30,e01e844401e0d5c4083b8233f122bff63926829080defade47b8b387b7210e53,5,927,0,0,0,ok,,eli2md 0.6.3,2026-09-29T23:24:45Z
MP/2026/432,2026,432,Obwieszczenie,"Obwieszczenie Ministra Sportu i Turystyki z dnia 17 kwietnia 2026 r. w sprawie uznania dotychczasowej kwalifikacji rynkowej ""Asystowanie w organizacji wydarzeń sportowych dla osób z niepełnosprawnościami"" włączonej do Zintegrowanego Systemu Kwalifikacji za kwalifikację sektorową",2026-04-17,2026-04-30,2026-04-30T15:50:30,0e3f941413d4a530be76aa03d50d9cd2bc7084843689bb80d016313ef7bce08b,1,163,0,0,0,ok,,eli2md 0.6.3,2026-09-29T23:24:45Z
MP/2026/433,2026,433,Obwieszczenie,"Obwieszczenie Ministra Sportu i Turystyki z dnia 17 kwietnia 2026 r. w sprawie uznania dotychczasowej kwalifikacji rynkowej ""Prowadzenie jednostki treningowej i zgrupowania sportowego w sporcie osób z niepełnosprawnościami"" włączonej do Zintegrowanego Systemu Kwalifikacji za kwalifikację sektorową",2026-04-17,2026-04-30,2026-04-30T15:50:30,415062e4e8e2174e10df9dec967df49f19c7d9ef8ab5ee4ada5850c8017ed6a3,1,169,0,0,0,ok,,eli2md 0.6.3,2026-09-29T23:24:45Z
MP/2026/434,2026,434,Obwieszczenie,Obwieszczenie Ministra Energii z dnia 4 maja 2026 r. w sprawie maksymalnej ceny paliw ciekłych na stacji paliw,2026-05-04,2026-05-04,2026-05-04T12:48:34,875cf3f54ab28b34ba6f10ac205c52d04d953c4918a87f56360c8a917655a5ad,1,215,0,0,0,ok,,eli2md 0.6.3,2026-09-29T23:24:45Z
MP/2026/435,2026,435,Obwieszczenie,Obwieszczenie Prezesa Rady Ministrów z dnia 24 kwietnia 2026 r. w sprawie ogłoszenia jednolitego tekstu zarządzenia Prezesa Rady Ministrów w sprawie nadania statutu Ministerstwu Klimatu i Środowiska,2026-04-24,2026-05-04,2026-05-05T10:27:13,93dcccae17299ebf6ad9d23e4e021b23885478daffe63825b7c5d046872749ce,4,585,0,0,0,ok,,eli2md 0.6.3,2026-09-29T23:24:45Z
MP/2026/436,2026,436,Obwieszczenie,"Obwieszczenie Ministra Finansów i Gospodarki z dnia 3 kwietnia 2026 r. w sprawie włączenia kwalifikacji sektorowej ""Wykonywanie opracowań fotogrametrycznych w zakresie fotogrametrii bliskiego zasięgu oraz fotogrametrii niskiego pułapu na podstawie danych z kamer niemetrycznych"" do Zintegrowanego Systemu Kwalifikacji",2026-05-03,2026-05-04,2026-05-05T14:49:38,15d873c41183fc718dd33e2725f94feead5e36013bec40238098f26e055bb6b0,5,1302,0,0,0,ok,,eli2md 0.6.3,2026-09-29T23:24:45Z
MP/2026/437,2026,437,Obwieszczenie,Obwieszczenie Ministra Energii z dnia 5 maja 2026 r. w sprawie maksymalnej ceny paliw ciekłych na stacji paliw,2026-05-05,2026-05-05,2026-05-05T14:36:41,8b30e923e664ba33bfab90496d611906a570ad7157603f94f1c2c83971ec3cb5,1,202,0,0,0,ok,,eli2md 0.6.3,2026-09-29T23:24:45Z
MP/2026/438,2026,438,Obwieszczenie,Obwieszczenie Ministra Energii z dnia 6 maja 2026 r. w sprawie maksymalnej ceny paliw ciekłych na stacji paliw,2026-05-06,2026-05-06,2026-05-07T11:07:35,cc8f60f42590831eeb92f5636ca1607edcd8d21b023df0f4053948a1f5d3c298,1,203,0,0,0,ok,,eli2md 0.6.3,2026-09-29T23:24:45Z
MP/2026/439,2026,439,Uchwała,Uchwała Sejmu Rzeczypospolitej Polskiej z dnia 30 kwietnia 2026 r. w sprawie zmiany Regulaminu Sejmu Rzeczypospolitej Polskiej,2026-04-30,2026-05-06,2026-06-10T10:16:43,949fcd37b31c84e6d7ca2f4c5c68b26228783b6bd0e815de931c2220d1d5a66f,1,85,0,0,0,ok,,eli2md 0.6.3,2026-09-29T23:24:45Z
MP/2026/440,2026,440,Uchwała,Uchwała Sejmu Rzeczypospolitej Polskiej z dnia 30 kwietnia 2026 r. w sprawie wyrażenia przez Sejm Rzeczypospolitej Polskiej zgody na pociągnięcie do odpowiedzialności karnej posła Antoniego Macierewicza,2026-04-30,2026-05-06,2026-05-07T11:07:35,89b23913015d7d8ef0920b8db536b2a95904376fbbacfbd118d1022abbed6a70,1,98,0,0,0,ok,,eli2md 0.6.3,2026-09-29T23:24:45Z
MP/2026/441,2026,441,Obwieszczenie,Obwieszczenie Prokuratora Generalnego z dnia 29 kwietnia 2026 r. o wolnych stanowiskach prokuratorskich,2026-04-29,2026-05-06,2026-05-07T11:07:35,79d7b19b295dfaa6b4215b495bb230198d1b19bf6e2781e88f3f6c05bc97987c,2,456,0,0,0,ok,,eli2md 0.6.3,2026-09-29T23:24:45Z
MP/2026/442,2026,442,Obwieszczenie,Obwieszczenie Prezesa Naczelnego Sądu Administracyjnego z dnia 20 kwietnia 2026 r. o wolnym stanowisku asesorskim w Wojewódzkim Sądzie Administracyjnym w Bydgoszczy,2026-04-20,2026-05-06,2026-05-07T11:07:35,83773af3e3520811e184615f749b846d62743bfdbed5eba406ffca7d027f4725,1,234,0,0,0,ok,,eli2md 0.6.3,2026-09-29T23:24:45Z
MP/2026/443,2026,443,Obwieszczenie,Obwieszczenie Prezesa Naczelnego Sądu Administracyjnego z dnia 14 kwietnia 2026 r. o wolnym stanowisku asesorskim w Wojewódzkim Sądzie Administracyjnym w Krakowie,2026-04-14,2026-05-06,2026-05-07T11:07:35,7bd2bfee86b47c74111353a5d73ec0d9342fc3a81507da651fdeb85958825f76,1,234,0,0,0,ok,,eli2md 0.6.3,2026-09-29T23:24:45Z
MP/2026/444,2026,444,Obwieszczenie,Obwieszczenie Prezesa Naczelnego Sądu Administracyjnego z dnia 14 kwietnia 2026 r. o wolnym stanowisku asesorskim w Wojewódzkim Sądzie Administracyjnym we Wrocławiu,2026-04-14,2026-05-06,2026-05-07T11:07:35,79be16c00f691ad22937dc372d251e49179d5962af8b50d9e589bc96dbde4610,1,234,0,0,0,ok,,eli2md 0.6.3,2026-09-29T23:24:45Z
MP/2026/445,2026,445,Uchwała,Uchwała Sejmu Rzeczypospolitej Polskiej z dnia 30 kwietnia 2026 r. w sprawie zmiany Regulaminu Sejmu Rzeczypospolitej Polskiej,2026-04-30,2026-05-06,2026-06-10T10:16:33,9ec7e74a34e602b3edccf5e6e3f5f608ac2221aaffcadc4ffa6facf5867bd4c2,2,715,0,0,0,ok,,eli2md 0.6.3,2026-09-29T23:24:45Z
MP/2026/446,2026,446,Obwieszczenie,Obwieszczenie Ministra Energii z dnia 7 maja 2026 r. w sprawie maksymalnej ceny paliw ciekłych na stacji paliw,2026-05-07,2026-05-07,2026-05-08T10:42:09,b462f2dff3d82603ea474ab0d7236ca206405e390fe7803cadbfbb18f140524a,1,203,0,0,0,ok,,eli2md 0.6.3,2026-09-29T23:24:45Z
MP/2026/447,2026,447,Uchwała,Uchwała nr 9/2026 Zarządu Narodowego Banku Polskiego z dnia 29 kwietnia 2026 r. zmieniająca uchwałę w sprawie regulaminu Zarządu Narodowego Banku Polskiego,2026-04-29,2026-05-07,2026-06-05T09:29:42,cde4084c29252316ee4e1593268443e18a58c73715ef34696ff287d20f3dacbc,1,136,0,0,0,ok,,eli2md 0.6.3,2026-09-29T23:24:45Z
MP/2026/448,2026,448,Obwieszczenie,Obwieszczenie Ministra Energii z dnia 8 maja 2026 r. w sprawie maksymalnej ceny paliw ciekłych na stacji paliw,2026-05-08,2026-05-08,2026-05-11T10:41:58,aad479cee30856cab7645bf3f805dc1d91e80eb97d7e2ca4125f5307b7f4a6a7,1,202,0,0,0,ok,,eli2md 0.6.3,2026-09-29T23:24:45Z
MP/2026/449,2026,449,Uchwała,Uchwała Senatu Rzeczypospolitej Polskiej z dnia 6 maja 2026 r. w 125. rocznicę strajku dzieci wrzesińskich,2026-05-06,2026-05-08,2026-05-12T09:01:27,b4ca950fea5c75c26a70505c84868a9b95280bea0f2753c11a1c200860b58955,1,322,0,0,0,ok,,eli2md 0.6.3,2026-09-29T23:24:45Z
MP/2026/450,2026,450,Obwieszczenie,Obwieszczenie Ministra Energii z dnia 11 maja 2026 r. w sprawie maksymalnej ceny paliw ciekłych na stacji paliw,2026-05-11,2026-05-11,2026-05-12T10:58:42,02cc63435d11a55b3d75581cab7593ec414326047d00d41846275ec8cf87d9f7,1,202,0,0,0,ok,,eli2md 0.6.3,2026-09-29T23:24:45Z
MP/2026/451,2026,451,Obwieszczenie,Obwieszczenie Ministra Rolnictwa i Rozwoju Wsi z dnia 7 maja 2026 r. w sprawie rocznej kwoty granicznej,2026-05-07,2026-05-11,2026-05-12T10:58:42,75e1bd74498af5800c0f0fb3c9ad7b66b3ce1c1637756a9c2dbf71cb59167b15,1,71,0,0,0,ok,,eli2md 0.6.3,2026-09-29T23:24:45Z
MP/2026/452,2026,452,Uchwała,Uchwała Senatu Rzeczypospolitej Polskiej z dnia 6 maja 2026 r. o ustanowieniu roku 2027 Rokiem Świadomości i Bezpieczeństwa Informacyjnego,2026-05-06,2026-05-11,2026-05-12T10:58:42,43843a5dc140559bc62941c65c62af656a4c76351bb1537cabd70cd225bb7cfc,1,189,0,0,0,ok,,eli2md 0.6.3,2026-09-29T23:24:45Z
MP/2026/453,2026,453,Uchwała,Uchwała Senatu Rzeczypospolitej Polskiej z dnia 6 maja 2026 r. w sprawie ustanowienia roku 2027 Rokiem Antoniego Patka,2026-05-06,2026-05-11,2026-05-12T10:58:42,bc006e71d7e55b42f439d99cbd0dc7759cdd76d9fcb09474609b0b469a7ed24e,1,250,0,0,0,ok,,eli2md 0.6.3,2026-09-29T23:24:45Z
MP/2026/454,2026,454,Uchwała,Uchwała Senatu Rzeczypospolitej Polskiej z dnia 6 maja 2026 r. o ustanowieniu roku 2027 Rokiem Magdaleny Abakanowicz,2026-05-06,2026-05-11,2026-05-12T10:58:42,2bfd8532798b98b81d0b3d7d19d298180b13b0b86a23798e74fc7b2a16b15e21,1,198,0,0,0,ok,,eli2md 0.6.3,2026-09-29T23:24:45Z
MP/2026/455,2026,455,Uchwała,Uchwała Senatu Rzeczypospolitej Polskiej z dnia 6 maja 2026 r. w sprawie ustanowienia roku 2027 Rokiem Księdza Franciszka Blachnickiego,2026-05-06,2026-05-11,2026-05-12T10:58:42,c32cc5912cf8af2278b70602fdfa58a961af522d9561e62c2bf4126914bb0ca3,2,583,0,0,0,ok,,eli2md 0.6.3,2026-09-29T23:24:45Z
MP/2026/456,2026,456,Uchwała,Uchwała Senatu Rzeczypospolitej Polskiej z dnia 6 maja 2026 r. w sprawie ustanowienia roku 2027 Rokiem Andrzeja Wróblewskiego,2026-05-06,2026-05-11,2026-05-12T10:58:42,733cbbb550c6c3aa81ddd00d40ffc7812d21069970a77ca3f6b133d1859927d6,1,426,0,0,0,ok,,eli2md 0.6.3,2026-09-29T23:24:45Z
MP/2026/457,2026,457,Komunikat,Komunikat Prezesa Głównego Urzędu Statystycznego z dnia 11 maja 2026 r. w sprawie przeciętnego wynagrodzenia w pierwszym kwartale 2026 r.,2026-05-11,2026-05-11,2026-05-12T10:58:42,ecc06af2a30c81b95b49f6b565d6db529e4812d098297f11367861c2202b3ee5,1,75,0,0,0,ok,,eli2md 0.6.3,2026-09-29T23:24:45Z
MP/2026/458,2026,458,Obwieszczenie,Obwieszczenie Ministra Energii z dnia 12 maja 2026 r. w sprawie maksymalnej ceny paliw ciekłych na stacji paliw,2026-05-12,2026-05-12,2026-05-13T11:16:42,b27b40f592a66dc784f9255b85f0ccaeeae9fc777ad5130532a87813a38b1c4d,1,202,0,0,0,ok,,eli2md 0.6.3,2026-09-29T23:24:45Z
MP/2026/459,2026,459,Obwieszczenie,Obwieszczenie Ministra Spraw Wewnętrznych i Administracji z dnia 8 maja 2026 r. w sprawie zmiany nazwy Papieskiego Wydziału Teologicznego we Wrocławiu na Akademię Katolicką we Wrocławiu,2026-05-08,2026-05-12,2026-05-13T10:22:00,ea0e00cc789ebc23972df9adc132ce088b898acb9c5c97860633dd8e156a0888,1,84,0,0,0,ok,,eli2md 0.6.3,2026-09-29T23:24:45Z
MP/2026/460,2026,460,Obwieszczenie,Obwieszczenie Ministra Energii z dnia 13 maja 2026 r. w sprawie maksymalnej ceny paliw ciekłych na stacji paliw,2026-05-13,2026-05-13,2026-05-14T11:49:06,e480fd2a95aaab4d7615b6c298ce57d0258ee14f4b27ec88f5e7dada3175f066,1,202,0,0,0,ok,,eli2md 0.6.3,2026-09-29T23:24:45Z
MP/2026/461,2026,461,Postanowienie,Postanowienie Prezydenta Rzeczypospolitej Polskiej z dnia 25 marca 2026 r. nr 115.3.2026 w sprawie nadania tytułu profesora,2026-03-25,2026-05-13,2026-05-14T11:49:06,cd59e3742de02912d5eb40733eabca8fac1532cb0bdaa451bd433a050b259702,2,406,0,0,0,ok,,eli2md 0.6.3,2026-09-29T23:24:45Z
MP/2026/462,2026,462,Postanowienie,Postanowienie Prezydenta Rzeczypospolitej Polskiej z dnia 7 kwietnia 2026 r. nr 115.4.2026 w sprawie nadania tytułu profesora,2026-04-07,2026-05-13,2026-05-14T11:49:06,54b8652eef55f7cbda42b9b061e1a03279b592858a46dfe406072002b1eae836,4,1176,0,0,0,ok,,eli2md 0.6.3,2026-09-29T23:24:45Z
MP/2026/463,2026,463,Postanowienie,Postanowienie Prezydenta Rzeczypospolitej Polskiej z dnia 23 kwietnia 2026 r. nr 115.5.2026 zmieniające postanowienie w sprawie nadania tytułu profesora,2026-04-23,2026-05-13,2026-06-12T09:26:08,156a13f656eabcf903b2e1151a8dffe6b22c77e5cd433b255d8164283d88871f,1,130,0,0,0,ok,,eli2md 0.6.3,2026-09-29T23:24:45Z
MP/2026/464,2026,464,Obwieszczenie,Obwieszczenie Prezesa Głównego Urzędu Statystycznego z dnia 12 maja 2026 r. w sprawie pierwszego szacunku wartości produktu krajowego brutto w 2025 r.,2026-05-12,2026-05-13,2026-05-14T11:49:06,1ff4c443524e4d4875dd59f8219092e0b68b0584c21ae6e550d669031a95dc2c,1,72,0,0,0,ok,,eli2md 0.6.3,2026-09-29T23:24:45Z
MP/2026/465,2026,465,Postanowienie,Postanowienie Marszałka Sejmu Rzeczypospolitej Polskiej z dnia 13 maja 2026 r. w sprawie obsadzenia wygasłego mandatu w okręgu wyborczym nr 32 z siedzibą Okręgowej Komisji Wyborczej w Katowicach,2026-05-13,2026-05-13,2026-05-14T11:49:06,16f8d9f2583260fb0c5b32a3b47c5ea8a7b313d0de1e6ba868e34b2a8d380a3e,1,119,0,0,0,ok,,eli2md 0.6.3,2026-09-29T23:24:45Z
MP/2026/466,2026,466,Obwieszczenie,Obwieszczenie Ministra Energii z dnia 14 maja 2026 r. w sprawie maksymalnej ceny paliw ciekłych na stacji paliw,2026-05-14,2026-05-14,2026-05-15T13:06:26,faf1e13ab3b0e7d588acde89ede6e429f9e7d5142f5851e6f4ad5c61658185fb,1,202,0,0,0,ok,,eli2md 0.6.3,2026-09-29T23:24:45Z
MP/2026/467,2026,467,Postanowienie,Postanowienie Prezydenta Rzeczypospolitej Polskiej z dnia 17 marca 2026 r. nr rej. 18/2026 o nadaniu orderu,2026-03-17,2026-05-14,2026-05-15T13:06:26,a30ca96377616ace8b1b62bd79eca8445a3229cd6c35012feeb6df76daf3aa7b,1,79,0,0,0,ok,,eli2md 0.6.3,2026-09-29T23:24:45Z
MP/2026/468,2026,468,Postanowienie,Postanowienie Prezydenta Rzeczypospolitej Polskiej z dnia 3 marca 2026 r. nr rej. 77/2026 o nadaniu odznaczeń,2026-03-03,2026-05-14,2026-05-15T13:06:26,6e30e182ba65cc378177ef0b104bfd2aa214823f13ea33cb0ab82cb53571fecf,1,138,0,0,0,ok,,eli2md 0.6.3,2026-09-29T23:24:45Z
MP/2026/469,2026,469,Postanowienie,Postanowienie Prezydenta Rzeczypospolitej Polskiej z dnia 18 lutego 2026 r. nr rej. 89/2026 o nadaniu orderu,2026-02-18,2026-05-14,2026-05-15T13:06:26,2c4f5307ecdb97cc8c96a603b8cb50a70d1724d759f64cc45fbff883e4e39276,1,82,0,0,0,ok,,eli2md 0.6.3,2026-09-29T23:24:45Z
MP/2026/470,2026,470,Postanowienie,Postanowienie Prezydenta Rzeczypospolitej Polskiej z dnia 25 marca 2026 r. nr rej. 114/2026 o nadaniu odznaczeń,2026-03-25,2026-05-14,2026-05-15T13:06:26,d13ab1b3bcec55fcda7dd063fce190c3e4a12a96de3a3927718b330a4fa124c0,2,154,0,0,0,ok,,eli2md 0.6.3,2026-09-29T23:24:45Z
MP/2026/471,2026,471,Postanowienie,Postanowienie Prezydenta Rzeczypospolitej Polskiej z dnia 4 marca 2026 r. nr rej. 136/2026 o nadaniu odznaczeń,2026-03-04,2026-05-14,2026-05-15T13:06:26,ced3e15fcf7b03423e88f3ae3f9ca382c50f8b525b52935da6b815a645ad5b55,2,294,0,0,0,ok,,eli2md 0.6.3,2026-09-29T23:24:45Z
MP/2026/472,2026,472,Postanowienie,Postanowienie Prezydenta Rzeczypospolitej Polskiej z dnia 16 marca 2026 r. nr rej. 138/2026 o nadaniu orderu i odznaczeń,2026-03-16,2026-05-14,2026-05-15T13:06:26,4b71a64ccb8bd0de083106c5c9c9805719c5c05670463fce089bea33b8732d79,1,113,0,0,0,ok,,eli2md 0.6.3,2026-09-29T23:24:45Z
MP/2026/473,2026,473,Postanowienie,Postanowienie Prezydenta Rzeczypospolitej Polskiej z dnia 4 marca 2026 r. nr rej. 139/2026 o nadaniu odznaczeń,2026-03-04,2026-05-14,2026-05-15T13:06:26,1b53f351b484f263d35430758b6865736c91d023ce915a0558ca9767a437005f,1,164,0,0,0,ok,,eli2md 0.6.3,2026-09-29T23:24:45Z
MP/2026/474,2026,474,Postanowienie,Postanowienie Prezydenta Rzeczypospolitej Polskiej z dnia 6 marca 2026 r. nr rej. 141/2026 o nadaniu orderów,2026-03-06,2026-05-14,2026-05-15T13:06:26,a5eec2babfe0e20c0a87a2354f2a51f51652bcf930dfb2701a3130837c85dfec,2,190,0,0,0,ok,,eli2md 0.6.3,2026-09-29T23:24:45Z
MP/2026/475,2026,475,Postanowienie,Postanowienie Prezydenta Rzeczypospolitej Polskiej z dnia 27 lutego 2026 r. nr rej. 153/2026 o nadaniu orderu,2026-02-27,2026-05-14,2026-05-15T13:06:26,d0efbf27eea8f9106fe3a54750b655046a088028a4bf04d431161399bc58562c,1,92,0,0,0,ok,,eli2md 0.6.3,2026-09-29T23:24:45Z
MP/2026/476,2026,476,Postanowienie,Postanowienie Prezydenta Rzeczypospolitej Polskiej z dnia 31 marca 2026 r. nr rej. 155/2026 o nadaniu odznaczeń,2026-03-31,2026-05-14,2026-05-15T13:06:26,1509be435f27677156d515db2f1f1fcb9147603d7f5d432c23dcb863a5b4b732,3,431,0,0,0,ok,,eli2md 0.6.3,2026-09-29T23:24:45Z
MP/2026/477,2026,477,Postanowienie,Postanowienie Prezydenta Rzeczypospolitej Polskiej z dnia 4 marca 2026 r. nr rej. 162/2026 o nadaniu orderów i odznaczeń,2026-03-04,2026-05-14,2026-05-15T13:06:27,c2a0259b9bd3543c192461ecff467966df26c0e1cb710c59c71aa1e6c2966f0f,2,246,0,0,0,ok,,eli2md 0.6.3,2026-09-29T23:24:45Z
MP/2026/478,2026,478,Postanowienie,Postanowienie Prezydenta Rzeczypospolitej Polskiej z dnia 8 marca 2026 r. nr rej. 163/2026 o nadaniu odznaczenia,2026-03-08,2026-05-14,2026-05-15T13:06:27,c35f5f19ccce1aa0e6327d0bebbeb42a253015eae101d9fa91e6b812f5f1c89e,1,69,0,0,0,ok,,eli2md 0.6.3,2026-09-29T23:24:45Z
MP/2026/479,2026,479,Obwieszczenie,Obwieszczenie Ministra Energii z dnia 15 maja 2026 r. w sprawie maksymalnej ceny paliw ciekłych na stacji paliw,2026-05-15,2026-05-15,2026-05-18T10:38:48,01bce3dbe80eb2088086e036d59b0aeb6243530882fc3de69d43e723a15bb513,1,202,0,0,0,ok,,eli2md 0.6.3,2026-09-29T23:24:45Z
MP/2026/480,2026,480,Komunikat,Komunikat Prezesa Państwowej Agencji Atomistyki z dnia 13 maja 2026 r. w sprawie sytuacji radiacyjnej kraju w I kwartale 2026 r.,2026-05-13,2026-05-15,2026-05-18T10:38:48,bf47a28790865c2dfe6be23e0c7e0b19c0e3a72c03a65f3693c8357fb6232a2d,1,165,0,0,0,ok,,eli2md 0.6.3,2026-09-29T23:24:45Z
MP/2026/481,2026,481,Postanowienie,Postanowienie Prezydenta Rzeczypospolitej Polskiej z dnia 25 marca 2026 r. nr rej. 176/2026 o nadaniu odznaczeń,2026-03-26,2026-05-15,2026-05-18T10:38:48,5ee7e59943aec67e1adcac2e2efec6c358bcffe183ffbb9fe3b67e13f8bdcacd,3,333,0,0,0,ok,,eli2md 0.6.3,2026-09-29T23:24:45Z
MP/2026/482,2026,482,Postanowienie,Postanowienie Prezydenta Rzeczypospolitej Polskiej z dnia 9 marca 2026 r. nr rej. 177/2026 o nadaniu odznaczeń,2026-03-09,2026-05-15,2026-05-18T10:38:48,75eae6934ef41ba8c45245a1eac3cb2bff999acf9145d1c364534e487ca8d580,1,80,0,0,0,ok,,eli2md 0.6.3,2026-09-29T23:24:45Z
MP/2026/483,2026,483,Postanowienie,Postanowienie Prezydenta Rzeczypospolitej Polskiej z dnia 10 marca 2026 r. nr rej. 180/2026 o nadaniu orderu,2026-03-10,2026-05-15,2026-05-18T10:38:49,136ec5bd9107a3c59aca1588990f7cf23711b87ddefc2b61dfc256042709b408,1,78,0,0,0,ok,,eli2md 0.6.3,2026-09-29T23:24:45Z
MP/2026/484,2026,484,Postanowienie,Postanowienie Prezydenta Rzeczypospolitej Polskiej z dnia 24 marca 2026 r. nr rej. 181/2026 o nadaniu odznaczeń,2026-03-24,2026-05-15,2026-05-18T10:38:49,8c08bc643182367bb256940d4a825b03a2625f7151a41bbbb3c1724e69cf1b96,2,192,0,0,0,ok,,eli2md 0.6.3,2026-09-29T23:24:45Z
MP/2026/485,2026,485,Postanowienie,Postanowienie Prezydenta Rzeczypospolitej Polskiej z dnia 25 marca 2026 r. nr rej. 187/2026 o nadaniu orderu,2026-03-25,2026-05-15,2026-05-18T10:38:49,20fec16253404cb852580ac81e194496353f369b61f8ceea87a658f8cdfb1f6e,1,81,0,0,0,ok,,eli2md 0.6.3,2026-09-29T23:24:45Z
MP/2026/486,2026,486,Postanowienie,Postanowienie Prezydenta Rzeczypospolitej Polskiej z dnia 25 marca 2026 r. nr rej. 188/2026 o nadaniu odznaczeń,2026-03-25,2026-05-15,2026-05-18T10:38:49,bbd7f2a7c973841bce49c11014779bf5e8ac1fc4b626c61c69ffb20c4a21f30d,1,97,0,0,0,ok,,eli2md 0.6.3,2026-09-29T23:24:45Z
MP/2026/487,2026,487,Komunikat,Komunikat Prezesa Głównego Urzędu Statystycznego z dnia 14 maja 2026 r. w sprawie wskaźnika rocznej waloryzacji,2026-03-14,2026-05-15,2026-05-18T10:38:49,b14c953e60ba009b8940d4c0cd157a2ae1c3f4398efff483f56f00a2ec9a4517,1,95,0,0,0,ok,,eli2md 0.6.3,2026-09-29T23:24:45Z
MP/2026/488,2026,488,Postanowienie,Postanowienie Prezydenta Rzeczypospolitej Polskiej z dnia 4 marca 2026 r. nr rej. 142/2026 o nadaniu orderów i odznaczeń,2026-03-04,2026-05-15,2026-05-18T10:38:49,d7e77c626464d9fae1bc79335cbfee252b0c8710dd1814574d30fed441112d42,1,147,0,0,0,ok,,eli2md 0.6.3,2026-09-29T23:24:45Z
MP/2026/489,2026,489,Postanowienie,Postanowienie Prezydenta Rzeczypospolitej Polskiej z dnia 13 marca 2026 r. nr rej. 189/2026 o nadaniu orderów,2026-03-13,2026-05-15,2026-05-18T10:38:49,ad486a18124f4a0601557d8546e84d8241fb0d2a1932acdd68986d1037e855db,1,92,0,0,0,ok,,eli2md 0.6.3,2026-09-29T23:24:45Z
MP/2026/490,2026,490,Postanowienie,Postanowienie Prezydenta Rzeczypospolitej Polskiej z dnia 24 marca 2026 r. nr rej. 198/2026 o nadaniu orderu,2026-03-24,2026-05-15,2026-05-18T10:38:49,99a197f718d80300041bbf8791bc84683c9b4a45f43e59460104c64881438262,1,72,0,0,0,ok,,eli2md 0.6.3,2026-09-29T23:24:45Z
MP/2026/491,2026,491,Postanowienie,Postanowienie Prezydenta Rzeczypospolitej Polskiej z dnia 25 marca 2026 r. nr rej. 206/2026 o nadaniu orderów i odznaczeń,2026-03-25,2026-05-15,2026-05-18T10:38:49,d2024f66e8717f4a0129523e81372f2bdca8ec47d26c711ee8f705ea00bfb70f,1,153,0,0,0,ok,,eli2md 0.6.3,2026-09-29T23:24:45Z
MP/2026/492,2026,492,Postanowienie,Postanowienie Prezydenta Rzeczypospolitej Polskiej z dnia 27 marca 2026 r. nr rej. 210/2026 o nadaniu orderów,2026-03-27,2026-05-15,2026-05-18T10:38:49,a20270a26cc7c7557e2f0014da0f1a2d2c4097430d7cbd56bf46220f2c0a4e46,1,114,0,0,0,ok,,eli2md 0.6.3,2026-09-29T23:24:45Z
MP/2026/493,2026,493,Postanowienie,Postanowienie Prezydenta Rzeczypospolitej Polskiej z dnia 27 marca 2026 r. nr rej. 211/2026 o nadaniu orderów i odznaczeń,2026-03-27,2026-05-15,2026-05-18T10:38:49,50f4de98a22c823c8f5b57d7b22ef7a2e097540711ece47acdc8f4ea1df92cac,2,162,0,0,0,ok,,eli2md 0.6.3,2026-09-29T23:24:45Z
MP/2026/494,2026,494,Obwieszczenie,Obwieszczenie Ministra Energii z dnia 18 maja 2026 r. w sprawie maksymalnej ceny paliw ciekłych na stacji paliw,2026-05-18,2026-05-18,2026-05-19T10:19:46,4809fee920a84a301cb74214f6dc28ced809e75d7d8c1b3cc41f25c3feac9605,1,203,0,0,0,ok,,eli2md 0.6.3,2026-09-29T23:24:45Z
MP/2026/495,2026,495,Obwieszczenie,Obwieszczenie Prezesa Zakładu Ubezpieczeń Społecznych z dnia 14 maja 2026 r. w sprawie wskaźnika waloryzacji podstawy wymiaru zasiłku chorobowego przyjętej do obliczenia świadczenia rehabilitacyjnego w III kwartale 2026 r.,2026-05-14,2026-05-18,2026-05-19T10:19:46,7b82a789d2943c06971cee73e2428c5fda5f1766970ac344538f518584f1f29d,1,100,0,0,0,ok,,eli2md 0.6.3,2026-09-29T23:24:45Z
MP/2026/496,2026,496,Komunikat,Komunikat Ministra Finansów i Gospodarki z dnia 8 maja 2026 r. o wydanej decyzji w sprawie pozbawienia przedsiębiorcy statusu centrum badawczo-rozwojowego,2026-05-08,2026-05-18,2026-05-19T10:19:46,c1db1588284bf6753602d05d49f74fb027f422c683d99062e8c5e47dd6c1a30f,1,90,0,0,0,ok,,eli2md 0.6.3,2026-09-29T23:24:45Z
MP/2026/497,2026,497,Obwieszczenie,Obwieszczenie Ministra Energii z dnia 19 maja 2026 r. w sprawie maksymalnej ceny paliw ciekłych na stacji paliw,2026-05-19,2026-05-19,2026-05-20T09:56:28,c1790217ba97c8833d34de8f59c0ece30dab819e99550902d48fd7a6ff7deb62,1,202,0,0,0,ok,,eli2md 0.6.3,2026-09-29T23:24:45Z
MP/2026/498,2026,498,Obwieszczenie,"Obwieszczenie Ministra Kultury i Dziedzictwa Narodowego z dnia 27 kwietnia 2026 r. w sprawie włączenia kwalifikacji rynkowej ""Posługiwanie się prawidłową emisją głosu przez osoby wykorzystujące głos w pracy zawodowej"" do Zintegrowanego Systemu Kwalifikacji",2026-04-27,2026-05-19,2026-05-20T09:56:28,cab24d7ede655033d803ab4381f130b10896ada55ce32e8520dbe4a9822fcbb6,5,1455,0,0,0,ok,,eli2md 0.6.3,2026-09-29T23:24:45Z
MP/2026/499,2026,499,Komunikat,Komunikat Prezesa Zakładu Ubezpieczeń Społecznych z dnia 14 maja 2026 r. w sprawie kwot przychodu odpowiadających 70 % i 130 % przeciętnego miesięcznego wynagrodzenia ogłoszonego za I kwartał 2026 r. stosowanych przy zmniejszaniu albo zawieszaniu emerytur i rent,2026-05-14,2026-05-19,2026-05-20T09:56:28,06b32f8506b1aa2c1c71dc73fcae8eb7ee8fbfe7b042d2437f0a90c582293765,1,126,0,0,0,ok,,eli2md 0.6.3,2026-09-29T23:24:45Z
MP/2026/500,2026,500,Obwieszczenie,Obwieszczenie Ministra Obrony Narodowej z dnia 12 maja 2026 r. w sprawie wykazu jednostek organizacyjnych podległych Ministrowi Obrony Narodowej lub przez niego nadzorowanych,2026-05-12,2026-05-19,2026-05-20T09:56:28,ff5f784f908daf135dae8c79ffe14d2e47d127ec7e24e0d5e3498a582f85586c,4,1045,0,0,0,ok,,eli2md 0.6.3,2026-09-29T23:24:45Z
MP/2026/501,2026,501,Komunikat,"Komunikat Ministra Rolnictwa i Rozwoju Wsi z dnia 11 maja 2026 r. w sprawie zmienionych wytycznych szczegółowych w zakresie przyznawania, wypłaty i zwrotu pomocy finansowej w ramach Planu Strategicznego dla Wspólnej Polityki Rolnej na lata 2023-2027 dla interwencji I.10.4 Inwestycje przyczyniające się do ochrony środowiska i klimatu",2026-05-11,2026-05-19,2026-05-20T09:56:29,d1089c424adcd84efc76bc6c98db17dec16b257e2b6fde2639e6d54c9b63a911,1,188,0,0,0,ok,,eli2md 0.6.3,2026-09-29T23:24:45Z
MP/2026/502,2026,502,Obwieszczenie,Obwieszczenie Ministra Energii z dnia 20 maja 2026 r. w sprawie maksymalnej ceny paliw ciekłych na stacji paliw,2026-05-20,2026-05-20,2026-05-21T13:23:00,6a342417c2eb5e4fa55c344cfa7fc679ef813f7fa1e94340810a6d2e3f273c47,1,202,0,0,0,ok,,eli2md 0.6.3,2026-09-29T23:24:45Z
MP/2026/503,2026,503,Postanowienie,Postanowienie Prezydenta Rzeczypospolitej Polskiej z dnia 6 listopada 2025 r. nr 1131.57.2025 o powołaniu w skład Krajowej Rady Sądownictwa,2025-11-06,2026-05-20,2026-05-21T13:23:00,a2a85d3ac5552434d1aeb13e37c0a2f0782d20a8fe844dfaca13054d7a566a15,1,78,0,0,0,ok,,eli2md 0.6.3,2026-09-29T23:24:45Z
MP/2026/504,2026,504,Zarządzenie,"Zarządzenie nr 9/2026 Prezesa Narodowego Banku Polskiego z dnia 19 maja 2026 r. w sprawie ustalenia wzoru, próby, masy i wielkości emisji monety o wartości nominalnej 10 zł, upamiętniającej 50. rocznicę Czerwca '76",2026-05-19,2026-05-20,2026-05-21T13:23:00,cb945350d8b6b6cafdd47e838f02dbe3adedb9f3846a850c8e28f3a4dc56fd04,2,205,0,0,0,ok,,eli2md 0.6.3,2026-09-29T23:24:45Z
MP/2026/505,2026,505,Uchwała,Uchwała Sejmu Rzeczypospolitej Polskiej z dnia 14 maja 2026 r. w sprawie wyrażenia zgody na przedłużenie okresu obowiązywania czasowego ograniczenia prawa do złożenia wniosku o udzielenie ochrony międzynarodowej na granicy państwowej z Republiką Białorusi,2026-05-14,2026-05-20,2026-05-21T13:23:00,ce38caeaedef51044717e280504bfe158e225b0122708d7a3329564aae1901ed,1,307,0,0,0,ok,,eli2md 0.6.3,2026-09-29T23:24:45Z
MP/2026/506,2026,506,Obwieszczenie,"Obwieszczenie Ministra Rodziny, Pracy i Polityki Społecznej z dnia 16 maja 2026 r. w sprawie wskaźnika waloryzacji składek na ubezpieczenie emerytalne za 2025 r.",2026-05-16,2026-05-20,2026-05-21T13:23:00,1a6365e0d37f6d87d15855c476573e47f290522d72527636d24ac298015012fe,1,83,0,0,0,ok,,eli2md 0.6.3,2026-09-29T23:24:45Z
MP/2026/507,2026,507,Komunikat,"Komunikat Ministra Rolnictwa i Rozwoju Wsi z dnia 15 maja 2026 r. w sprawie zmienionych wytycznych szczegółowych w zakresie przyznawania, wypłaty i zwrotu pomocy finansowej w ramach Planu Strategicznego dla Wspólnej Polityki Rolnej na lata 2023-2027 dla interwencji I.10.5 Rozwój małych gospodarstw",2026-05-15,2026-05-20,2026-05-21T13:23:01,684433ade8a35a9c61eed237cbea346cddbe282888ebc2e189f76997b492dad6,1,178,0,0,0,ok,,eli2md 0.6.3,2026-09-29T23:24:45Z
MP/2026/508,2026,508,Postanowienie,Postanowienie Prezydenta Rzeczypospolitej Polskiej z dnia 4 marca 2026 r. nr rej. 78/2026 o nadaniu odznaczeń,2026-03-04,2026-05-20,2026-05-21T13:23:01,de6be93e24dba147426f7278cbadb973e618725d187d97f430ac3608e91320ed,1,146,0,0,0,ok,,eli2md 0.6.3,2026-09-29T23:24:45Z
MP/2026/509,2026,509,Postanowienie,Postanowienie Prezydenta Rzeczypospolitej Polskiej z dnia 31 marca 2026 r. nr rej. 79/2026 o nadaniu odznaczeń,2026-03-31,2026-05-20,2026-05-21T13:23:01,ad2bc699e9a70df9846eeeb4026ee61bb30992f504eb78c87eb81b5195e25d18,1,119,0,0,0,ok,,eli2md 0.6.3,2026-09-29T23:24:45Z
MP/2026/510,2026,510,Postanowienie,Postanowienie Prezydenta Rzeczypospolitej Polskiej z dnia 25 marca 2026 r. nr rej. 80/2026 o nadaniu odznaczeń,2026-03-25,2026-05-20,2026-05-21T13:23:01,1e7055e14b8f48efa4d64107f3c45335a088185f626c34cff6dd0cfaac7a0e59,1,126,0,0,0,ok,,eli2md 0.6.3,2026-09-29T23:24:45Z
MP/2026/511,2026,511,Zarządzenie,Zarządzenie Marszałka Sejmu Rzeczypospolitej Polskiej z dnia 18 maja 2026 r. zmieniające zarządzenie w sprawie nadania statutu Państwowej Inspekcji Pracy,2026-05-18,2026-05-20,2026-05-21T13:23:01,af03c3e98d56ba3b0d01ae9121469608db298531432683d0f98cfc8189b23294,1,217,0,0,0,ok,,eli2md 0.6.3,2026-09-29T23:24:45Z
MP/2026/512,2026,512,Uchwała,Uchwała Sejmu Rzeczypospolitej Polskiej z dnia 12 maja 2026 r. w sprawie uczczenia pamięci ofiar przewrotu majowego 1926 roku,2026-05-12,2026-05-20,2026-05-21T13:23:01,f41305e8298ef54479e95c2183e0f81dbc62bcc09e6bf51b59a960c7a91e5b18,1,253,0,0,0,ok,,eli2md 0.6.3,2026-09-29T23:24:45Z
MP/2026/513,2026,513,Uchwała,Uchwała Sejmu Rzeczypospolitej Polskiej z dnia 15 maja 2026 r. w sprawie wyboru członków Krajowej Rady Sądownictwa,2026-05-15,2026-05-20,2026-05-21T13:23:01,e90cc89c68d98795564cab0dd46dcf0367be07696555854af45b223f5a09c501,1,124,0,0,0,ok,,eli2md 0.6.3,2026-09-29T23:24:45Z
MP/2026/514,2026,514,Obwieszczenie,Obwieszczenie Ministra Energii z dnia 21 maja 2026 r. w sprawie maksymalnej ceny paliw ciekłych na stacji paliw,2026-05-21,2026-05-21,2026-05-22T10:40:14,b9f5bf5bc38268a98b055d5667bf190109f59e61dfb6c2b3c0c0e8b432f13714,1,202,0,0,0,ok,,eli2md 0.6.3,2026-09-29T23:24:45Z
MP/2026/515,2026,515,Obwieszczenie,Obwieszczenie Ministra Edukacji z dnia 5 maja 2026 r. w sprawie ogólnopolskiej sieci branżowych centrów umiejętności na lata 2023-2028,2026-05-05,2026-05-21,2026-05-22T10:40:14,e927f4696c9ff0208b9ff387a75d1575d2e9aa033e09e6c5e43860d8b48a5a67,18,4501,0,0,0,ok,,eli2md 0.6.3,2026-09-29T23:24:45Z
MP/2026/516,2026,516,Obwieszczenie,Obwieszczenie Ministra Energii z dnia 21 maja 2026 r. w sprawie maksymalnej ceny paliw ciekłych na stacji paliw,2026-05-22,2026-05-22,2026-05-25T11:16:01,15c54a7686b4dbbeb5203fec68a3f5497a5a93271ac5cf2387e6fba7867fcab7,1,202,0,0,0,ok,,eli2md 0.6.3,2026-09-29T23:24:45Z
MP/2026/517,2026,517,Uchwała,Uchwała Senatu Rzeczypospolitej Polskiej z dnia 20 maja 2026 r. w 100. rocznicę urodzin Jana Józefa Lipskiego,2026-05-20,2026-05-22,2026-05-25T11:16:01,a7307de6346b0fb7e9e6132e5d472ffa4adb550c516d7c2da1fd41b12ef88896,1,378,0,0,0,ok,,eli2md 0.6.3,2026-09-29T23:24:45Z
MP/2026/518,2026,518,Obwieszczenie,Obwieszczenie Ministra Energii z dnia 25 maja 2026 r. w sprawie maksymalnej ceny paliw ciekłych na stacji paliw,2026-05-25,2026-05-25,2026-05-26T10:38:08,bd7d6a27bde65e7bf8be643906eb0f1f2a1bef60efb000aa1e9c105a890d8024,1,202,0,0,0,ok,,eli2md 0.6.3,2026-09-29T23:24:45Z
MP/2026/519,2026,519,Obwieszczenie,"Obwieszczenie Ministra Finansów i Gospodarki z dnia 8 maja 2026 r. w sprawie włączenia kwalifikacji sektorowej ""Serwisowanie urządzeń domowych (AGD)"" do Zintegrowanego Systemu Kwalifikacji",2026-05-08,2026-05-25,2026-05-26T10:38:08,a7556ddfbd8ec0f1b86c9641dc01f7c9db984b98a0dcbf3631e6bba3d32a758f,6,1672,0,0,0,ok,,eli2md 0.6.3,2026-09-29T23:24:45Z
MP/2026/520,2026,520,Obwieszczenie,"Obwieszczenie Ministra Finansów i Gospodarki z dnia 21 maja 2026 r. w sprawie ogłoszenia kwot, o których mowa w art. 38 i art. 38a ustawy o finansach publicznych",2026-05-21,2026-05-25,2026-05-26T10:38:08,2244cfea7fd5e5346d31412d15d128a18ab5bf4127d77ced8ce12ac5eb1fb751,1,295,0,0,0,ok,,eli2md 0.6.3,2026-09-29T23:24:45Z
MP/2026/521,2026,521,Obwieszczenie,Obwieszczenie Ministra Infrastruktury z dnia 23 kwietnia 2026 r. w sprawie wysokości stawki opłaty na rok 2027 za wydanie decyzji zatwierdzającej taryfę,2026-05-23,2026-05-25,2026-05-26T10:38:08,af47d453d0d3d6f86f1267862125e06505aa806f3814ef2e148ca6d5aefcfe17,1,81,0,0,0,ok,,eli2md 0.6.3,2026-09-29T23:24:45Z
MP/2026/522,2026,522,Obwieszczenie,"Obwieszczenie Ministra Sportu i Turystyki z dnia 20 maja 2026 r. w sprawie uznania dotychczasowej kwalifikacji rynkowej ""Prowadzenie zajęć z jeździectwa na poziomie rekreacyjnym"" włączonej do Zintegrowanego Systemu Kwalifikacji za kwalifikację sektorową",2026-05-20,2026-05-25,2026-05-26T10:38:08,c4f09f2f9d31dc3160f854ba4683ddd5c4b34b5ca0f86f4acb1a5a5eb598ff80,1,157,0,0,0,ok,,eli2md 0.6.3,2026-09-29T23:24:45Z
MP/2026/523,2026,523,Komunikat,Komunikat Ministra Funduszy i Polityki Regionalnej z dnia 21 maja 2026 r. w sprawie zmienionych wytycznych dotyczących kwalifikowalności wydatków na lata 2021-2027,2026-05-21,2026-05-25,2026-05-26T10:38:08,3fadc69993d719c0fe7ac7704c4a35da758518d9ca8da615454385ef25297497,1,121,0,0,0,ok,,eli2md 0.6.3,2026-09-29T23:24:45Z
MP/2026/524,2026,524,Komunikat,"Komunikat Ministra Rolnictwa i Rozwoju Wsi z dnia 21 maja 2026 r. w sprawie zmienionych wytycznych szczegółowych w zakresie przyznawania, wypłaty i zwrotu pomocy finansowej w ramach Planu Strategicznego dla Wspólnej Polityki Rolnej na lata 2023-2027 dla interwencji I.10.1.1 Inwestycje w gospodarstwach rolnych zwiększające konkurencyjność (dotacje)",2026-05-21,2026-05-25,2026-05-26T10:38:08,a8a97fbd8976f709d5b74219a79d0483115d7cf9c13665cf8b901c9fb037b625,1,186,0,0,0,ok,,eli2md 0.6.3,2026-09-29T23:24:45Z
MP/2026/525,2026,525,Obwieszczenie,Obwieszczenie Ministra Energii z dnia 26 maja 2026 r. w sprawie maksymalnej ceny paliw ciekłych na stacji paliw,2026-05-26,2026-05-26,2026-05-27T10:26:07,9eede190a2bf9defb9b676bf98ff82e662dd6795df3a3e827183546f6abdaa1e,1,202,0,0,0,ok,,eli2md 0.6.3,2026-09-29T23:24:45Z
MP/2026/526,2026,526,Uchwała,"Uchwała Senatu Rzeczypospolitej Polskiej z dnia 21 maja 2026 r. w 45. rocznicę rejestracji Niezależnego Samorządnego Związku Zawodowego Rolników Indywidualnych ""Solidarność""",2026-05-21,2026-05-26,2026-05-27T10:26:07,2f50d116800925e29556dc223d7e946bbb7eb88733d024c518a2f841ad049af5,1,320,0,0,0,ok,,eli2md 0.6.3,2026-09-29T23:24:45Z
MP/2026/527,2026,527,Uchwała,Uchwała Senatu Rzeczypospolitej Polskiej z dnia 20 maja 2026 r. w 110. rocznicę powstania Związku Floriańskiego oraz 105. rocznicę powstania Głównego Związku Straży Pożarnych Rzeczypospolitej Polskiej,2026-05-20,2026-05-26,2026-05-27T10:26:07,9856c86c769cad2686cb4292163ff2d2e2f92eba53dcc3cf43b42b52c924e8fd,1,385,0,0,0,ok,,eli2md 0.6.3,2026-09-29T23:24:45Z
MP/2026/528,2026,528,Obwieszczenie,"Obwieszczenie Ministra Sportu i Turystyki z dnia 20 maja 2026 r. w sprawie uznania dotychczasowej kwalifikacji rynkowej ""Prowadzenie szkolenia jeździeckiego na poziomie sportowym"" włączonej do Zintegrowanego Systemu Kwalifikacji za kwalifikację sektorową",2026-05-20,2026-05-26,2026-05-27T10:26:07,8cdefa3f337bb4338a104c1cb45c7244d6259e0d468636e08fd4022e2fb75ea7,1,154,0,0,0,ok,,eli2md 0.6.3,2026-09-29T23:24:45Z
MP/2026/529,2026,529,Uchwała,Uchwała Senatu Rzeczypospolitej Polskiej z dnia 21 maja 2026 r. w sprawie godności osób z neuroróżnorodnością,2026-05-21,2026-05-26,2026-05-27T10:26:07,11b462e595bed44d125c9e9716ebee61af8867cf81dd3b06eeba082add61b5fc,1,289,0,0,0,ok,,eli2md 0.6.3,2026-09-29T23:24:45Z
MP/2026/530,2026,530,Zarządzenie,Zarządzenie nr 35 Prezesa Rady Ministrów z dnia 25 maja 2026 r. zmieniające zarządzenie w sprawie Komitetu Rady Ministrów do spraw Nadzoru nad Wdrażaniem Polityki Rządu,2026-05-25,2026-05-26,2026-05-27T10:26:07,d316ecc06607873d1fc7212aefe2cb91b2faf48917bf5bcbbce62dd3b85c87bc,1,168,0,0,0,ok,,eli2md 0.6.3,2026-09-29T23:24:45Z
MP/2026/531,2026,531,Obwieszczenie,"Obwieszczenie Ministra Sportu i Turystyki z dnia 20 maja 2026 r. w sprawie uznania dotychczasowej kwalifikacji rynkowej ""Planowanie i prowadzenie procesu treningowego w jeździectwie"" włączonej do Zintegrowanego Systemu Kwalifikacji za kwalifikację sektorową",2026-05-20,2026-05-26,2026-05-27T10:26:07,0ea2981536885bad282d42b82dc8fb9de60f7f01895a2a4f2f95e097b3879e04,1,157,0,0,0,ok,,eli2md 0.6.3,2026-09-29T23:24:45Z
MP/2026/532,2026,532,Obwieszczenie,Obwieszczenie Ministra Energii z dnia 27 maja 2026 r. w sprawie maksymalnej ceny paliw ciekłych na stacji paliw,2026-05-27,2026-05-27,2026-05-28T10:15:36,1d60accffffb41d2a4e053037677160f43f7b5b967ca9e9ab78ca4570faf1ff4,1,202,0,0,0,ok,,eli2md 0.6.3,2026-09-29T23:24:45Z
MP/2026/533,2026,533,Obwieszczenie,Obwieszczenie Ministra Nauki i Szkolnictwa Wyższego z dnia 19 maja 2026 r. w sprawie wykazu jednostek organizacyjnych nadzorowanych przez Ministra Nauki i Szkolnictwa Wyższego,2026-05-19,2026-05-27,2026-05-28T10:15:36,23f5e87b2956434991f15cabee2b2fdc8fa01368e9061edc2ad98e92ce746c2b,11,3033,0,0,0,ok,,eli2md 0.6.3,2026-09-29T23:24:45Z
MP/2026/534,2026,534,Ogłoszenie,Ogłoszenie Przewodniczącego Krajowej Rady Radiofonii i Telewizji z dnia 19 maja 2026 r. w sprawie wysokości opłaty za wpis programu do rejestru programów telewizyjnych rozpowszechnianych wyłącznie w systemie teleinformatycznym i programów rozprowadzanych w 2027 r.,2026-05-19,2026-05-27,2026-08-12T09:19:57,e40396e274bd6dcbdfdec9da4ca8f27effc72a2187a295eb6540ee74946f84e5,1,138,0,0,0,ok,,eli2md 0.6.3,2026-09-29T23:24:45Z
MP/2026/535,2026,535,Zarządzenie,Zarządzenie nr 30 Prezesa Rady Ministrów z dnia 25 maja 2026 r. zmieniające zarządzenie w sprawie Międzyresortowego Zespołu do spraw systemowych rozwiązań związanych z opieką nad osobami starszymi,2026-05-25,2026-05-27,2026-05-28T10:15:37,9b78053e2d27b71072f109307757b5c3f3eed4f6660fc12cc8db7fa943607b03,2,334,0,0,0,ok,,eli2md 0.6.3,2026-09-29T23:24:45Z
MP/2026/536,2026,536,Obwieszczenie,Obwieszczenie Ministra Energii z dnia 28 maja 2026 r. w sprawie maksymalnej ceny paliw ciekłych na stacji paliw,2026-05-28,2026-05-28,2026-05-29T10:19:54,d69a67229ba24c2b7d944252a2922103c1dc9a395f015b9fa09c0902db8a2b83,1,202,0,0,0,ok,,eli2md 0.6.3,2026-09-29T23:24:45Z
MP/2026/537,2026,537,Uchwała,Uchwała nr 3/2026 Rady Polityki Pieniężnej z dnia 5 maja 2026 r. w sprawie przyjęcia sprawozdania z wykonania założeń polityki pieniężnej na rok 2025,2026-05-05,2026-05-28,2026-05-29T10:19:54,c2fbffb04a5d30c7e8289f92eac94914a4ce2834b11e33ff49ef84a4890942ac,42,12142,0,0,0,ok,,eli2md 0.6.3,2026-09-29T23:24:45Z
MP/2026/538,2026,538,Uchwała,Uchwała nr 4/2026 Rady Polityki Pieniężnej z dnia 5 maja 2026 r. w sprawie oceny działalności Zarządu Narodowego Banku Polskiego w zakresie realizacji założeń polityki pieniężnej na rok 2025,2026-05-05,2026-05-28,2026-05-29T10:19:54,313183017760ca5dfa54f874306218bd382fa2179d9f12af397280a38eb3edfe,1,119,0,0,0,ok,,eli2md 0.6.3,2026-09-29T23:24:45Z
MP/2026/539,2026,539,Obwieszczenie,Obwieszczenie Ministra Klimatu i Środowiska z dnia 21 maja 2026 r. w sprawie średniej krajowej dochodów gmin i powiatów w 2025 r. przypadających na jednego mieszkańca,2026-05-21,2026-05-28,2026-05-29T10:19:54,b9c381c7baabf31c6eba6f54d28d27f1a435e44ed2b2930d63347b4160ab37a6,1,107,0,0,0,ok,,eli2md 0.6.3,2026-09-29T23:24:45Z
MP/2026/540,2026,540,Obwieszczenie,Obwieszczenie Ministra Energii z dnia 29 maja 2026 r. w sprawie maksymalnej ceny paliw ciekłych na stacji paliw,2026-05-29,2026-05-29,2026-06-01T10:42:44,c4d31c8b4f326c1cacd5def781697dbfe39886e43bbc75331a03f184dc2b9280,1,202,0,0,0,ok,,eli2md 0.6.3,2026-09-29T23:24:45Z
MP/2026/541,2026,541,Obwieszczenie,Obwieszczenie Prezesa Rady Ministrów z dnia 25 maja 2026 r. w sprawie ogłoszenia jednolitego tekstu zarządzenia Prezesa Rady Ministrów w sprawie nadania statutu Ministerstwu Kultury i Dziedzictwa Narodowego,2026-05-25,2026-05-29,2026-08-28T00:00:00,817cef842d2de728223380137ee9ea0a9e4393d893b57c229066e88af7bfeac3,4,685,0,0,0,ok,,eli2md 0.6.3,2026-09-29T23:24:45Z
MP/2026/542,2026,542,Obwieszczenie,Obwieszczenie Ministra Energii z dnia 28 maja 2026 r. w sprawie parametrów aukcji uzupełniającej na okres dostaw przypadający na rok 2027,2026-05-28,2026-05-29,2026-06-01T10:42:44,0307fd60de1d96dbb7902d09d098f94e923bfcd843eff1c8d6cf2a77f5ecf901,2,519,0,0,0,ok,,eli2md 0.6.3,2026-09-29T23:24:45Z
MP/2026/543,2026,543,Komunikat,Komunikat Prezesa Głównego Urzędu Statystycznego z dnia 28 maja 2026 r. w sprawie wskaźnika cen towarowej produkcji rolniczej w 2025 r.,2026-05-28,2026-05-29,2026-06-01T10:42:44,9da0a84675bec29b07d7d01ba5a6672b143ee05966b5ab1dd80d5b0090476617,1,76,0,0,0,ok,,eli2md 0.6.3,2026-09-29T23:24:45Z
MP/2026/544,2026,544,Postanowienie,Postanowienie Prezydenta Rzeczypospolitej Polskiej z dnia 29 maja 2026 r. o użyciu oddziałów i pododdziałów Sił Zbrojnych Rzeczypospolitej Polskiej do pomocy oddziałom i pododdziałom Policji,2026-05-29,2026-05-29,2026-06-01T10:42:44,12ed20905dce3196a964408234b4925e8d5b48fdf55d6a443fd14bd8aa16cf25,1,133,0,0,0,ok,,eli2md 0.6.3,2026-09-29T23:24:45Z
MP/2026/545,2026,545,Obwieszczenie,Obwieszczenie Ministra Energii z dnia 1 czerwca 2026 r. w sprawie maksymalnej ceny paliw ciekłych na stacji paliw,2026-06-01,2026-06-01,2026-06-02T10:29:22,bcdd3f33435744e9ff314649a9a296df9bfccb4fd8096ffa451c920f38450328,1,203,0,0,0,ok,,eli2md 0.6.3,2026-09-29T23:24:45Z
MP/2026/546,2026,546,Uchwała,Uchwała Sejmu Rzeczypospolitej Polskiej z dnia 15 maja 2026 r. w sprawie upamiętnienia dzieci wrzesińskich w 125. rocznicę strajku,2026-05-15,2026-06-01,2026-06-02T10:29:22,16f5015ab5bc5da468906bd103d5d99e2cae5396cf2ff735f780240f62b5941e,1,248,0,0,0,ok,,eli2md 0.6.3,2026-09-29T23:24:45Z
MP/2026/547,2026,547,Uchwała,Uchwała Sejmu Rzeczypospolitej Polskiej z dnia 15 maja 2026 r. w sprawie upamiętnienia profesora Tadeusza Wacława Korzybskiego w 120. rocznicę urodzin,2026-05-15,2026-06-01,2026-06-02T10:29:22,7f1e193700dbc6e6efb52f8565ee6e4db03aca715d8ab1c286fc7d754ccf7441,1,326,0,0,0,ok,,eli2md 0.6.3,2026-09-29T23:24:45Z
MP/2026/548,2026,548,Uchwała,Uchwała Sejmu Rzeczypospolitej Polskiej z dnia 15 maja 2026 r. w sprawie upamiętnienia Tadeusza Konwickiego w 100. rocznicę urodzin,2026-05-15,2026-06-01,2026-06-02T10:29:22,26b4323bb20fb47a84a525e09ff8f9d9ca411ca4830783483f39b644cf9c5a06,1,404,0,0,0,ok,,eli2md 0.6.3,2026-09-29T23:24:45Z
MP/2026/549,2026,549,Obwieszczenie,"Obwieszczenie Ministra Sportu i Turystyki z dnia 20 maja 2026 r. w sprawie modyfikacji kwalifikacji sektorowej ""Prowadzenie zajęć z kiteboardingu""",2026-05-20,2026-06-01,2026-06-02T10:29:22,1ab46349d18a7f20203a4cb7efe5a75e5466cc921a439514c2af65b751154a27,9,2943,0,0,0,ok,,eli2md 0.6.3,2026-09-29T23:24:45Z
MP/2026/550,2026,550,Komunikat,"Komunikat Prezesa Zakładu Ubezpieczeń Społecznych z dnia 28 maja 2026 r. w sprawie wysokości wskaźnika kwartalnej waloryzacji składek na ubezpieczenie emerytalne, środków, odsetek za zwłokę i opłaty prolongacyjnej, zewidencjonowanych na subkoncie, za I kwartał 2026 r.",2026-05-28,2026-06-01,2026-06-02T10:29:22,e499d7c53191c3665771f9cd60a1a2f2761b82038d917cf5544343fbab3034c9,1,100,0,0,0,ok,,eli2md 0.6.3,2026-09-29T23:24:45Z
MP/2026/551,2026,551,Obwieszczenie,"Obwieszczenie Ministra Rodziny, Pracy i Polityki Społecznej z dnia 28 maja 2026 r. w sprawie wyznaczenia ośrodka adopcyjnego właściwego do prowadzenia centralnego banku danych o dzieciach oczekujących na przysposobienie",2026-05-28,2026-06-01,2026-06-02T10:29:22,98cf0c06d8262de5aab09554a2e8fc355b864d1c2dcc648c2d84851f17f8febc,1,101,0,0,0,ok,,eli2md 0.6.3,2026-09-29T23:24:45Z
MP/2026/552,2026,552,Obwieszczenie,Obwieszczenie Ministra Energii z dnia 3 czerwca 2026 r. w sprawie maksymalnej ceny paliw ciekłych na stacji paliw,2026-06-03,2026-06-03,2026-06-05T09:13:07,b3a604497a10698f7ad8a3c12cc978ce266fb8ec2c681a26176dbbe2658ed613,1,202,0,0,0,ok,,eli2md 0.6.3,2026-09-29T23:24:45Z
MP/2026/553,2026,553,Zarządzenie,"Zarządzenie nr 10/2026 Prezesa Narodowego Banku Polskiego z dnia 28 maja 2026 r. w sprawie ustalenia wzoru, próby, masy i wielkości emisji monety o wartości nominalnej 20 zł, upamiętniającej 70. rocznicę Poznańskiego Czerwca '56",2026-05-28,2026-06-02,2026-06-12T09:25:47,fe14b1364c0ae8b463e316ed1a577ce3814e6e3c3a5740af2724b76d858c696a,2,213,0,0,0,ok,,eli2md 0.6.3,2026-09-29T23:24:45Z
MP/2026/554,2026,554,Umowa międzynarodowa,"Umowa między Rządem Rzeczypospolitej Polskiej a Gabinetem Ministrów Ukrainy w sprawie działalności Banku Gospodarstwa Krajowego w Ukrainie, podpisana w Warszawie dnia 25 września 2025 r.",2025-09-25,2026-06-02,2026-06-03T11:09:31,d78dc69d41c5ccf9e1ef3e270c9740569a532979fbee57fd082e7eb91c4749af,36,6152,35,1,23,ok,,eli2md 0.6.3,2026-09-29T23:24:45Z
MP/2026/555,2026,555,Oświadczenie rządowe,"Oświadczenie rządowe z dnia 12 maja 2026 r. o związaniu Rzeczypospolitej Polskiej Umową między Rządem Rzeczypospolitej Polskiej a Gabinetem Ministrów Ukrainy w sprawie działalności Banku Gospodarstwa Krajowego w Ukrainie, podpisaną w Warszawie dnia 25 września 2025 r.",2026-05-12,2026-06-02,2026-06-03T11:09:31,e95838693a636d3c2ddae8ebfb9c5ec73eb3d9693daa1cdcb118619b80861b00,1,141,0,0,0,ok,,eli2md 0.6.3,2026-09-29T23:24:45Z
MP/2026/556,2026,556,Uchwała,Uchwała Sejmu Rzeczypospolitej Polskiej z dnia 29 maja 2026 r. w sprawie wyrażenia przez Sejm Rzeczypospolitej Polskiej zgody na pociągnięcie do odpowiedzialności karnej posła Zbigniewa Ziobry,2026-05-29,2026-06-02,2026-06-03T11:09:31,9560a4a1b966a086f29cdfb369d601fb0c5d6ebf5fd3b5b234de7c7c2a1e1bd8,1,98,0,0,0,ok,,eli2md 0.6.3,2026-09-29T23:24:45Z
MP/2026/557,2026,557,Obwieszczenie,Obwieszczenie Ministra Energii z dnia 4 czerwca 2026 r. w sprawie maksymalnej ceny paliw ciekłych na stacji paliw,2026-06-04,2026-06-04,2026-06-05T10:26:33,a56315a9f7834c2b07e9d6eb187dc37eeccafae184050b2bfffacb58368fbbe6,1,202,0,0,0,ok,,eli2md 0.6.3,2026-09-29T23:24:45Z
MP/2026/558,2026,558,Obwieszczenie,"Obwieszczenie Ministra Rodziny, Pracy i Polityki Społecznej z dnia 29 maja 2026 r. w sprawie listy ośrodków adopcyjnych upoważnionych do współpracy z organami centralnymi innych państw lub z licencjonowanymi przez rządy innych państw organizacjami lub ośrodkami adopcyjnymi",2026-05-29,2026-06-03,2026-06-05T10:26:33,07afa02f8bbf904873932a990b2501ca09013f7c69fb22cec43480e10a9e1e58,2,159,0,0,0,ok,,eli2md 0.6.3,2026-09-29T23:24:45Z
MP/2026/559,2026,559,Obwieszczenie,"Obwieszczenie Ministra Sportu i Turystyki z dnia 20 maja 2026 r. w sprawie włączenia kwalifikacji wolnorynkowej ""Organizowanie imprez turystyki kajakowej"" do Zintegrowanego Systemu Kwalifikacji",2026-05-20,2026-06-03,2026-06-05T10:26:33,ef7a1d242164547071a8ebc421a948219e712e058fa964595d63e9b0cb792364,6,1485,0,0,0,ok,,eli2md 0.6.3,2026-09-29T23:24:45Z
MP/2026/560,2026,560,Obwieszczenie,Obwieszczenie Prezesa Narodowego Banku Polskiego z dnia 28 maja 2026 r. w sprawie ogłoszenia jednolitego tekstu uchwały Zarządu Narodowego Banku Polskiego w sprawie regulaminu Zarządu Narodowego Banku Polskiego,2026-05-28,2026-06-03,2026-06-05T10:26:33,9f8cee52cdef9a1915f3ee9ae6a3b8ebccf666c8a817bf86f16ba14ab0146922,6,1726,0,0,0,ok,,eli2md 0.6.3,2026-09-29T23:24:45Z
MP/2026/561,2026,561,Obwieszczenie,Obwieszczenie Ministra Energii z dnia 5 czerwca 2026 r. w sprawie maksymalnej ceny paliw ciekłych na stacji paliw,2026-06-05,2026-06-05,2026-06-08T11:31:23,57a3da81310465b6afd56d81c8459608faafc5ebcc2c134c5a5b013e14032452,1,203,0,0,0,ok,,eli2md 0.6.3,2026-09-29T23:24:45Z
MP/2026/562,2026,562,Obwieszczenie,"Obwieszczenie Prezesa Kasy Rolniczego Ubezpieczenia Społecznego z dnia 2 czerwca 2026 r. w sprawie wysokości miesięcznej składki na ubezpieczenie wypadkowe, chorobowe i macierzyńskie w III kwartale 2026 r.",2026-06-02,2026-06-05,2026-06-08T11:31:23,b10ffaec67c6072f09a786444e59ffc6bfb1beff79f1e50f455f62be84b5960f,1,82,0,0,0,ok,,eli2md 0.6.3,2026-09-29T23:24:45Z
MP/2026/563,2026,563,Postanowienie,Postanowienie Prezydenta Rzeczypospolitej Polskiej z dnia 23 kwietnia 2026 r. nr 115.6.2026 w sprawie nadania tytułu profesora,2026-04-23,2026-06-05,2026-06-08T11:31:23,24780ea79fc2cb48ac7e33457b1798abb78159587d3c0d49a3765b3b26991560,2,711,0,0,0,ok,,eli2md 0.6.3,2026-09-29T23:24:45Z
MP/2026/564,2026,564,Komunikat,Komunikat Prezesa Zakładu Ubezpieczeń Społecznych z dnia 3 czerwca 2026 r. w sprawie wysokości odsetek należnych z tytułu nieprzekazania w terminie składek do otwartego funduszu emerytalnego,2026-06-03,2026-06-05,2026-06-08T11:31:23,7e6e5c1a18dff6b66286abace0bb4f70da85563021ed91d3e6e381b69d252ff8,1,96,0,0,0,ok,,eli2md 0.6.3,2026-09-29T23:24:45Z
MP/2026/565,2026,565,Obwieszczenie,"Obwieszczenie Ministra Finansów i Gospodarki z dnia 1 czerwca 2026 r. w sprawie określenia wysokości kwot rekompensat wypłacanych osobom, które wniosły przedpłaty na zakup samochodów osobowych marki Fiat 126p lub FSO 1500, na III kwartał 2026 r.",2026-06-01,2026-06-05,2026-06-08T11:31:23,15bf213ea3b669e6563e257fd10028cf0e76be6d30ddf888ecac9464e2760511,1,130,0,0,0,ok,,eli2md 0.6.3,2026-09-29T23:24:45Z
MP/2026/566,2026,566,Obwieszczenie,Obwieszczenie Ministra Energii z dnia 8 czerwca 2026 r. w sprawie maksymalnej ceny paliw ciekłych na stacji paliw,2026-06-08,2026-06-08,2026-06-09T11:44:50,ae0af96249ad0983c57b0d5d30078b3124a8f0d941e815ab220804f7c41c973c,1,203,0,0,0,ok,,eli2md 0.6.3,2026-09-29T23:24:45Z
MP/2026/567,2026,567,Uchwała,Uchwała Sejmu Rzeczypospolitej Polskiej z dnia 29 maja 2026 r. w sprawie relacji polsko-amerykańskich i uczczenia 250. rocznicy powstania Stanów Zjednoczonych Ameryki,2026-05-29,2026-06-08,2026-06-09T11:44:50,60d7792cbf49379175302068ebe431ee36039f749955bc5aef29c6853abd7d0c,1,428,0,0,0,ok,,eli2md 0.6.3,2026-09-29T23:24:45Z
MP/2026/568,2026,568,Uchwała,Uchwała Sejmu Rzeczypospolitej Polskiej z dnia 29 maja 2026 r. w sprawie 25. rocznicy uchwalenia pierwszej ustawy regulującej funkcjonowanie młodzieżowych rad samorządowych w Polsce,2026-05-29,2026-06-08,2026-06-09T11:44:50,2721f6cfb687dd0e8fb746a61c21f3befc79f83802027e33a85673644bba464b,1,383,0,0,0,ok,,eli2md 0.6.3,2026-09-29T23:24:45Z
MP/2026/569,2026,569,Uchwała,Uchwała Sejmu Rzeczypospolitej Polskiej z dnia 29 maja 2026 r. w sprawie upamiętnienia rozpoczęcia deportacji ludności polskiej do Kazachstanu w 90. rocznicę,2026-05-29,2026-06-08,2026-06-09T11:44:50,bc259e3239a46b253d83a8eeb87ba3e389cb5426290c9f51a98f5588d668ad5d,1,359,0,0,0,ok,,eli2md 0.6.3,2026-09-29T23:24:45Z
MP/2026/570,2026,570,Obwieszczenie,"Obwieszczenie Ministra Finansów i Gospodarki z dnia 21 maja 2026 r. w sprawie włączenia kwalifikacji wolnorynkowej ""Realizowanie usług facility management (facility manager)"" do Zintegrowanego Systemu Kwalifikacji",2026-05-21,2026-06-08,2026-06-09T11:44:50,2045b240f75f5c786598d368799afb38de6d31a7c71faffe901eaf1d032b0981,6,1980,0,0,0,ok,,eli2md 0.6.3,2026-09-29T23:24:45Z
MP/2026/571,2026,571,Uchwała,Uchwała Sejmu Rzeczypospolitej Polskiej z dnia 29 maja 2026 r. w 125. rocznicę urodzin i w 45. rocznicę śmierci bł. Stefana Kardynała Wyszyńskiego,2026-05-29,2026-06-08,2026-06-09T11:44:50,b1a8d0cbd92a372a4683468e0e6e7357189e4ba21c65adce0911e3427f91c304,1,514,0,0,0,ok,,eli2md 0.6.3,2026-09-29T23:24:45Z
MP/2026/572,2026,572,Obwieszczenie,Obwieszczenie Ministra Energii z dnia 9 czerwca 2026 r. w sprawie maksymalnej ceny paliw ciekłych na stacji paliw,2026-06-09,2026-06-09,2026-06-10T10:59:54,0095b816767ab619e645a8ac2e627e62a3b0ba5952f798578d5fc72873204361,1,202,0,0,0,ok,,eli2md 0.6.3,2026-09-29T23:24:45Z
MP/2026/573,2026,573,Obwieszczenie,Obwieszczenie Marszałka Sejmu Rzeczypospolitej Polskiej z dnia 27 maja 2026 r. w sprawie ogłoszenia jednolitego tekstu uchwały Sejmu Rzeczypospolitej Polskiej - Regulamin Sejmu Rzeczypospolitej Polskiej,2026-05-27,2026-06-09,2026-09-24T13:50:43,7e5930a733ddbd24540198495a131ec62093e820064f1cf60bdf0bfa11c6c8de,67,33481,0,0,0,ok,,eli2md 0.6.3,2026-09-29T23:24:45Z
MP/2026/574,2026,574,Komunikat,"Komunikat Ministra Rolnictwa i Rozwoju Wsi z dnia 3 czerwca 2026 r. w sprawie zmienionych wytycznych szczegółowych w zakresie pomocy w ramach płatności bezpośrednich, przejściowego wsparcia krajowego, płatności w ramach interwencji związanych ze środowiskiem, klimatem i innych zobowiązań w dziedzinie zarządzania, o których mowa w art. 69 lit. a rozporządzenia 2021/2115, wsparcia inwestycji leśnych lub zadrzewieniowych realizowanych w ramach art. 69 lit. d rozporządzenia 2021/2115 oraz warunkowości",2026-06-03,2026-06-09,2026-06-10T10:59:54,bf197993ce51699fd659ac8e595c195753eb6d08d4cd1755c40cbd6b472ae1f3,1,228,0,0,0,ok,,eli2md 0.6.3,2026-09-29T23:24:45Z
MP/2026/575,2026,575,Obwieszczenie,Obwieszczenie Ministra Energii z dnia 10 czerwca 2026 r. w sprawie maksymalnej ceny paliw ciekłych na stacji paliw,2026-06-10,2026-06-10,2026-06-11T13:16:41,2acbce5dfd0367e9060d866b99139bc24b54aa2d8cd65caf1afa56ebbdecb036,1,202,0,0,0,ok,,eli2md 0.6.3,2026-09-29T23:24:45Z
MP/2026/576,2026,576,Postanowienie,Postanowienie Prezydenta Rzeczypospolitej Polskiej z dnia 1 czerwca 2026 r. nr 112.29.2026 o zwolnieniu Dowódcy Operacyjnego Rodzajów Sił Zbrojnych,2026-06-01,2026-06-10,2026-06-11T13:16:41,24b4dd9322ea214c5f8c98fae12e1a18c0570914ef3684eaffabe9caeca08035,1,99,0,0,0,ok,,eli2md 0.6.3,2026-09-29T23:24:45Z
MP/2026/577,2026,577,Postanowienie,Postanowienie Prezydenta Rzeczypospolitej Polskiej z dnia 1 czerwca 2026 r. nr 112.30.2026 o mianowaniu Dowódcy Operacyjnego Rodzajów Sił Zbrojnych,2026-06-01,2026-06-10,2026-06-11T13:16:42,c796d08a7fc2c007b40ae1fc15d9a410e50581c36895c14cbd6c7b04cb73df78,1,102,0,0,0,ok,,eli2md 0.6.3,2026-09-29T23:24:45Z
MP/2026/578,2026,578,Komunikat,Komunikat Ministra Finansów i Gospodarki z dnia 5 czerwca 2026 r. o wydanej decyzji w sprawie pozbawienia przedsiębiorcy statusu centrum badawczo-rozwojowego,2026-06-05,2026-06-10,2026-06-11T13:16:42,09c9735df52fa06dc0df6870a65050641c1769d2de22fcbe8d64cf7d66d9e414,1,92,0,0,0,ok,,eli2md 0.6.3,2026-09-29T23:24:45Z
MP/2026/579,2026,579,Postanowienie,Postanowienie Prezydenta Rzeczypospolitej Polskiej z dnia 23 kwietnia 2026 r. nr rej. 115/2026 o nadaniu odznaczeń,2026-04-23,2026-06-10,2026-06-11T13:16:42,cc6a1482184ee753d2156928925d957c896453d7f1d594b74fedbc9149b8df26,1,113,0,0,0,ok,,eli2md 0.6.3,2026-09-29T23:24:45Z
MP/2026/580,2026,580,Postanowienie,Postanowienie Prezydenta Rzeczypospolitej Polskiej z dnia 23 kwietnia 2026 r. nr rej. 116/2026 o nadaniu odznaczeń,2026-04-23,2026-06-10,2026-06-11T13:16:42,b2752b0a54761d884af1d60f01c597ba053c6d16d021e230554e685218fba66d,3,341,0,0,0,ok,,eli2md 0.6.3,2026-09-29T23:24:45Z
MP/2026/581,2026,581,Postanowienie,Postanowienie Prezydenta Rzeczypospolitej Polskiej z dnia 23 kwietnia 2026 r. nr rej. 130/2026 o nadaniu odznaczeń,2026-04-23,2026-06-10,2026-06-11T13:16:42,ffb77c8984c334897f5bd79ab12c3165b6fe07292415ad64cd4e038dc1f97e6d,1,131,0,0,0,ok,,eli2md 0.6.3,2026-09-29T23:24:45Z
MP/2026/582,2026,582,Postanowienie,Postanowienie Prezydenta Rzeczypospolitej Polskiej z dnia 23 kwietnia 2026 r. nr rej. 131/2026 o nadaniu odznaczeń,2026-04-23,2026-06-10,2026-06-11T13:16:42,9bc5bb819d3cb45da380c4b11bd5ab8a9acbb95cfd66b0fa4ea7ac3bf70fcc96,3,360,0,0,0,ok,,eli2md 0.6.3,2026-09-29T23:24:45Z
MP/2026/583,2026,583,Postanowienie,Postanowienie Prezydenta Rzeczypospolitej Polskiej z dnia 23 kwietnia 2026 r. nr rej. 160/2026 o nadaniu orderów i odznaczeń,2026-04-23,2026-06-10,2026-06-11T13:16:42,63f16f67a8f67cfcc6d2ac291e9377bb88cda63da3c04cb0c5a0eb1e887bae2b,1,193,0,0,0,ok,,eli2md 0.6.3,2026-09-29T23:24:45Z
MP/2026/584,2026,584,Postanowienie,Postanowienie Prezydenta Rzeczypospolitej Polskiej z dnia 23 kwietnia 2026 r. nr rej. 197/2026 o nadaniu odznaczeń,2026-04-23,2026-06-10,2026-06-11T13:16:42,6ff6dc8c14d6557ace66c1093a0e2ae346333dd7b4df6339bb2b7bb7b2c0bfcb,2,253,0,0,0,ok,,eli2md 0.6.3,2026-09-29T23:24:45Z
MP/2026/585,2026,585,Postanowienie,Postanowienie Prezydenta Rzeczypospolitej Polskiej z dnia 7 kwietnia 2026 r. nr rej. 212/2026 o nadaniu odznaczeń,2026-04-07,2026-06-10,2026-06-11T13:16:42,3fd8634fc58a394fb1295ac3d51677037de991ac9c7667a21b4eb4518cce3633,1,141,0,0,0,ok,,eli2md 0.6.3,2026-09-29T23:24:45Z
MP/2026/586,2026,586,Postanowienie,Postanowienie Prezydenta Rzeczypospolitej Polskiej z dnia 20 kwietnia 2026 r. nr rej. 213/2026 o nadaniu odznaczenia,2026-04-20,2026-06-10,2026-06-11T13:16:42,bf0575ca872fef8f9268a6a9490de433586b08800b82aed3d34df0a8613a68e0,1,75,0,0,0,ok,,eli2md 0.6.3,2026-09-29T23:24:45Z
MP/2026/587,2026,587,Postanowienie,Postanowienie Prezydenta Rzeczypospolitej Polskiej z dnia 24 kwietnia 2026 r. nr rej. 220/2026 o nadaniu odznaczeń,2026-04-24,2026-06-10,2026-06-11T13:16:42,171107e36024fd62f8ed33cc45f368508b9b16b695c2560890237e11de97d5d9,3,485,0,0,0,ok,,eli2md 0.6.3,2026-09-29T23:24:45Z
MP/2026/588,2026,588,Postanowienie,Postanowienie Prezydenta Rzeczypospolitej Polskiej z dnia 1 kwietnia 2026 r. nr rej. 221/2026 o nadaniu orderu,2026-04-01,2026-06-10,2026-06-11T13:16:42,7ccb60b8cb7a71ef0eed147b1b6b66bcbc8caa53bee5e1a26d979f9a3230b7fc,1,90,0,0,0,ok,,eli2md 0.6.3,2026-09-29T23:24:45Z
MP/2026/589,2026,589,Obwieszczenie,Obwieszczenie Ministra Energii z dnia 11 czerwca 2026 r. w sprawie maksymalnej ceny paliw ciekłych na stacji paliw,2026-06-11,2026-06-11,2026-06-12T10:36:49,cc7a223bfaa765de1d068d1b999460b0b450bd63ea372b0c05500c145d907cca,1,202,0,0,0,ok,,eli2md 0.6.3,2026-09-29T23:24:45Z
MP/2026/590,2026,590,Postanowienie,Postanowienie Prezydenta Rzeczypospolitej Polskiej z dnia 7 kwietnia 2026 r. nr rej. 225/2026 o nadaniu orderu,2026-04-07,2026-06-11,2026-06-12T10:36:49,e02de3089590ba6c2a960bf2724e2ad79cd91d51bcf4171ead0cdcadc89ef347,1,82,0,0,0,ok,,eli2md 0.6.3,2026-09-29T23:24:45Z
MP/2026/591,2026,591,Postanowienie,Postanowienie Prezydenta Rzeczypospolitej Polskiej z dnia 23 kwietnia 2026 r. nr rej. 226/2026 o nadaniu odznaczeń,2026-04-23,2026-06-11,2026-06-12T10:36:49,198c11367f6cd94322bfc2422adec1f849d59f4c1dba9a1800a8cf476094ee27,2,189,0,0,0,ok,,eli2md 0.6.3,2026-09-29T23:24:45Z
MP/2026/592,2026,592,Postanowienie,Postanowienie Prezydenta Rzeczypospolitej Polskiej z dnia 27 kwietnia 2026 r. nr rej. 228/2026 o nadaniu orderów i odznaczeń,2026-04-27,2026-06-11,2026-06-12T10:36:49,aaf70b851f8958b021ee5ce5e9e1e3d640d26856696e578e592b64a15948eda1,1,170,0,0,0,ok,,eli2md 0.6.3,2026-09-29T23:24:45Z
MP/2026/593,2026,593,Postanowienie,Postanowienie Prezydenta Rzeczypospolitej Polskiej z dnia 14 kwietnia 2026 r. nr rej. 229/2026 o nadaniu orderu,2026-04-14,2026-06-11,2026-06-12T10:36:50,fe82b45ae203226539c4b3135bdb40dfb33d0ff2a25030742b8e60d63afd5feb,1,75,0,0,0,ok,,eli2md 0.6.3,2026-09-29T23:24:45Z
MP/2026/594,2026,594,Postanowienie,Postanowienie Prezydenta Rzeczypospolitej Polskiej z dnia 13 kwietnia 2026 r. nr rej. 231/2026 o nadaniu orderu,2026-04-13,2026-06-11,2026-06-12T10:36:50,76a6cf50f4ae26aac6850dcbdf1aa5ca995eb1c67d269c78d20d374fae1b0699,1,77,0,0,0,ok,,eli2md 0.6.3,2026-09-29T23:24:45Z
MP/2026/595,2026,595,Postanowienie,Postanowienie Prezydenta Rzeczypospolitej Polskiej z dnia 14 kwietnia 2026 r. nr rej. 233/2026 o nadaniu odznaczeń,2026-04-14,2026-06-11,2026-06-12T10:36:50,93edd7d2deb41f4515ffc6cd37429f2699f15429fbd71c47fcd93a1879ff4ef7,1,74,0,0,0,ok,,eli2md 0.6.3,2026-09-29T23:24:45Z
MP/2026/596,2026,596,Postanowienie,Postanowienie Prezydenta Rzeczypospolitej Polskiej z dnia 23 kwietnia 2026 r. nr rej. 234/2026 o nadaniu orderów,2026-04-23,2026-06-11,2026-06-12T10:36:50,1fead6c6c6dbb5efdbf32c07bb98c186d5ed13ede4f98effb88acea6a1942715,1,111,0,0,0,ok,,eli2md 0.6.3,2026-09-29T23:24:45Z
MP/2026/597,2026,597,Postanowienie,Postanowienie Prezydenta Rzeczypospolitej Polskiej z dnia 16 kwietnia 2026 r. nr rej. 237/2026 o nadaniu odznaczenia,2026-04-16,2026-06-11,2026-06-12T10:36:50,b0407522313e9e405a5dceb3cb05e995c544ce276ef906f9b981745de03b1c96,1,82,0,0,0,ok,,eli2md 0.6.3,2026-09-29T23:24:45Z
MP/2026/598,2026,598,Postanowienie,Postanowienie Prezydenta Rzeczypospolitej Polskiej z dnia 20 kwietnia 2026 r. nr rej. 238/2026 o nadaniu orderu,2026-04-20,2026-06-11,2026-06-12T10:36:50,da27e5a5006b2089f67b79a03d0099c0e53f343ff04c5e05d1eec956cdc7b60a,1,77,0,0,0,ok,,eli2md 0.6.3,2026-09-29T23:24:45Z
MP/2026/599,2026,599,Postanowienie,Postanowienie Prezydenta Rzeczypospolitej Polskiej z dnia 30 kwietnia 2026 r. nr rej. 242/2026 o nadaniu orderu,2026-04-30,2026-06-11,2026-06-12T10:36:50,fa88f618f63e9f19864f5c54125876942af71c3ea639254c5957469b126bf5bb,1,72,0,0,0,ok,,eli2md 0.6.3,2026-09-29T23:24:45Z
MP/2026/600,2026,600,Zarządzenie,Zarządzenie nr 37 Prezesa Rady Ministrów z dnia 9 czerwca 2026 r. w sprawie Rady do spraw Polityki Senioralnej,2026-06-09,2026-06-11,2026-06-12T10:36:50,6eb43efda480480f6f19163dda3b61d20fe041243c79f097af784168447c0233,3,911,0,0,0,ok,,eli2md 0.6.3,2026-09-29T23:24:45Z
MP/2026/601,2026,601,Obwieszczenie,Obwieszczenie Ministra Energii z dnia 11 czerwca 2026 r. w sprawie maksymalnej ceny paliw ciekłych na stacji paliw,2026-06-11,2026-06-11,2026-06-15T11:09:43,e34f05606c1be0c1a9f049632016398ccb94ffbe7551778137a5f20ff99a3658,1,202,0,0,0,ok,,eli2md 0.6.3,2026-09-29T23:24:45Z
MP/2026/602,2026,602,Obwieszczenie,"Obwieszczenie Ministra Rolnictwa i Rozwoju Wsi z dnia 25 maja 2026 r. w sprawie włączenia kwalifikacji sektorowej ""Chów i utrzymywanie zwierząt nieudomowionych"" do Zintegrowanego Systemu Kwalifikacji",2026-05-25,2026-06-12,2026-06-15T11:09:43,07e4c9c5ede9d7a13a9822c75372c6d8555181403644b81a421432af3d01acec,11,3198,0,0,0,ok,,eli2md 0.6.3,2026-09-29T23:24:45Z
MP/2026/603,2026,603,Uchwała,Uchwała Sejmu Rzeczypospolitej Polskiej z dnia 11 czerwca 2026 r. w sprawie wyboru sędziego Trybunału Konstytucyjnego,2026-06-11,2026-06-12,2026-06-15T11:09:43,e52aab257b346e7977adb1b59e8c2db8c7f1ab56247994009a973f9590d276d8,1,80,0,0,0,ok,,eli2md 0.6.3,2026-09-29T23:24:45Z
MP/2026/604,2026,604,Obwieszczenie,Obwieszczenie Ministra Energii z dnia 15 czerwca 2026 r. w sprawie maksymalnej ceny paliw ciekłych na stacji paliw,2026-06-15,2026-06-15,2026-06-16T11:30:53,015fce94ea2e172332e5791eadf9759ebcbc8234b8ff3e01204334421760814a,1,202,0,0,0,ok,,eli2md 0.6.3,2026-09-29T23:24:45Z
MP/2026/605,2026,605,Obwieszczenie,"Obwieszczenie Ministra Finansów i Gospodarki z dnia 5 czerwca 2026 r. w sprawie wykazu jurysdykcji innych niż Rzeczpospolita Polska, które wdrożyły kwalifikowaną zasadę włączenia dochodu do opodatkowania lub kwalifikowany krajowy podatek wyrównawczy lub spełniają wymagania bezpiecznych przystani dla kwalifikowanego krajowego podatku wyrównawczego",2026-06-05,2026-06-15,2026-06-16T11:30:53,1a58c3479bab9d70a036f46465ae9daa523bad8f6f3c1aa0a6af9f14d0870407,6,1246,0,0,0,ok,,eli2md 0.6.3,2026-09-29T23:24:45Z
MP/2026/606,2026,606,Postanowienie,Postanowienie Prezydenta Rzeczypospolitej Polskiej z dnia 22 kwietnia 2026 r. nr rej. 251/2026 o nadaniu orderu,2026-04-22,2026-06-16,2026-06-16T11:30:53,2ab5e2922855e431ce82520f40675983463e9bf90ba9c6ffed31f37bd793a428,1,85,0,0,0,ok,,eli2md 0.6.3,2026-09-29T23:24:45Z
MP/2026/607,2026,607,Postanowienie,Postanowienie Prezydenta Rzeczypospolitej Polskiej z dnia 23 kwietnia 2026 r. nr rej. 252/2026 o nadaniu orderu,2026-04-23,2026-06-16,2026-06-16T11:30:53,9c626ebebc4f8ee19cde47047e491c055d9382196277535fc28de5a8f31dca57,1,92,0,0,0,ok,,eli2md 0.6.3,2026-09-29T23:24:45Z
MP/2026/608,2026,608,Postanowienie,Postanowienie Prezydenta Rzeczypospolitej Polskiej z dnia 23 kwietnia 2026 r. nr rej. 253/2026 o nadaniu orderu,2026-04-23,2026-06-16,2026-06-16T11:30:53,7d66062c4afddb990234090b252e2ab01c875931ccef0fc15df108c157600485,1,88,0,0,0,ok,,eli2md 0.6.3,2026-09-29T23:24:45Z
MP/2026/609,2026,609,Postanowienie,Postanowienie Prezydenta Rzeczypospolitej Polskiej z dnia 27 kwietnia 2026 r. nr rej. 256/2026 o nadaniu odznaczeń,2026-04-27,2026-06-16,2026-06-16T11:30:53,1d176086e55c8ff0c90516a1d0c3e83cac07bec1d47dfc861e6b16146d60670e,1,94,0,0,0,ok,,eli2md 0.6.3,2026-09-29T23:24:45Z
MP/2026/610,2026,610,Postanowienie,Postanowienie Prezydenta Rzeczypospolitej Polskiej z dnia 27 kwietnia 2026 r. nr rej. 257/2026 o nadaniu orderu i odznaczeń,2026-04-27,2026-06-16,2026-06-16T11:30:53,b21d0a1e1e0e9d8531512a6641f408fbd4d00d024d2fed7ef5bc0cea82cea2c7,1,113,0,0,0,ok,,eli2md 0.6.3,2026-09-29T23:24:45Z
MP/2026/611,2026,611,Uchwała,Uchwała Senatu Rzeczypospolitej Polskiej z dnia 10 czerwca 2026 r. w 35. rocznicę podpisania Traktatu między Rzecząpospolitą Polską a Republiką Federalną Niemiec o dobrym sąsiedztwie i przyjaznej współpracy,2026-06-10,2026-06-15,2026-06-16T11:30:53,ddb3bc853f9f7998f39e563d0b5ac75e26f7b2fbaa3a0801bff0b67b89fc2879,1,467,0,0,0,ok,,eli2md 0.6.3,2026-09-29T23:24:45Z
MP/2026/612,2026,612,Obwieszczenie,"Obwieszczenie Ministra Rolnictwa i Rozwoju Wsi z dnia 28 maja 2026 r. w sprawie włączenia kwalifikacji sektorowej ""Zapewnienie dobrostanu zwierzętom gospodarskim - poziom zaawansowany"" do Zintegrowanego Systemu Kwalifikacji",2026-05-28,2026-06-15,2026-06-16T11:30:53,7cff925bccff046d2660990ee5a5b9dc6e6cf39644a9c3c6ce59d72a603472a5,6,1897,0,0,0,ok,,eli2md 0.6.3,2026-09-29T23:24:45Z
MP/2026/613,2026,613,Uchwała,Uchwała Sejmu Rzeczypospolitej Polskiej z dnia 11 czerwca 2026 r. w sprawie wyrażenia przez Sejm Rzeczypospolitej Polskiej zgody na pociągnięcie do odpowiedzialności karnej posła Sławomira Mentzena,2026-06-11,2026-06-15,2026-06-16T11:30:53,e1c32c4a235af6c80c12cbcddc19a4eb3c9e0fe99b0f3711d795641bfd9fa496,1,98,0,0,0,ok,,eli2md 0.6.3,2026-09-29T23:24:45Z
MP/2026/614,2026,614,Obwieszczenie,Obwieszczenie Ministra Energii z dnia 16 czerwca 2026 r. w sprawie maksymalnej ceny paliw ciekłych na stacji paliw,2026-06-16,2026-06-16,2026-06-17T11:01:33,ed9723acbd369e80d80f52cdbbbe501f9bebada762d364bb6c128c66d298ebb8,1,202,0,0,0,ok,,eli2md 0.6.3,2026-09-29T23:24:45Z
MP/2026/615,2026,615,Zarządzenie,"Zarządzenie nr 11/2026 Prezesa Narodowego Banku Polskiego z dnia 11 czerwca 2026 r. w sprawie ustalenia wzoru, próby, masy i wielkości emisji monety o wartości nominalnej 20 zł, z serii ""Historia monety polskiej"" - 1 złoty II Rzeczypospolitej",2206-06-11,2026-06-16,2026-06-17T11:01:33,65f576a2b8dd1a44e2a1ce42c750c1d853a8b26252f56857b52d241a74657cb0,2,209,0,0,0,ok,,eli2md 0.6.3,2026-09-29T23:24:45Z
MP/2026/616,2026,616,Uchwała,Uchwała Sejmu Rzeczypospolitej Polskiej z dnia 11 czerwca 2026 r. w sprawie udziału Rzeczypospolitej Polskiej w pracach Unii Europejskiej w okresie lipiec-grudzień 2025 r. (przewodnictwo Danii w Radzie Unii Europejskiej),2026-06-11,2026-06-16,2026-06-17T11:01:34,58260b49d5d3be9ab88fb38ba76c48b704d9f022b51d3356e2cf9ad67ff9beb7,1,98,0,0,0,ok,,eli2md 0.6.3,2026-09-29T23:24:45Z
MP/2026/617,2026,617,Uchwała,Uchwała nr 142 Rady Ministrów z dnia 16 czerwca 2026 r. w sprawie podjęcia działań w celu utworzenia stałej bazy Sił Zbrojnych Stanów Zjednoczonych Ameryki na terytorium Rzeczypospolitej Polskiej,2026-06-16,2026-06-16,2026-06-17T11:01:34,a35c84a7798dea7dd041b2e85353867a9af6d3c24ecc12430a9d50139b2d0620,1,155,0,0,0,ok,,eli2md 0.6.3,2026-09-29T23:24:45Z
MP/2026/618,2026,618,Obwieszczenie,Obwieszczenie Ministra Energii z dnia 17 czerwca 2026 r. w sprawie maksymalnej ceny paliw ciekłych na stacji paliw,2026-06-17,2026-06-17,2026-06-18T09:45:38,94d21537e20ef0a05376f2d3f146152d8d9720a41636465f9bed71d84052055d,1,202,0,0,0,ok,,eli2md 0.6.3,2026-09-29T23:24:45Z
MP/2026/619,2026,619,Obwieszczenie,Obwieszczenie Ministra Energii z dnia 18 czerwca 2026 r. w sprawie maksymalnej ceny paliw ciekłych na stacji paliw,2026-06-18,2026-06-18,2026-06-19T10:52:27,282163b1c0752531624405d3a63a69bc0d1f06a796d553d68645e38c62b98a52,1,202,0,0,0,ok,,eli2md 0.6.3,2026-09-29T23:24:45Z
MP/2026/620,2026,620,Uchwała,Uchwała nr 130 Rady Ministrów z dnia 9 czerwca 2026 r. w sprawie przyjęcia strategii dotyczącej informatyzacji państwa,2026-06-09,2026-06-18,2026-06-19T10:52:27,9ea8a2055f0efaa9dba77c97f731afe9ffaacbad378dc116198e664745298d04,221,48151,0,1,0,ok,,eli2md 0.6.3,2026-09-29T23:24:45Z
MP/2026/621,2026,621,Postanowienie,Postanowienie Prezydenta Rzeczypospolitej Polskiej z dnia 27 kwietnia 2026 r. nr rej. 262/2026 o nadaniu orderu,2026-04-27,2026-06-18,2026-06-19T10:52:27,2c39e3d280df50b1e0180885d6353a9810c5f478a310da2a97fa38cd74d51679,1,72,0,0,0,ok,,eli2md 0.6.3,2026-09-29T23:24:45Z
MP/2026/622,2026,622,Postanowienie,Postanowienie Prezydenta Rzeczypospolitej Polskiej z dnia 30 kwietnia 2026 r. nr rej. 268/2026 o nadaniu orderów i odznaczeń,2026-04-30,2026-06-18,2026-06-19T10:52:27,ea5e0c1c789e131c98be8ff0a1216e4b83780afe309d04bcff7be5135b1c3542,2,259,0,0,0,ok,,eli2md 0.6.3,2026-09-29T23:24:45Z
MP/2026/623,2026,623,Postanowienie,Postanowienie Prezydenta Rzeczypospolitej Polskiej z dnia 30 kwietnia 2026 r. nr rej. 274/2026 o nadaniu orderów,2026-04-30,2026-06-18,2026-06-19T10:52:27,e04e21da60ce39f3397a60620b1dedc363f2a78059ed243a89247ad81cbec603,1,126,0,0,0,ok,,eli2md 0.6.3,2026-09-29T23:24:45Z
MP/2026/624,2026,624,Postanowienie,Postanowienie Prezydenta Rzeczypospolitej Polskiej z dnia 30 kwietnia 2026 r. nr rej. 277/2026 o nadaniu odznaczenia,2026-04-30,2026-06-18,2026-06-19T10:52:27,9bd9157f96e88872c40ecc72556593276fd7d2037dde30a7097f38ef9b4151b2,1,85,0,0,0,ok,,eli2md 0.6.3,2026-09-29T23:24:45Z
MP/2026/625,2026,625,Obwieszczenie,"Obwieszczenie Ministra Rodziny, Pracy i Polityki Społecznej z dnia 15 czerwca 2026 r. w sprawie wskaźnika waloryzacji składek na ubezpieczenie emerytalne za I kwartał 2026 r.",2026-06-15,2026-06-18,2026-06-19T10:52:27,b1b981d9992af032537647f0ca0fa4be73d1838fb3d45b17a0e84a302d347d26,1,87,0,0,0,ok,,eli2md 0.6.3,2026-09-29T23:24:45Z
MP/2026/626,2026,626,Obwieszczenie,Obwieszczenie Ministra Sprawiedliwości z dnia 16 czerwca 2026 r. o wolnych stanowiskach sędziowskich,2026-06-16,2026-06-18,2026-06-19T10:52:27,7f6dd479fdbb638b11fa49d87b9e8c23f0f927aeb3da13313473412d4997d8e9,2,307,0,0,0,ok,,eli2md 0.6.3,2026-09-29T23:24:45Z
MP/2026/627,2026,627,Obwieszczenie,Obwieszczenie Ministra Energii z dnia 19 czerwca 2026 r. w sprawie maksymalnej ceny paliw ciekłych na stacji paliw,2026-06-19,2026-06-19,2026-06-22T10:46:28,6f169d4d0352a48a80d7667a68784bca11faee09a9faecd60a580fa9fd030c65,1,202,0,0,0,ok,,eli2md 0.6.3,2026-09-29T23:24:45Z
MP/2026/628,2026,628,Obwieszczenie,Obwieszczenie Ministra Sprawiedliwości z dnia 18 czerwca 2026 r. o wolnych stanowiskach sędziowskich,2026-06-18,2026-06-19,2026-06-22T10:46:28,d934d66bfba3bbf12e795afccb25f5dc71eb5cc8bf2e573d99673747e028c33a,2,308,0,0,0,ok,,eli2md 0.6.3,2026-09-29T23:24:45Z
MP/2026/629,2026,629,Obwieszczenie,Obwieszczenie Ministra Energii z dnia 22 czerwca 2026 r. w sprawie maksymalnej ceny paliw ciekłych na stacji paliw,2026-06-22,2026-06-22,2026-06-23T10:32:04,347cd27d05ad58c7bf59a66597eaeb7647e674c63c2e8c24c9a088549cda6d90,1,202,0,0,0,ok,,eli2md 0.6.3,2026-09-29T23:24:45Z
MP/2026/630,2026,630,Komunikat,"Komunikat Ministra Rolnictwa i Rozwoju Wsi z dnia 19 czerwca 2026 r. w sprawie zmienionych wytycznych szczegółowych w zakresie przyznawania, wypłaty i zwrotu pomocy finansowej w ramach Planu Strategicznego dla Wspólnej Polityki Rolnej na lata 2023-2027 dla interwencji 14.4 Wsparcie gospodarstw demonstracyjnych - moduł 1 Transfer wiedzy w oparciu o demonstracje",2026-06-19,2026-06-22,2026-06-23T10:32:04,527196f920dbd293f30fb59c7e42ba9335ce22e938b14ab8c5b5acf565d9ff58,1,196,0,0,0,ok,,eli2md 0.6.3,2026-09-29T23:24:45Z
MP/2026/631,2026,631,Obwieszczenie,Obwieszczenie Ministra Energii z dnia 23 czerwca 2026 r. w sprawie maksymalnej ceny paliw ciekłych na stacji paliw,2026-06-23,2026-06-23,2026-06-24T10:36:58,07a988e040fd0ff096c08dc62bd0f8ce5f3eb5b06e0834a340b7301f7e925039,1,202,0,0,0,ok,,eli2md 0.6.3,2026-09-29T23:24:45Z
MP/2026/632,2026,632,Uchwała,Uchwała Sejmu Rzeczypospolitej Polskiej z dnia 19 czerwca 2026 r. w sprawie wyrażenia przez Sejm Rzeczypospolitej Polskiej zgody na pociągnięcie do odpowiedzialności karnej posła Zbigniewa Ziobry,2026-06-19,2026-06-23,2026-06-24T10:36:59,1b861fd135f56b453d85848c059b84c6b8cd10c85fc23e84404b6a2a57f7f6c0,1,98,0,0,0,ok,,eli2md 0.6.3,2026-09-29T23:24:45Z
MP/2026/633,2026,633,Obwieszczenie,Obwieszczenie Ministra Energii z dnia 24 czerwca 2026 r. w sprawie maksymalnej ceny paliw ciekłych na stacji paliw,2026-06-24,2026-06-24,2026-06-25T11:49:30,655f744a6719ca3c5f14e0e19c04c88d162363389a3c10cec5c2e1960036cf85,1,202,0,0,0,ok,,eli2md 0.6.3,2026-09-29T23:24:45Z
MP/2026/634,2026,634,Komunikat,Komunikat Ministra Rolnictwa i Rozwoju Wsi z dnia 22 czerwca 2026 r. w sprawie wytycznych szczegółowych w zakresie wsparcia w formie instrumentów finansowych w ramach Planu Strategicznego dla Wspólnej Polityki Rolnej na lata 2023-2027,2026-06-22,2026-06-24,2026-06-25T11:49:31,5b8259454b3c8c93c0a8b38ab083dec8f262466b54e7d6f8ccdfb686f1917891,1,162,0,0,0,ok,,eli2md 0.6.3,2026-09-29T23:24:45Z
MP/2026/635,2026,635,Komunikat,"Komunikat Ministra Rolnictwa i Rozwoju Wsi z dnia 19 czerwca 2026 r. w sprawie zmienionych wytycznych szczegółowych w zakresie przyznawania, wypłaty i zwrotu pomocy finansowej w ramach Planu Strategicznego dla Wspólnej Polityki Rolnej na lata 2023-2027 dla interwencji I.14.3 Doskonalenie zawodowe kadr doradczych - moduł 3 Studia podyplomowe dla doradców rolniczych",2026-06-19,2026-06-24,2026-06-25T11:49:31,a05bdd166dca807f705016b4c1c6d2015f0678a47999ababdcd6546564db9ae0,1,196,0,0,0,ok,,eli2md 0.6.3,2026-09-29T23:24:45Z
MP/2026/636,2026,636,Postanowienie,"Postanowienie Prezydenta Rzeczypospolitej Polskiej z dnia 19 czerwca 2026 r. o użyciu Polskiego Kontyngentu Wojskowego w składzie Grupy Zadaniowej Organizacji Traktatu Północnoatlantyckiego na Morzu Bałtyckim, Morzu Norweskim, Morzu Północnym i Oceanie Atlantyckim",2026-06-19,2026-06-24,2026-06-25T11:49:31,d61f941d097829f584596d7dee007c8756eaef0ef1cfa1ccdae3c88c67674ffc,1,264,0,0,0,ok,,eli2md 0.6.3,2026-09-29T23:24:45Z
MP/2026/637,2026,637,Postanowienie,Postanowienie Prezydenta Rzeczypospolitej Polskiej z dnia 19 czerwca 2026 r. o przedłużeniu okresu użycia Polskiego Kontyngentu Wojskowego w składzie Wielonarodowej Brygady Południe - Wschód w Rumunii oraz Republice Bułgarii,2026-06-19,2026-06-24,2026-06-25T11:49:31,4ac777172a7847e98e0879e89c491e2b5e3aa7a63508bcae408bc582f5e7dcd9,1,264,0,0,0,ok,,eli2md 0.6.3,2026-09-29T23:24:45Z
MP/2026/638,2026,638,Postanowienie,"Postanowienie Prezydenta Rzeczypospolitej Polskiej z dnia 19 czerwca 2026 r. o przedłużeniu okresu użycia Polskiego Kontyngentu Wojskowego w ramach Dostosowanych Środków Wzmocnienia Organizacji Traktatu Północnoatlantyckiego dla Turcji, na terytorium Turcji, wschodnim akwenie Morza Śródziemnego oraz Morzu Czarnym",2026-06-19,2026-06-24,2026-06-25T11:49:31,aded2963fc9dbfe8db358cfe40508a85d25ee15ebb0e57f0ad874cbeba3ce15d,1,239,0,0,0,ok,,eli2md 0.6.3,2026-09-29T23:24:45Z
MP/2026/639,2026,639,Postanowienie,Postanowienie Prezydenta Rzeczypospolitej Polskiej z dnia 19 czerwca 2026 r. o przedłużeniu okresu użycia Polskiego Kontyngentu Wojskowego w Siłach Międzynarodowych w Republice Kosowa i Republice Macedonii Północnej oraz w Bośni i Hercegowinie,2026-06-19,2026-06-24,2026-06-25T11:49:31,d6f926e44fa6f341097fa0eb1f852e765ef73f67a7df5e161958a73912ca2203,1,266,0,0,0,ok,,eli2md 0.6.3,2026-09-29T23:24:45Z
MP/2026/640,2026,640,Obwieszczenie,Obwieszczenie Ministra Energii z dnia 25 czerwca 2026 r. w sprawie maksymalnej ceny paliw ciekłych na stacji paliw,2026-06-25,2026-06-25,2026-06-26T11:12:59,89479e645d803f089bd9b4fe9ab77aab121171083c25861c38fe2a0e781d3ccb,1,203,0,0,0,ok,,eli2md 0.6.3,2026-09-29T23:24:45Z
MP/2026/641,2026,641,Obwieszczenie,Obwieszczenie Ministra Energii z dnia 26 czerwca 2026 r. w sprawie maksymalnej ceny paliw ciekłych na stacji paliw,2026-06-26,2026-06-26,2026-06-29T10:09:08,d24b9fa750e36193dc8bf6a7472821cede4428ba3f31a37429d244b768832a9f,1,203,0,0,0,ok,,eli2md 0.6.3,2026-09-29T23:24:45Z
MP/2026/642,2026,642,Obwieszczenie,Obwieszczenie Ministra Finansów i Gospodarki z dnia 22 czerwca 2026 r. w sprawie wysokości odsetek ustawowych za opóźnienie w transakcjach handlowych,2026-06-22,2026-06-26,2026-06-29T10:09:08,e2fd572a3bf9bf047f8b998863058a558d2bc69096f12b6b6ceaa88509f94b35,1,118,0,0,0,ok,,eli2md 0.6.3,2026-09-29T23:24:45Z
MP/2026/643,2026,643,Obwieszczenie,"Obwieszczenie Ministra Rodziny, Pracy i Polityki Społecznej z dnia 15 czerwca 2026 r. w sprawie wykazu jednostek, którym w 2025 r. przyznano dotacje celowe, oraz kwot tych dotacji",2026-06-15,2026-06-26,2026-06-29T10:09:08,c4a059a74d68621495ba043cb793d7cc9c2e02c8fb1b388cfbdc013329d0eac2,7,1318,0,0,0,ok,,eli2md 0.6.3,2026-09-29T23:24:45Z
MP/2026/644,2026,644,Obwieszczenie,Obwieszczenie Ministra Energii z dnia 29 czerwca 2026 r. w sprawie maksymalnej ceny paliw ciekłych na stacji paliw,2026-06-29,2026-06-29,2026-06-30T11:02:28,746152a87955144e1b4c61ee49dd71619d89f9b242cb5875493cc640b385ea39,1,203,0,0,0,ok,,eli2md 0.6.3,2026-09-29T23:24:45Z
MP/2026/645,2026,645,Obwieszczenie,"Obwieszczenie Ministra Finansów i Gospodarki z dnia 12 czerwca 2026 r. w sprawie włączenia kwalifikacji sektorowej ""Współczesna koloryzacja i techniki rozjaśniania włosów"" do Zintegrowanego Systemu Kwalifikacji",2026-06-12,2026-06-29,2026-06-30T11:02:28,32ce82c185760839aa7bfb0801ebfb079369c86ea349bfafdfa012d860da3aea,5,1428,0,0,0,ok,,eli2md 0.6.3,2026-09-29T23:24:45Z
MP/2026/646,2026,646,Uchwała,Uchwała Senatu Rzeczypospolitej Polskiej z dnia 24 czerwca 2026 r. w 100. rocznicę urodzin Tadeusza Konwickiego,2026-06-24,2026-06-29,2026-06-30T11:02:28,9aed6a31313c7548e2f30905c3a33ce94128797cfa3378098616ef90a86fafe6,1,194,0,0,0,ok,,eli2md 0.6.3,2026-09-29T23:24:45Z
MP/2026/647,2026,647,Obwieszczenie,"Obwieszczenie Ministra Finansów i Gospodarki z dnia 12 czerwca 2026 r. w sprawie włączenia kwalifikacji sektorowej ""Zarządzanie salonem beauty"" do Zintegrowanego Systemu Kwalifikacji",2026-06-12,2026-06-29,2026-06-30T11:02:28,dbe58619e58ddb478176c1493ef3163cb3b9008474d71d4e9b474b4496451008,5,1203,0,0,0,ok,,eli2md 0.6.3,2026-09-29T23:24:45Z
MP/2026/648,2026,648,Uchwała,"Uchwała Sejmu Rzeczypospolitej Polskiej z dnia 19 czerwca 2026 r. w sprawie upamiętnienia bohaterów Czerwca ?76 w Radomiu, Płocku i Ursusie",2026-06-19,2026-06-30,2026-07-01T10:39:54,b512f4579949d4266adcc9e7972b2eecf7038bb804e320486bb7c631ec380efa,1,394,0,0,0,ok,,eli2md 0.6.3,2026-09-29T23:24:45Z
MP/2026/649,2026,649,Uchwała,Uchwała Sejmu Rzeczypospolitej Polskiej z dnia 19 czerwca 2026 r. w sprawie uczczenia 80-lecia działalności Ludowych Zespołów Sportowych,2026-06-19,2026-06-30,2026-07-01T10:39:54,07c378fcb5c9de892d440d49384ec7c5f8be3790196fcf85dc373c85e59e631a,1,393,0,0,0,ok,,eli2md 0.6.3,2026-09-29T23:24:45Z
MP/2026/650,2026,650,Uchwała,Uchwała Sejmu Rzeczypospolitej Polskiej z dnia 19 czerwca 2026 r. w sprawie uczczenia 35. rocznicy podpisania Traktatu między Rzecząpospolitą Polską a Republiką Federalną Niemiec o dobrym sąsiedztwie i przyjaznej współpracy,2026-06-19,2026-06-30,2026-07-01T10:39:54,62de4f7294336c16f9d12a2f7da4c0d8eda91c5cf2ac45703b43b965c95fe1d9,1,472,0,0,0,ok,,eli2md 0.6.3,2026-09-29T23:24:45Z
MP/2026/651,2026,651,Uchwała,Uchwała Sejmu Rzeczypospolitej Polskiej z dnia 19 czerwca 2026 r. w sprawie upamiętnienia bohaterów poznańskiego Czerwca w 70. rocznicę wybuchu strajku,2026-06-19,2026-06-30,2026-07-01T10:39:54,9b7e886ad4683a8a5454b824640ecd81f671acecfe6b2f5107cfa4c6563c17de,1,293,0,0,0,ok,,eli2md 0.6.3,2026-09-29T23:24:45Z
MP/2026/652,2026,652,Uchwała,Uchwała nr 147 Rady Ministrów z dnia 30 czerwca 2026 r. w sprawie niewpłacenia do budżetu państwa nadwyżki środków finansowych Rządowej Agencji Rezerw Strategicznych,2026-06-30,2026-06-30,2026-07-01T10:39:54,d862a1b66230f5653749bf0301d6651584badfffb1ab2b329bbb9039b936d437,1,132,0,0,0,ok,,eli2md 0.6.3,2026-09-29T23:24:45Z
MP/2026/653,2026,653,Zarządzenie,Zarządzenie Prezydenta Rzeczypospolitej Polskiej z dnia 29 czerwca 2026 r. zmieniające zarządzenie w sprawie nadania statutu Kancelarii Prezydenta Rzeczypospolitej Polskiej,2026-06-29,2026-06-30,2026-07-01T10:39:54,d61fe43f20af79a28377213ae96673a9d3d9cdba6a00bf8cdd909656cdebb5b0,1,210,0,0,0,ok,,eli2md 0.6.3,2026-09-29T23:24:45Z
MP/2026/654,2026,654,Postanowienie,Postanowienie Prezydenta Rzeczypospolitej Polskiej z dnia 30 czerwca 2026 r. o przedłużeniu okresu użycia Polskiego Kontyngentu Wojskowego w składzie sił wzmocnionej Wysuniętej Obecności Organizacji Traktatu Północnoatlantyckiego w Republice Łotewskiej oraz Republice Estońskiej i Republice Litewskiej,2026-06-30,2026-06-30,2026-07-01T10:39:54,813c50e5ce6a7ee3320834ee6be98d17bb4bbf916912f56a0ee7dd0f42f4735f,1,280,0,0,0,ok,,eli2md 0.6.3,2026-09-29T23:24:45Z
MP/2026/655,2026,655,Postanowienie,"Postanowienie Prezydenta Rzeczypospolitej Polskiej z dnia 30 czerwca 2026 r. o przedłużeniu okresu użycia Polskiego Kontyngentu Wojskowego w Republice Iraku, Jordańskim Królestwie Haszymidzkim, Państwie Katar oraz Państwie Kuwejt",2026-06-30,2026-06-30,2026-07-01T10:39:54,dfaaaad7d06330a8ee5e20fe6ee52056dcae3b800a5440df1f6dd1ab1e6978b8,1,258,0,0,0,ok,,eli2md 0.6.3,2026-09-29T23:24:45Z
MP/2026/656,2026,656,Komunikat,Komunikat Ministra Rolnictwa i Rozwoju Wsi z dnia 29 czerwca 2026 r. w sprawie zmienionych wytycznych szczegółowych w zakresie przyznawania i wypłaty pomocy finansowej w ramach Planu Strategicznego dla Wspólnej Polityki Rolnej na lata 2023-2027 dla interwencji I.10.2 Inwestycje w gospodarstwach rolnych w zakresie OZE i poprawy efektywności energetycznej,2026-06-29,2026-07-01,2026-07-02T10:22:34,ed9bcc007de2bd669c44815c17a1ddba92eccbb377cd4613f84e05c5699e983d,1,193,0,0,0,ok,,eli2md 0.6.3,2026-09-29T23:24:45Z
MP/2026/657,2026,657,Zarządzenie,Zarządzenie nr 38 Prezesa Rady Ministrów z dnia 29 czerwca 2026 r. w sprawie zniesienia Komitetu Rady Ministrów do spraw Cyfryzacji,2026-06-29,2026-07-01,2026-07-02T10:22:34,0f5d96aff4c36593eedd58dc56c2f5c82d86ec4087066b0cf757fb1af0b1ca3e,1,116,0,0,0,ok,,eli2md 0.6.3,2026-09-29T23:24:45Z
MP/2026/658,2026,658,Obwieszczenie,"Obwieszczenie Ministra Rolnictwa i Rozwoju Wsi z dnia 23 czerwca 2026 r. w sprawie włączenia kwalifikacji sektorowej ""Wykonywanie prac pomocniczych w piekarstwie"" do Zintegrowanego Systemu Kwalifikacji",2026-06-23,2026-07-01,2026-07-02T10:22:34,d79b2761fb65b9ecc0d951f76d84838e70e74cbd8e4a4593227a76b2c340f2f4,7,1732,0,0,0,ok,,eli2md 0.6.3,2026-09-29T23:24:45Z
MP/2026/659,2026,659,Obwieszczenie,Obwieszczenie Ministra Edukacji z dnia 29 czerwca 2026 r. w sprawie ogólnopolskiej sieci branżowych centrów umiejętności na lata 2023-2028,2026-06-29,2026-07-01,2026-07-02T10:22:34,bb192717ed193e820fea2e74b969a6aff2758fcffa7673c170004c1cd6697fbe,20,4758,0,0,0,ok,,eli2md 0.6.3,2026-09-29T23:24:45Z
MP/2026/660,2026,660,Komunikat,"Komunikat Ministra Rolnictwa i Rozwoju Wsi z dnia 30 czerwca 2026 r. w sprawie zmienionych wytycznych szczegółowych w zakresie przyznawania, wypłaty i zwrotu pomocy finansowej w ramach Planu Strategicznego dla Wspólnej Polityki Rolnej na lata 2023-2027 dla interwencji I.10.3 Inwestycje zapobiegające rozprzestrzenianiu się ASF",2026-06-30,2026-07-03,2026-07-06T12:13:58,ecbb843a34b761db9e79fbf3b7d735a8d0c43bf52d20e424fe2af828d858f3b4,1,183,0,0,0,ok,,eli2md 0.6.3,2026-09-29T23:24:45Z
MP/2026/661,2026,661,Komunikat,Komunikat Ministra Finansów i Gospodarki z dnia 30 czerwca 2026 r. o wydanej decyzji w sprawie pozbawienia przedsiębiorcy statusu centrum badawczo-rozwojowego,2026-06-30,2026-07-03,2026-07-06T12:13:58,4dcb3885b624d4b36aa77ec0b4bf9a53201ea5efcf5424e8ff682d46d89cbf4c,1,88,0,0,0,ok,,eli2md 0.6.3,2026-09-29T23:24:45Z
MP/2026/662,2026,662,Komunikat,"Komunikat Ministra Rolnictwa i Rozwoju Wsi z dnia 1 lipca 2026 r. w sprawie zmienionych wytycznych szczegółowych w zakresie przyznawania, wypłaty i zwrotu pomocy finansowej w ramach Planu Strategicznego dla Wspólnej Polityki Rolnej na lata 2023-2027 dla interwencji I.10.15 Inwestycje poprawiające dobrostan bydła i świń",2026-07-01,2026-07-03,2026-07-06T12:13:58,890805ac9fa1c5db24592e8d3b7e1034fd6447b4643ba141c0bbc41242a2598f,1,184,0,0,0,ok,,eli2md 0.6.3,2026-09-29T23:24:45Z
MP/2026/663,2026,663,Obwieszczenie,"Obwieszczenie Prezesa Głównego Urzędu Statystycznego z dnia 2 lipca 2026 r. w sprawie wskaźników zmian cen dla lokali mieszkalnych w pierwszym kwartale 2026 r., z podziałem na województwa",2026-07-02,2026-07-06,2026-07-07T09:22:49,5b705f4abf9a841670ded8b62d9ba94af997e8a544d1e9b3c07548252e9a82a4,2,156,0,0,0,ok,,eli2md 0.6.3,2026-09-29T23:24:45Z
MP/2026/664,2026,664,Obwieszczenie,"Obwieszczenie Ministra Finansów i Gospodarki z dnia 12 czerwca 2026 r. w sprawie włączenia kwalifikacji sektorowej ""Modelowanie i stylizacja włosów"" do Zintegrowanego Systemu Kwalifikacji",2026-06-12,2026-07-06,2026-07-07T09:22:49,3afe18d7fbe62f353cc31c05eb41809950ff4f0ecf76103c84889aea47407d6d,4,998,0,0,0,ok,,eli2md 0.6.3,2026-09-29T23:24:45Z
MP/2026/665,2026,665,Uchwała,Uchwała Sejmu Rzeczypospolitej Polskiej z dnia 3 lipca 2026 r. w sprawie zmiany Regulaminu Sejmu Rzeczypospolitej Polskiej,2026-07-03,2026-07-07,2026-07-08T10:50:59,d99ccebe7dfa09c0a06f70b99cea7576d981ac42bf859348d366d8392fadeab9,1,68,0,0,0,ok,,eli2md 0.6.3,2026-09-29T23:24:45Z
MP/2026/666,2026,666,Obwieszczenie,"Obwieszczenie Ministra Finansów i Gospodarki z dnia 24 czerwca 2026 r. w sprawie włączenia kwalifikacji wolnorynkowej ""Wykonywanie fotografii i realizacja filmów przy pomocy bezzałogowych statków powietrznych"" do Zintegrowanego Systemu Kwalifikacji",2026-06-24,2026-07-07,2026-07-08T10:50:59,6ccbab231a4eec90e68926be986e3bf3721da3b936e8c59854ed4fee75c09f43,5,1239,0,0,0,ok,,eli2md 0.6.3,2026-09-29T23:24:45Z
MP/2026/667,2026,667,Komunikat,Komunikat Ministra Finansów i Gospodarki z dnia 26 czerwca 2026 r. o wydanej decyzji w sprawie pozbawienia przedsiębiorcy statusu centrum badawczo-rozwojowego,2026-06-26,2026-07-08,2026-07-09T11:23:23,994cfa2ff7963506e1bb3c1f6197fa1d731427e2c67ea958cdcef329ae60bcf5,1,88,0,0,0,ok,,eli2md 0.6.3,2026-09-29T23:24:45Z
MP/2026/668,2026,668,Obwieszczenie,"Obwieszczenie Ministra Cyfryzacji z dnia 29 czerwca 2026 r. w sprawie włączenia kwalifikacji sektorowej ""Testowanie automatyczne i manualne oprogramowania"" do Zintegrowanego Systemu Kwalifikacji",2026-06-29,2026-07-08,2026-07-09T11:23:24,1b10941ece88c2e970b8cd7ddc4d4173b61f106861f5b70a75a935ca66bfe271,6,1652,0,0,0,ok,,eli2md 0.6.3,2026-09-29T23:24:45Z
MP/2026/669,2026,669,Zarządzenie,Zarządzenie Prezydenta Rzeczypospolitej Polskiej z dnia 6 lipca 2026 r. zmieniające zarządzenie w sprawie organizacji oraz zakresu działania Biura Bezpieczeństwa Narodowego,2026-07-06,2026-07-08,2026-07-09T11:23:24,7a8023f7a285b3ea7ca4bed7b35abcdea272897e332dc2fb98c412a3ea7add45,1,151,0,0,0,ok,,eli2md 0.6.3,2026-09-29T23:24:45Z
MP/2026/670,2026,670,Obwieszczenie,Obwieszczenie Ministra Sprawiedliwości z dnia 7 lipca 2026 r. o wolnych stanowiskach sędziowskich,2026-07-07,2026-07-08,2026-07-09T11:23:24,ae2cdbc2a3a9f7af5b9c0b8475839a07f1d37024ca9e618918940742656f57a3,2,306,0,0,0,ok,,eli2md 0.6.3,2026-09-29T23:24:45Z
MP/2026/671,2026,671,Obwieszczenie,"Obwieszczenie Ministra Klimatu i Środowiska z dnia 3 lipca 2026 r. w sprawie wykazu miast o liczbie mieszkańców większej niż 100 tysięcy i aglomeracji, w których wartość wskaźnika średniego narażenia dla miasta o liczbie mieszkańców większej niż 100 tysięcy i aglomeracji przekracza wartość pułapu stężenia ekspozycji, oraz wykazu miast o liczbie mieszkańców większej niż 100 tysięcy i aglomeracji, w których wartość wskaźnika średniego narażenia dla miasta o liczbie mieszkańców większej niż 100 tysięcy i aglomeracji nie przekracza wartości pułapu stężenia ekspozycji",2026-07-03,2026-07-09,2026-07-10T10:40:14,cc798434ec437a6450b5a6304264a57c4065efe03f87eeef3fd844302231d9e7,3,444,0,0,0,ok,,eli2md 0.6.3,2026-09-29T23:24:45Z
MP/2026/672,2026,672,Uchwała,"Uchwała nr 148 Rady Ministrów z dnia 6 lipca 2026 r. w sprawie Rządowego programu wspierania organów prowadzących szkoły podstawowe i placówki doskonalenia nauczycieli w zakresie wyposażenia lub doposażenia szkolnych pracowni do prowadzenia zajęć przyrody i zajęć praktyczno-technicznych na lata 2026-2029 - ""Pracownie Kompas Jutra""",2026-07-06,2026-07-09,2026-07-10T10:40:14,7ef3af9df724929db1d1ee9c970ed42027c5658ebcae3f19aa2e8e7c755b56be,43,13001,0,0,0,ok,,eli2md 0.6.3,2026-09-29T23:24:45Z
MP/2026/673,2026,673,Komunikat,Komunikat Ministra Finansów i Gospodarki z dnia 3 lipca 2026 r. o wydanej decyzji w sprawie pozbawienia przedsiębiorcy statusu centrum badawczo-rozwojowego,2026-07-03,2026-07-09,2026-07-10T10:40:14,722e1f408ffff3ce06ddb33da3464139e73e24f4010b51114aab4c44e677e31b,1,87,0,0,0,ok,,eli2md 0.6.3,2026-09-29T23:24:45Z
MP/2026/674,2026,674,Uchwała,Uchwała Sejmu Rzeczypospolitej Polskiej z dnia 3 lipca 2026 r. w sprawie wyrażenia zgody na przedłużenie okresu obowiązywania czasowego ograniczenia prawa do złożenia wniosku o udzielenie ochrony międzynarodowej na granicy państwowej z Republiką Białorusi,2026-07-03,2026-07-10,2026-07-13T12:17:01,63cd5cace07a2065e03ef868db3cca9944d03c0683524796507c3c63140dfe17,1,323,0,0,0,ok,,eli2md 0.6.3,2026-09-29T23:24:45Z
MP/2026/675,2026,675,Uchwała,Uchwała nr 152 Rady Ministrów z dnia 8 lipca 2026 r. w sprawie wyznaczenia ministra właściwego do spraw informatyzacji do realizacji niektórych zadań wynikających z rozporządzenia Parlamentu Europejskiego i Rady (UE) nr 910/2014 z dnia 23 lipca 2014 r. w sprawie identyfikacji elektronicznej i usług zaufania w odniesieniu do transakcji elektronicznych na rynku wewnętrznym oraz uchylającego dyrektywę 1999/93/WE,2026-07-08,2026-07-13,2026-07-14T11:13:54,3abeb1e04ee07b700d0c057d65eaca481dc754ccd3b696c9c3ee19bc72197df4,1,265,0,0,0,ok,,eli2md 0.6.3,2026-09-29T23:24:45Z
MP/2026/676,2026,676,Obwieszczenie,Obwieszczenie Ministra Sprawiedliwości z dnia 10 lipca 2026 r. o wolnych stanowiskach sędziowskich,2026-07-10,2026-07-13,2026-07-14T11:13:54,f5a053e924703b8ebd33b16c33470838a0c3f93c7ec877544128c785ff8f8a65,2,308,0,0,0,ok,,eli2md 0.6.3,2026-09-29T23:24:45Z
MP/2026/677,2026,677,Uchwała,Uchwała Senatu Rzeczypospolitej Polskiej z dnia 8 lipca 2026 r. w sprawie sprawozdania Krajowej Rady Radiofonii i Telewizji,2026-07-08,2026-07-13,2026-07-14T11:13:54,61b8330a58f5b69811153b231a772917601e8fe6627ee9dc367e119e5e813f06,1,177,0,0,0,ok,,eli2md 0.6.3,2026-09-29T23:24:45Z
MP/2026/678,2026,678,Uchwała,Uchwała Senatu Rzeczypospolitej Polskiej z dnia 8 lipca 2026 r. w sprawie informacji Rady Mediów Narodowych,2026-07-08,2026-07-13,2026-07-14T11:13:54,b9851c66aa936fd6ef7058ecef6adbab298e3fc86b0431aaf79c83b7f3b6b0ff,1,68,0,0,0,ok,,eli2md 0.6.3,2026-09-29T23:24:45Z
MP/2026/679,2026,679,Zarządzenie,Zarządzenie nr 12/2026 Prezesa Narodowego Banku Polskiego z dnia 9 lipca 2026 r. w sprawie ustalenia wzoru i wielkości emisji banknotu o wartości nominalnej 200 zł,2026-07-09,2026-07-13,2026-07-14T11:13:54,355b6ad76c8d81b0995e9914014dbe8d60d408739664336ec67beea4888b98e0,4,1009,0,0,0,ok,,eli2md 0.6.3,2026-09-29T23:24:45Z
MP/2026/680,2026,680,Zarządzenie,Zarządzenie nr 40 Prezesa Rady Ministrów z dnia 9 lipca 2026 r. w sprawie Rady Przemysłu Lotniczego,2026-07-09,2026-07-13,2026-07-14T11:13:55,eedcf700d312dd6c2fef5d5bdc3a18770fce1dbaaf843a3bc218fc1a054f1c38,4,1220,0,0,0,ok,,eli2md 0.6.3,2026-09-29T23:24:45Z
MP/2026/681,2026,681,Obwieszczenie,"Obwieszczenie Ministra Sportu i Turystyki z dnia 2 lipca 2026 r. w sprawie uznania dotychczasowej kwalifikacji rynkowej ""Prowadzenie narciarskich zajęć pozatrasowych"" włączonej do Zintegrowanego Systemu Kwalifikacji za kwalifikację sektorową",2026-07-02,2026-07-14,2026-07-15T09:48:58,f7ff366c9ba9e09afa7d998442a93bcf65470ee2993444e020998c59d0c5a00e,1,148,0,0,0,ok,,eli2md 0.6.3,2026-09-29T23:24:45Z
MP/2026/682,2026,682,Postanowienie,Postanowienie Prezydenta Rzeczypospolitej Polskiej z dnia 20 maja 2026 r. nr rej. 81/2026 o nadaniu odznaczeń,2026-05-20,2026-07-14,2026-07-15T09:48:58,2241fa64456877b821d05300be3d5bc19f3cd88d0723e31ba2386a8d977fa976,2,175,0,0,0,ok,,eli2md 0.6.3,2026-09-29T23:24:45Z
MP/2026/683,2026,683,Postanowienie,Postanowienie Prezydenta Rzeczypospolitej Polskiej z dnia 20 maja 2026 r. nr rej. 82/2026 o nadaniu odznaczeń,2026-05-20,2026-07-14,2026-07-15T09:48:59,e935e93dee7656c305d32723a889290bb5ba2b41948c543e06ff9a79ed7afecd,1,77,0,0,0,ok,,eli2md 0.6.3,2026-09-29T23:24:45Z
MP/2026/684,2026,684,Postanowienie,Postanowienie Prezydenta Rzeczypospolitej Polskiej z dnia 20 maja 2026 r. nr rej. 87/2026 o nadaniu odznaczeń,2026-05-20,2026-07-14,2026-07-15T09:48:59,939ce8d07dd041c925ceab7526c28b3ac5e871e0425454a9644f3a5ee0bb02e2,1,120,0,0,0,ok,,eli2md 0.6.3,2026-09-29T23:24:45Z
MP/2026/685,2026,685,Postanowienie,Postanowienie Prezydenta Rzeczypospolitej Polskiej z dnia 10 maja 2026 r. nr rej. 119/2026 o nadaniu odznaczeń,2026-05-10,2026-07-14,2026-07-15T09:48:59,a40b1a33665885b55d6ac7201e2fa1413778061558e58dace09bfffb49016649,1,147,0,0,0,ok,,eli2md 0.6.3,2026-09-29T23:24:45Z
MP/2026/686,2026,686,Postanowienie,Postanowienie Prezydenta Rzeczypospolitej Polskiej z dnia 10 maja 2026 r. nr rej. 121/2026 o nadaniu odznaczeń,2026-05-10,2026-07-14,2026-07-15T09:48:59,caa8d7d17f387c8f1fac9900564420b8eb942e6e8e14f69abd3b27ff230bb141,2,219,0,0,0,ok,,eli2md 0.6.3,2026-09-29T23:24:45Z
MP/2026/687,2026,687,Obwieszczenie,"Obwieszczenie Ministra Zdrowia z dnia 26 czerwca 2026 r. w sprawie włączenia kwalifikacji sektorowej ""Radzenie sobie w sytuacjach trudnych oraz efektywna komunikacja w pracy opiekuna medycznego"" do Zintegrowanego Systemu Kwalifikacji",2026-06-26,2026-07-14,2026-07-15T09:48:59,37f556d9560c98f0ccc537d0925bb0f2450b7a59c773b61471515c3158bb9c4d,4,866,0,0,0,ok,,eli2md 0.6.3,2026-09-29T23:24:45Z
MP/2026/688,2026,688,Postanowienie,Postanowienie Prezydenta Rzeczypospolitej Polskiej z dnia 10 maja 2026 r. nr rej. 194/2026 o nadaniu odznaczeń,2026-05-10,2026-07-15,2026-07-16T10:27:28,048bf91c9735907f4370ba6329fd3d6f22ccd0e098bb43d1fdd6b0fff2cb4a6b,2,235,0,0,0,ok,,eli2md 0.6.3,2026-09-29T23:24:45Z
MP/2026/689,2026,689,Postanowienie,Postanowienie Prezydenta Rzeczypospolitej Polskiej z dnia 10 maja 2026 r. nr rej. 239/2026 o nadaniu odznaczeń,2026-05-10,2026-07-15,2026-07-16T10:27:28,3f6023bd000714e61a6507d0c63cd9175e9d7d019049d83ed748077560011b41,2,216,0,0,0,ok,,eli2md 0.6.3,2026-09-29T23:24:45Z
MP/2026/690,2026,690,Postanowienie,Postanowienie Prezydenta Rzeczypospolitej Polskiej z dnia 10 maja 2026 r. nr rej. 240/2026 o nadaniu odznaczeń,2026-05-10,2026-07-15,2026-07-16T10:27:28,c689ec8a4fa8b9d31414c819188fae7c6d5ca0e80a4a0128ee2807747a97d396,1,132,0,0,0,ok,,eli2md 0.6.3,2026-09-29T23:24:45Z
MP/2026/691,2026,691,Postanowienie,Postanowienie Prezydenta Rzeczypospolitej Polskiej z dnia 15 maja 2026 r. nr rej. 264/2026 o nadaniu odznaczeń,2026-05-15,2026-07-15,2026-07-16T10:27:28,1a2e5ccb2cf81793cc893348518ef77273d526ef94530af3adc69904d126cc7d,1,103,0,0,0,ok,,eli2md 0.6.3,2026-09-29T23:24:45Z
MP/2026/692,2026,692,Postanowienie,Postanowienie Prezydenta Rzeczypospolitej Polskiej z dnia 20 maja 2026 r. nr rej. 275/2026 o nadaniu odznaczeń,2026-05-20,2026-07-15,2026-07-16T10:27:28,3c774298240d4045450b9f7fe915f75106530f0d21761a21fd6a339a0a0b8936,1,133,0,0,0,ok,,eli2md 0.6.3,2026-09-29T23:24:45Z
MP/2026/693,2026,693,Obwieszczenie,Obwieszczenie Ministra Finansów i Gospodarki z dnia 8 lipca 2026 r. w sprawie terminu uruchomienia wybranych usług w systemie teleinformatycznym e-Doradca,2026-07-08,2026-07-15,2026-07-16T10:27:28,0ee6b0726a75ec4589df87e7c9efaa9c2d499dc0097a00ee1ebe8081703d3c9e,1,113,0,0,0,ok,,eli2md 0.6.3,2026-09-29T23:24:45Z
MP/2026/694,2026,694,Postanowienie,Postanowienie Prezydenta Rzeczypospolitej Polskiej z dnia 10 maja 2026 r. nr rej. 276/2026 o nadaniu odznaczeń,2026-05-10,2026-07-15,2026-07-16T10:27:28,fb17c507bb05e1c7d46cb7022bcb3677a61cd0c8b98e0b9cb4b669e67dc2a7e7,1,123,0,0,0,ok,,eli2md 0.6.3,2026-09-29T23:24:45Z
MP/2026/695,2026,695,Postanowienie,Postanowienie Prezydenta Rzeczypospolitej Polskiej z dnia 5 maja 2026 r. nr rej. 278/2026 o nadaniu orderu,2026-05-05,2026-07-15,2026-07-16T10:27:28,41771cd8dc7e69240f025a327a54f7c6cbf504d8e4e71de378f8c9123e98bf72,1,79,0,0,0,ok,,eli2md 0.6.3,2026-09-29T23:24:45Z
MP/2026/696,2026,696,Postanowienie,Postanowienie Prezydenta Rzeczypospolitej Polskiej z dnia 10 maja 2026 r. nr rej. 282/2026 o nadaniu odznaczeń,2026-05-10,2026-07-15,2026-07-16T10:27:28,1567d826d7da3d0bf15dd788584135cf0921aab218a2baf40f9fe645082685bc,1,104,0,0,0,ok,,eli2md 0.6.3,2026-09-29T23:24:45Z
MP/2026/697,2026,697,Postanowienie,Postanowienie Prezydenta Rzeczypospolitej Polskiej z dnia 11 maja 2026 r. nr rej. 284/2026 o nadaniu orderu,2026-05-11,2026-07-15,2026-07-16T10:27:28,8d02829c69314fecafd0062397fc5b8c11889da448229111ea01b6865e5e3689,1,70,0,0,0,ok,,eli2md 0.6.3,2026-09-29T23:24:45Z
MP/2026/698,2026,698,Postanowienie,Postanowienie Prezydenta Rzeczypospolitej Polskiej z dnia 15 maja 2026 r. nr rej. 285/2026 o nadaniu orderu i odznaczeń,2026-05-11,2026-07-15,2026-07-16T10:27:28,7e5aca8d2f418ad94c4158a8f5b14462bba4f73d337eaca311b1fe43ee4c83ba,1,114,0,0,0,ok,,eli2md 0.6.3,2026-09-29T23:24:45Z
MP/2026/699,2026,699,Postanowienie,Postanowienie Prezydenta Rzeczypospolitej Polskiej z dnia 14 maja 2026 r. nr rej. 286/2026 o nadaniu odznaczenia,2026-05-14,2026-07-16,2026-07-17T10:14:13,262b10fb8b9ed6b6e4e3edbcf6558b7fd0bb683ecaefb884b61c0b387af68ae3,1,75,0,0,0,ok,,eli2md 0.6.3,2026-09-29T23:24:45Z
MP/2026/700,2026,700,Postanowienie,Postanowienie Prezydenta Rzeczypospolitej Polskiej z dnia 11 maja 2026 r. nr rej. 291/2026 o nadaniu odznaczeń,2026-05-11,2026-07-16,2026-07-17T10:14:13,e7b17234fdbcceab932345638f18a51f8c0dd9a9c17c43ff54545a0bf5510b20,1,92,0,0,0,ok,,eli2md 0.6.3,2026-09-29T23:24:45Z
MP/2026/701,2026,701,Postanowienie,Postanowienie Prezydenta Rzeczypospolitej Polskiej z dnia 15 maja 2026 r. nr rej. 292/2026 o nadaniu odznaczeń,2026-05-15,2026-07-16,2026-07-17T10:14:13,9479ebd1396cedbc53fccf3d8706ee13b5b418e2d24bcd988fbc05581b4c8860,1,116,0,0,0,ok,,eli2md 0.6.3,2026-09-29T23:24:45Z
MP/2026/702,2026,702,Postanowienie,Postanowienie Prezydenta Rzeczypospolitej Polskiej z dnia 14 maja 2026 r. nr rej. 293/2026 o nadaniu odznaczenia,2026-05-14,2026-07-16,2026-07-17T10:14:13,8360bfef85fcb479a1a9511808468ff1c37cfc3dca3ba103c3fa192ad5e7011f,1,69,0,0,0,ok,,eli2md 0.6.3,2026-09-29T23:24:45Z
MP/2026/703,2026,703,Postanowienie,Postanowienie Prezydenta Rzeczypospolitej Polskiej z dnia 14 maja 2026 r. nr rej. 294/2026 o nadaniu odznaczenia,2026-05-14,2026-07-16,2026-07-17T10:14:13,0550e40694367dc8a951c1557a9bb897db38a2163f2143cc89d661f3d4dc1c38,1,81,0,0,0,ok,,eli2md 0.6.3,2026-09-29T23:24:45Z
MP/2026/704,2026,704,Komunikat,Komunikat Prezesa Głównego Urzędu Statystycznego z dnia 15 lipca 2026 r. w sprawie wskaźnika cen towarów i usług konsumpcyjnych w pierwszym półroczu 2026 r.,2026-07-15,2026-07-16,2026-07-17T10:14:13,08a20ebd25c5dcab33373fc0af5585fd9ba543f6dd9883bac8e873d873b21d80,1,84,0,0,0,ok,,eli2md 0.6.3,2026-09-29T23:24:45Z
MP/2026/705,2026,705,Postanowienie,Postanowienie Prezydenta Rzeczypospolitej Polskiej z dnia 2 czerwca 2026 r. nr 115.7.2026 w sprawie nadania tytułu profesora,2026-06-02,2026-07-16,2026-07-17T10:14:14,8f752270ebcfd318f27728d98c4b24823ba9359fff6fc5166de3c44be0d99069,4,1170,0,0,0,ok,,eli2md 0.6.3,2026-09-29T23:24:45Z
MP/2026/706,2026,706,Postanowienie,Postanowienie Prezydenta Rzeczypospolitej Polskiej z dnia 19 czerwca 2026 r. nr 115.8.2026 w sprawie nadania tytułu profesora,2026-06-19,2026-07-16,2026-07-17T10:14:14,6238be45e7a4eeb037ae507bd80f7cfb93f7bbea3347ef45ef1459be6569363f,3,878,0,0,0,ok,,eli2md 0.6.3,2026-09-29T23:24:45Z
MP/2026/707,2026,707,Postanowienie,Postanowienie Prezydenta Rzeczypospolitej Polskiej z dnia 19 czerwca 2026 r. nr 115.9.2026 w sprawie nadania tytułu profesora,2026-06-19,2026-07-16,2026-07-17T10:14:14,bee43d2b306d0bcf2f350c38ac9165d99f2641ba90e309e51c2f1de3bd061d1a,2,344,0,0,0,ok,,eli2md 0.6.3,2026-09-29T23:24:45Z
MP/2026/708,2026,708,Obwieszczenie,"Obwieszczenie Ministra Finansów i Gospodarki z dnia 12 czerwca 2026 r. w sprawie włączenia kwalifikacji sektorowej ""Prowadzenie doradztwa dla salonu beauty w zakresie finansów, odpowiedzialności cywilnoprawnej i personelu"" do Zintegrowanego Systemu Kwalifikacji",2026-06-12,2026-07-16,2026-07-17T10:14:14,c12976203c65d87b0e0fb8d082da8f31d90ff7dab517a73bdfeded8cb2d87276,4,1161,0,0,0,ok,,eli2md 0.6.3,2026-09-29T23:24:45Z
MP/2026/709,2026,709,Komunikat,Komunikat Prezesa Głównego Urzędu Statystycznego z dnia 15 lipca 2026 r. w sprawie wskaźnika cen towarów nieżywnościowych trwałego użytku w drugim kwartale 2026 r.,2026-07-15,2026-07-16,2026-07-17T10:14:14,be7ecf30bddb415f5b2ee5ac5c7c8d5c6640236d761b98adada4f1fe8ffe8fa1,1,88,0,0,0,ok,,eli2md 0.6.3,2026-09-29T23:24:45Z
MP/2026/710,2026,710,Komunikat,Komunikat Prezesa Głównego Urzędu Statystycznego z dnia 15 lipca 2026 r. w sprawie wskaźnika cen towarów i usług konsumpcyjnych ogółem w drugim kwartale 2026 r.,2026-07-15,2026-07-16,2026-07-17T10:14:14,a6f2cf21b7fb1110725a736ab24e9f23838ee7cfdc444d8f488e6ca02096d5c7,1,97,0,0,0,ok,,eli2md 0.6.3,2026-09-29T23:24:45Z
MP/2026/711,2026,711,Postanowienie,Postanowienie Prezydenta Rzeczypospolitej Polskiej z dnia 15 maja 2026 r. nr rej. 300/2026 o nadaniu odznaczenia,2026-05-15,2026-07-16,2026-07-20T10:14:44,fa5f7575ed4f9237806317cfb1b7e9b6b62a775fa69fef5a560edb123c96f783,1,72,0,0,0,ok,,eli2md 0.6.3,2026-09-29T23:24:45Z
MP/2026/712,2026,712,Postanowienie,Postanowienie Prezydenta Rzeczypospolitej Polskiej z dnia 20 maja 2026 r. nr rej. 301/2026 o nadaniu orderu,2026-05-20,2026-07-16,2026-07-20T10:14:44,11b39248188652fb529a93adc5d98e77b01505dc95656244a0cafb1f1f632dcc,1,90,0,0,0,ok,,eli2md 0.6.3,2026-09-29T23:24:45Z
MP/2026/713,2026,713,Postanowienie,Postanowienie Prezydenta Rzeczypospolitej Polskiej z dnia 20 maja 2026 r. nr rej. 302/2026 o nadaniu orderu,2026-05-20,2026-07-16,2026-07-20T10:14:44,e1cfd1d3178edcbfaf4ffa1d671dc2e8169f901cb48dcdfd57ceb75fa4e346c9,1,78,0,0,0,ok,,eli2md 0.6.3,2026-09-29T23:24:45Z
MP/2026/714,2026,714,Postanowienie,Postanowienie Prezydenta Rzeczypospolitej Polskiej z dnia 21 maja 2026 r. nr rej. 307/2026 o nadaniu odznaczeń,2026-05-21,2026-07-16,2026-07-20T10:14:45,b7dea3ecf91ee5554387494c7ce34009833c056efce64a8e84ef5bc74092fe5b,1,88,0,0,0,ok,,eli2md 0.6.3,2026-09-29T23:24:45Z
MP/2026/715,2026,715,Zarządzenie,Zarządzenie nr 42 Prezesa Rady Ministrów z dnia 15 lipca 2026 r. zmieniające zarządzenie w sprawie Międzyresortowego Zespołu do spraw wyłaniania kandydatów na urząd sędziego i urząd rzecznika generalnego Trybunału Sprawiedliwości Unii Europejskiej oraz urząd sędziego Sądu Unii Europejskiej,2026-07-15,2026-07-17,2026-07-20T10:14:45,0add8f2e331d4fd67c7aa7420f6ba11ba4f251f9237e8c1d97089e0a2d4e2d2c,2,1018,0,0,0,ok,,eli2md 0.6.3,2026-09-29T23:24:45Z
MP/2026/716,2026,716,Uchwała,Uchwała nr 153 Rady Ministrów z dnia 14 lipca 2026 r. w sprawie gwarantowania zakupu czasu dostępu do gigafabryki AI,2026-07-14,2026-07-17,2026-07-20T10:14:45,6ab3c5edfcdf5440a0d6849aa9f2e36f7997ebc799a7de0bb0a88416eba13b05,1,307,0,0,0,ok,,eli2md 0.6.3,2026-09-29T23:24:45Z
MP/2026/717,2026,717,Obwieszczenie,Obwieszczenie Prezesa Głównego Urzędu Statystycznego z dnia 17 lipca 2026 r. w sprawie średniej krajowej ceny skupu pszenicy za okres 11 kwartałów poprzedzających drugie półrocze 2026 r.,2026-07-17,2026-07-20,2026-07-21T10:37:25,9612fe78f4c7bbe12cf61e5e6dcbe3756c45221e008e81ea1ff394585c2903cb,1,91,0,0,0,ok,,eli2md 0.6.3,2026-09-29T23:24:45Z
MP/2026/718,2026,718,Obwieszczenie,Obwieszczenie Prezesa Głównego Urzędu Statystycznego z dnia 17 lipca 2026 r. w sprawie wskaźnika zmian cen skupu podstawowych produktów rolnych w pierwszym półroczu 2026 r.,2026-07-17,2026-07-20,2026-07-21T10:37:25,a48f3bef92da3473c2a36b8bfa7313a09755fc4a992d70a4fba87bc080ee2181,1,94,0,0,0,ok,,eli2md 0.6.3,2026-09-29T23:24:45Z
MP/2026/719,2026,719,Obwieszczenie,"Obwieszczenie Ministra Finansów i Gospodarki z dnia 15 lipca 2026 r. w sprawie włączenia kwalifikacji sektorowej ""Obsługiwanie i kontrolowanie procesów technologicznych w produkcji płytek ceramicznych"" do Zintegrowanego Systemu Kwalifikacji",2026-07-15,2026-07-20,2026-07-21T10:37:25,c0b4afdc0c2f15bb9053922db2447f03672761cca121ea8d4821f862dd4a55e0,5,1444,0,0,0,ok,,eli2md 0.6.3,2026-09-29T23:24:45Z
MP/2026/720,2026,720,Obwieszczenie,"Obwieszczenie Prezesa Głównego Urzędu Statystycznego z dnia 20 lipca 2026 r. w sprawie przeciętnego miesięcznego wynagrodzenia w sektorze przedsiębiorstw, włącznie z wypłatami z zysku, w drugim kwartale 2026 r.",2026-07-20,2026-07-21,2026-07-22T10:57:40,1e763c38de1a1b07a48028f9725d571fce879d5c8812c6ec9d58d016cf215d88,1,91,0,0,0,ok,,eli2md 0.6.3,2026-09-29T23:24:45Z
MP/2026/721,2026,721,Komunikat,Komunikat Ministra Rolnictwa i Rozwoju Wsi z dnia 16 lipca 2026 r. w sprawie zmienionych wytycznych w zakresie zasad przeprowadzania kontroli na miejscu w ramach Planu Strategicznego dla Wspólnej Polityki Rolnej na lata 2023-2027,2026-07-16,2026-07-21,2026-07-22T10:57:40,9d4799ce46a2937be966be9d18f88f5705cb0a55d3407da0f3e9761d2fa0d3b7,1,162,0,0,0,ok,,eli2md 0.6.3,2026-09-29T23:24:45Z
MP/2026/722,2026,722,Postanowienie,"Postanowienie Prezydenta Rzeczypospolitej Polskiej z dnia 1 maja 2026 r. nr 112.18.2026 w sprawie mianowania na stopnie oficerskie generała dywizji, generała brygady oraz kontradmirała",2026-05-01,2026-07-22,2026-07-23T11:35:00,4231bbf25ba66800dd2823ceab91bf6d4a1920825eae0d5b2bc6670eff5f775d,1,140,0,0,0,ok,,eli2md 0.6.3,2026-09-29T23:24:45Z
MP/2026/723,2026,723,Postanowienie,Postanowienie Prezydenta Rzeczypospolitej Polskiej z dnia 1 maja 2026 r. nr 112.20.2026 o nadaniu stopnia nadbrygadiera Państwowej Straży Pożarnej,2026-05-01,2026-07-22,2026-07-23T11:35:00,227febc75669cd46fa3efecf677d73688b6239b786a04dacab710c3693ef3da1,1,82,0,0,0,ok,,eli2md 0.6.3,2026-09-29T23:24:45Z
MP/2026/724,2026,724,Obwieszczenie,"Obwieszczenie Ministra Sportu i Turystyki z dnia 14 lipca 2026 r. w sprawie uznania dotychczasowej kwalifikacji rynkowej ""Nauczanie narciarstwa alpejskiego na poziomie rekreacyjnym ze szczególnym uwzględnieniem dzieci"" włączonej do Zintegrowanego Systemu Kwalifikacji za kwalifikację sektorową",2026-07-14,2026-07-23,2026-07-24T09:27:31,a715c8cada3fd7a7d7268b9a88929bf491f5aa7d1d42df415c30009956f5e105,1,166,0,0,0,ok,,eli2md 0.6.3,2026-09-29T23:24:45Z
MP/2026/725,2026,725,Postanowienie,Postanowienie Prezydenta Rzeczypospolitej Polskiej z dnia 1 maja 2026 r. nr 112.19.2026 w sprawie mianowania na stopień oficerski generała brygady,2026-05-01,2026-07-23,2026-07-24T09:27:31,d6e2d26fab4b3499c4877f38eceb75e973e208050abdd595011cc1deaeb7561a,1,98,0,0,0,ok,,eli2md 0.6.3,2026-09-29T23:24:45Z
MP/2026/726,2026,726,Obwieszczenie,Obwieszczenie Ministra Obrony Narodowej z dnia 21 lipca 2026 r. w sprawie wykazu jednostek organizacyjnych podległych Ministrowi Obrony Narodowej lub przez niego nadzorowanych,2026-07-21,2026-07-23,2026-07-24T09:27:31,b98f3b5a421c96d22f4eca3c25fc58dab6dbf1de87838250bce3a48ae07d01e5,4,1051,0,0,0,ok,,eli2md 0.6.3,2026-09-29T23:24:45Z
MP/2026/727,2026,727,Obwieszczenie,Obwieszczenie Ministra Finansów i Gospodarki z dnia 23 lipca 2026 r. w sprawie ogłoszenia obowiązujących w 2027 r. maksymalnych stawek opłat za usunięcie pojazdu z drogi i jego parkowanie na parkingu strzeżonym,2026-07-23,2026-07-27,2026-07-28T10:37:50,5ef68b3cae31f063e1db2a3cd1941062e583694871d0024d65d7bcda59af88c3,2,259,0,0,0,ok,,eli2md 0.6.3,2026-09-29T23:24:45Z
MP/2026/728,2026,728,Obwieszczenie,"Obwieszczenie Ministra Sportu i Turystyki z dnia 14 lipca 2026 r. w sprawie uznania dotychczasowej kwalifikacji rynkowej ""Nauczanie narciarstwa alpejskiego na poziomie zaawansowanym"" włączonej do Zintegrowanego Systemu Kwalifikacji za kwalifikację sektorową",2026-07-14,2026-07-27,2026-07-28T10:37:50,d7872119ed25cb2d07d343e873bc209454b899b9db642737f503f363b2352380,1,154,0,0,0,ok,,eli2md 0.6.3,2026-09-29T23:24:45Z
MP/2026/729,2026,729,Uchwała,Uchwała Sejmu Rzeczypospolitej Polskiej z dnia 17 lipca 2026 r. w sprawie ustanowienia Dnia Trenera Sportowego,2026-07-17,2026-07-27,2026-07-28T10:37:50,0f2478741614c9b25514f032f22ed487f4d0b78f2ea0d9692341cad9407775a8,1,170,0,0,0,ok,,eli2md 0.6.3,2026-09-29T23:24:45Z
MP/2026/730,2026,730,Uchwała,Uchwała Sejmu Rzeczypospolitej Polskiej z dnia 15 lipca 2026 r. w sprawie uczczenia 125. rocznicy urodzin Stanisława Mikołajczyka,2026-07-15,2026-07-27,2026-07-28T10:37:50,39d11eee8b6796b8b750b213ad53fce5c4d032a438b8af3e5c1f14a4e1780da9,1,285,0,0,0,ok,,eli2md 0.6.3,2026-09-29T23:24:45Z
MP/2026/731,2026,731,Obwieszczenie,Obwieszczenie Ministra Finansów i Gospodarki z dnia 23 lipca 2026 r. w sprawie maksymalnych opłat za usunięcie i przechowywanie statków lub innych obiektów pływających na rok 2027,2026-07-23,2026-07-27,2026-07-28T10:37:50,2167abd212cf1bbdfe8a3284a34ed8430211d6aac9a0d6ab2a13b139126817c4,1,177,0,0,0,ok,,eli2md 0.6.3,2026-09-29T23:24:45Z
MP/2026/732,2026,732,Obwieszczenie,"Obwieszczenie Ministra Finansów i Gospodarki z dnia 15 lipca 2026 r. w sprawie włączenia kwalifikacji sektorowej ""Montaż okładzin z wielkoformatowych płytek ceramicznych wewnątrz pomieszczeń"" do Zintegrowanego Systemu Kwalifikacji",2026-07-15,2026-07-27,2026-08-25T09:07:43,108dc5bc6bd0994375f45a92cac4519d73b7f89a81c9979b8c877f6edfd84d7d,6,2181,0,0,0,ok,,eli2md 0.6.3,2026-09-29T23:24:45Z
MP/2026/733,2026,733,Komunikat,"Komunikat Ministra Rolnictwa i Rozwoju Wsi z dnia 21 lipca 2026 r. w sprawie zmienionych wytycznych szczegółowych w zakresie przyznawania, wypłaty i zwrotu pomocy finansowej w ramach Planu Strategicznego dla Wspólnej Polityki Rolnej na lata 2023-2027 dla interwencji I.10.10 Infrastruktura na obszarach wiejskich oraz wdrożenie koncepcji inteligentnych wsi - obszar B Inteligentna Wieś",2026-07-21,2026-07-27,2026-07-28T10:37:50,69ac5f3db6b8f9ab2a65de5d9016b84ab04afd1549204ebf2a9bb2c552a89fc3,1,200,0,0,0,ok,,eli2md 0.6.3,2026-09-29T23:24:45Z
MP/2026/734,2026,734,Komunikat,"Komunikat Ministra Rolnictwa i Rozwoju Wsi z dnia 22 lipca 2026 r. w sprawie zmienionych wytycznych szczegółowych w zakresie przyznawania, wypłaty i zwrotu pomocy finansowej w ramach Planu Strategicznego dla Wspólnej Polityki Rolnej na lata 2023-2027 dla interwencji I.13.5 Współpraca Grup Operacyjnych EPI",2026-07-22,2026-07-27,2026-07-28T10:37:50,1760ba6852f99d23c56c82993a6cd90fc7ee69690e9d6f6691e42487535cd8b2,1,180,0,0,0,ok,,eli2md 0.6.3,2026-09-29T23:24:45Z
MP/2026/735,2026,735,Obwieszczenie,Obwieszczenie Ministra Sprawiedliwości z dnia 24 lipca 2026 r. o wolnych stanowiskach sędziowskich,2026-07-24,2026-07-28,2026-07-29T10:30:13,20eea3f44df8fd6644992f28618e2d042263afec25eb844fa71d8c8bbec5b48a,2,308,0,0,0,ok,,eli2md 0.6.3,2026-09-29T23:24:45Z
MP/2026/736,2026,736,Uchwała,Uchwała Sejmu Rzeczypospolitej Polskiej z dnia 17 lipca 2026 r. w sprawie powołania Rzecznika Praw Obywatelskich,2026-07-17,2026-07-28,2026-07-29T10:30:13,578fa6940d99d61e1b0839d571fbf6be7107ea661da81756ac518394781f9b8e,1,76,0,0,0,ok,,eli2md 0.6.3,2026-09-29T23:24:45Z
MP/2026/737,2026,737,Uchwała,Uchwała Senatu Rzeczypospolitej Polskiej z dnia 22 lipca 2026 r. w sprawie wyrażenia zgody na powołanie Rzecznika Praw Obywatelskich,2026-07-22,2026-07-28,2026-07-29T10:30:13,8ef353d508e4d6f0ba90a3760ee181fc85b649b2c4f996dcbca85c2425883c24,1,69,0,0,0,ok,,eli2md 0.6.3,2026-09-29T23:24:45Z
MP/2026/738,2026,738,Uchwała,Uchwała Sejmu Rzeczypospolitej Polskiej z dnia 17 lipca 2026 r. w sprawie uczczenia pamięci ofiar ludobójstwa dokonanego na ziemiach wschodnich II Rzeczypospolitej przez nacjonalistów ukraińskich,2026-07-17,2026-07-28,2026-07-29T10:30:13,04a79b88fd38def7def6171cafbb6c8ff3929438b7e1156e47b4af862706470e,2,535,0,0,0,ok,,eli2md 0.6.3,2026-09-29T23:24:45Z
MP/2026/739,2026,739,Uchwała,Uchwała Senatu Rzeczypospolitej Polskiej z dnia 22 lipca 2026 r. w sprawie niewyrażenia zgody na pociągnięcie do cywilnej odpowiedzialności sądowej senatora Wadima Tyszkiewicza,2026-07-22,2026-07-28,2026-07-29T10:30:13,3f122ac6b48f28d1824f1486a71aca41430a6d8b481a64a9b178acf7e21b9156,1,104,0,0,0,ok,,eli2md 0.6.3,2026-09-29T23:24:45Z
MP/2026/740,2026,740,Uchwała,Uchwała Senatu Rzeczypospolitej Polskiej z dnia 22 lipca 2026 r. w 100. rocznicę śmierci Jana Kasprowicza,2026-07-22,2026-07-28,2026-07-29T10:30:13,e16373111ff932521d69a358f72a6949836e014811e8c9c96b53d62b247dddc7,1,280,0,0,0,ok,,eli2md 0.6.3,2026-09-29T23:24:45Z
MP/2026/741,2026,741,Obwieszczenie,Obwieszczenie Ministra Finansów i Gospodarki z dnia 23 lipca 2026 r. w sprawie górnych granic stawek kwotowych podatków i opłat lokalnych na rok 2027,2026-07-23,2026-07-28,2026-07-29T10:30:13,5e7f6257d875b0e8b8efd2e35ce954bdf5db5b6c33b31e89eb78b364a6d90f45,2,271,0,0,0,ok,,eli2md 0.6.3,2026-09-29T23:24:45Z
MP/2026/742,2026,742,Zarządzenie,Zarządzenie nr 43 Prezesa Rady Ministrów z dnia 28 lipca 2026 r. uchylające zarządzenie w sprawie ustanowienia Pełnomocnika Prezesa Rady Ministrów do spraw promocji polskiej marki,2026-07-28,2026-07-28,2026-07-29T10:30:13,9724aac780028c1ee605af8c1b1b134e10f2e41ced5c6a3e6cf774ccd758770d,1,115,0,0,0,ok,,eli2md 0.6.3,2026-09-29T23:24:45Z
MP/2026/743,2026,743,Obwieszczenie,Obwieszczenie Prezesa Rady Ministrów z dnia 27 lipca 2026 r. w sprawie ogłoszenia jednolitego tekstu zarządzenia Prezesa Rady Ministrów w sprawie utworzenia Rady do spraw Innowacyjności,2026-07-27,2026-07-29,2026-07-30T10:45:46,17a2da7b71f07f1f7f71c8f744d8b0477bd413ea6794cf5870dc18ca0179ae4b,5,1726,0,0,0,ok,,eli2md 0.6.3,2026-09-29T23:24:45Z
MP/2026/744,2026,744,Obwieszczenie,"Obwieszczenie Ministra Finansów i Gospodarki z dnia 24 lipca 2026 r. w sprawie określenia wysokości kwot rekompensat wypłacanych osobom, które wniosły przedpłaty na zakup samochodów osobowych marki Fiat 126p lub FSO 1500, na IV kwartał 2026 r.",2026-07-24,2026-07-30,2026-07-31T10:43:11,5c44551cd68756b446862f900d29297034db7ea453d8f56db67f69357e950a8c,1,130,0,0,0,ok,,eli2md 0.6.3,2026-09-29T23:24:45Z
MP/2026/745,2026,745,Obwieszczenie,Obwieszczenie Ministra Sprawiedliwości z dnia 28 lipca 2026 r. o wolnych stanowiskach sędziowskich,2026-07-28,2026-07-30,2026-07-31T10:43:11,dae91f1b35224e1fa13176bfde1154c8f4b392a75ab644f5309ed8f957fdf17a,1,132,0,0,0,ok,,eli2md 0.6.3,2026-09-29T23:24:45Z
MP/2026/746,2026,746,Obwieszczenie,"Obwieszczenie Ministra Finansów i Gospodarki z dnia 16 lipca 2026 r. w sprawie włączenia kwalifikacji wolnorynkowej ""Modelowanie rzeczywistych obiektów trójwymiarowych w oparciu o dane pozyskane z wykorzystaniem bezzałogowych statków powietrznych"" do Zintegrowanego Systemu Kwalifikacji",2026-07-16,2026-07-30,2026-07-31T10:43:11,497511b2646d7a966552648be58aa8089ffd64ed25486ae2db6a7d58e45e9d95,4,1100,0,0,0,ok,,eli2md 0.6.3,2026-09-29T23:24:45Z
MP/2026/747,2026,747,Komunikat,Komunikat Ministra Rolnictwa i Rozwoju Wsi z dnia 29 lipca 2026 r. w sprawie zmienionych wytycznych podstawowych w zakresie pomocy finansowej w ramach Planu Strategicznego dla Wspólnej Polityki Rolnej na lata 2023-2027,2026-07-29,2026-07-30,2026-07-31T10:43:11,a9eefa96d9d3833ff7646aae9a4094984b487f3dcd39623d8af03b3b7b9c59a1,1,159,0,0,0,ok,,eli2md 0.6.3,2026-09-29T23:24:45Z
MP/2026/748,2026,748,Obwieszczenie,"Obwieszczenie Ministra Rodziny, Pracy i Polityki Społecznej z dnia 29 lipca 2026 r. w sprawie wysokości dochodu za rok 2025 z działalności podlegającej opodatkowaniu na podstawie przepisów o zryczałtowanym podatku dochodowym od niektórych przychodów osiąganych przez osoby fizyczne",2026-07-29,2026-07-31,2026-08-03T10:35:16,ef0756af3a7a2ea7e6cedfdd3f3ebf0b4dfda3c53e26f9898cc2b39e5b620830,23,5227,0,0,0,ok,,eli2md 0.6.3,2026-09-29T23:24:45Z
MP/2026/749,2026,749,Uchwała,"Uchwała nr 162 Rady Ministrów z dnia 24 lipca 2026 r. w sprawie ustanowienia programu rządowego pod nazwą ""Promocja Sportu Osób z Niepełnosprawnościami w 2026 r.""",2026-07-24,2026-07-31,2026-08-03T10:35:16,8befeaf90740133eb5571ee39a4816c6afdef98c8a795d93b1cf909f8fab40f9,11,2832,0,0,0,ok,,eli2md 0.6.3,2026-09-29T23:24:45Z
MP/2026/750,2026,750,Obwieszczenie,"Obwieszczenie Ministra Sportu i Turystyki z dnia 23 czerwca 2026 r. w sprawie modyfikacji kwalifikacji sektorowej ""Realizowanie jednostek lekcyjnych z nauki i doskonalenia jazdy na snowboardzie""",2026-06-23,2026-08-03,2026-08-04T10:15:21,ad88097d9bfa1b7be502bb5b9a9534ffe2f41b034e8faeaf0bdb069d917919d2,9,2654,0,0,0,ok,,eli2md 0.6.3,2026-09-29T23:24:45Z
MP/2026/751,2026,751,Uchwała,Uchwała Sejmu Rzeczypospolitej Polskiej z dnia 31 lipca 2026 r. w sprawie wyrażenia przez Sejm Rzeczypospolitej Polskiej zgody na pociągnięcie do odpowiedzialności karnej posła Adama Dziedzica,2026-07-31,2026-08-04,2026-08-05T11:14:36,06040672b4487e5cfe117c15a7672a8eb32bda79f448ce75b75b3a4a659023d7,1,99,0,0,0,ok,,eli2md 0.6.3,2026-09-29T23:24:45Z
MP/2026/752,2026,752,Uchwała,"Uchwała Sejmu Rzeczypospolitej Polskiej z dnia 31 lipca 2026 r. w sprawie wyrażenia przez Sejm Rzeczypospolitej Polskiej zgody na pociągnięcie do odpowiedzialności karnej posła Wojciecha Króla za czyn określony w punkcie pierwszym wniosku z dnia 4 maja 2026 r., uzupełnionego w dniu 28 maja 2026 r., przedłożonego przez Europejskiego Prokuratora Generalnego",2026-07-31,2026-08-04,2026-08-05T11:14:36,fcdd3b46477133720690d4106560a2183375452a68540987189cd81d9005ebe5,1,131,0,0,0,ok,,eli2md 0.6.3,2026-09-29T23:24:45Z
MP/2026/753,2026,753,Uchwała,"Uchwała Sejmu Rzeczypospolitej Polskiej z dnia 31 lipca 2026 r. w sprawie wyrażenia przez Sejm Rzeczypospolitej Polskiej zgody na pociągnięcie do odpowiedzialności karnej posła Wojciecha Króla za czyn określony w punkcie drugim wniosku z dnia 4 maja 2026 r., uzupełnionego w dniu 28 maja 2026 r., przedłożonego przez Europejskiego Prokuratora Generalnego",2026-07-31,2026-08-04,2026-09-24T10:10:45,84f9b292f9f39b6343f69bdf2b348a0154b7f65cfd25b341a25a6aa417b685de,1,131,0,0,0,ok,,eli2md 0.6.3,2026-09-29T23:24:45Z
MP/2026/754,2026,754,Uchwała,Uchwała Sejmu Rzeczypospolitej Polskiej z dnia 31 lipca 2026 r. w sprawie wyrażenia przez Sejm Rzeczypospolitej Polskiej zgody na zatrzymanie i tymczasowe aresztowanie posła Wojciecha Króla,2026-07-31,2026-08-04,2026-08-05T11:14:36,aeee772a9e01c419449c22c32b5c761cdc6abd56a6009f4c96128fe85b1d32da,1,105,0,0,0,ok,,eli2md 0.6.3,2026-09-29T23:24:45Z
MP/2026/755,2026,755,Zarządzenie,Zarządzenie nr 44 Prezesa Rady Ministrów z dnia 3 sierpnia 2026 r. w sprawie Rady do spraw promocji marki Polski,2026-08-03,2026-08-04,2026-08-05T11:14:36,e4723f8928129ba5759ee95fa0bcbd78979eaa501b76af55f982001317f7a334,3,848,0,0,0,ok,,eli2md 0.6.3,2026-09-29T23:24:45Z
MP/2026/756,2026,756,Uchwała,Uchwała Sejmu Rzeczypospolitej Polskiej z dnia 31 lipca 2026 r. w sprawie sprawozdania z wykonania budżetu państwa za okres od dnia 1 stycznia do dnia 31 grudnia 2025 r. oraz w sprawie absolutorium dla Rady Ministrów,2026-07-31,2026-08-05,2026-08-06T10:25:24,dfb8d11b4bc2d21f6fe9cb61180049e46091f60987be6463f62657ef449d84ac,1,159,0,0,0,ok,,eli2md 0.6.3,2026-09-29T23:24:45Z
MP/2026/757,2026,757,Obwieszczenie,"Obwieszczenie Ministra Finansów i Gospodarki z dnia 15 lipca 2026 r. w sprawie włączenia kwalifikacji sektorowej ""Montowanie okładzin wielkoformatowych z wyłączeniem okładzin miękkich"" do Zintegrowanego Systemu Kwalifikacji",2026-07-15,2026-08-05,2026-08-06T10:25:24,f6f447fcd8c16a136a0f3dcb924f2fec1d2214b03334fe078cc037d1a6d80e09,7,2617,0,0,0,ok,,eli2md 0.6.3,2026-09-29T23:24:45Z
MP/2026/758,2026,758,Zarządzenie,Zarządzenie nr 4 Marszałka Sejmu Rzeczypospolitej Polskiej z dnia 21 lipca 2026 r. w sprawie ryczałtu pieniężnego na czyszczenie przedmiotów umundurowania funkcjonariuszy Straży Marszałkowskiej,2026-07-21,2026-08-05,2026-08-06T10:25:24,7e027937211bd9e2bcd80989ad5c2a37ad78ea16f284c1efbdec42c0e6ac0b24,1,269,0,0,0,ok,,eli2md 0.6.3,2026-09-29T23:24:45Z
MP/2026/759,2026,759,Postanowienie,Postanowienie Prezydenta Rzeczypospolitej Polskiej z dnia 21 maja 2026 r. nr rej. 314/2026 o nadaniu orderu,2026-05-21,2026-08-05,2026-08-06T10:25:24,0ebf89544f571d8a3205fb341a250bfb10d788f11fd757bfea8e1b13f992fad5,1,86,0,0,0,ok,,eli2md 0.6.3,2026-09-29T23:24:45Z
MP/2026/760,2026,760,Postanowienie,Postanowienie Prezydenta Rzeczypospolitej Polskiej z dnia 22 maja 2026 r. nr rej. 315/2026 o nadaniu orderów i odznaczeń,2026-05-22,2026-08-05,2026-08-06T10:25:24,0121b3c881f837c4bc1060f787e2f142cd86552d124c7cde1eb4358aae5d650b,3,402,0,0,0,ok,,eli2md 0.6.3,2026-09-29T23:24:45Z
MP/2026/761,2026,761,Postanowienie,Postanowienie Prezydenta Rzeczypospolitej Polskiej z dnia 21 maja 2026 r. nr rej. 317/2026 o nadaniu orderu,2026-05-21,2026-08-05,2026-08-06T10:25:24,9196884802781c200247dc22ac01bf27e1ab1aa46a13f50d1866c5b34c94897f,1,87,0,0,0,ok,,eli2md 0.6.3,2026-09-29T23:24:45Z
MP/2026/762,2026,762,Postanowienie,Postanowienie Prezydenta Rzeczypospolitej Polskiej z dnia 21 maja 2026 r. nr rej. 318/2026 o nadaniu odznaczenia,2026-05-21,2026-08-05,2026-08-06T10:25:24,e1b43d04bf7f7e4b49786beb0eba17aacee6e0436f480fc4611b3949df6f532a,1,72,0,0,0,ok,,eli2md 0.6.3,2026-09-29T23:24:45Z
MP/2026/763,2026,763,Postanowienie,Postanowienie Prezydenta Rzeczypospolitej Polskiej z dnia 25 maja 2026 r. nr rej. 320/2026 o nadaniu odznaczeń,2026-05-25,2026-08-05,2026-08-06T10:25:24,c1df18b14c3c33e22574e991924c9602f3770bf440b38fbbb76f2996a8734749,1,98,0,0,0,ok,,eli2md 0.6.3,2026-09-29T23:24:45Z
MP/2026/764,2026,764,Postanowienie,Postanowienie Prezydenta Rzeczypospolitej Polskiej z dnia 26 maja 2026 r. nr rej. 322/2026 o nadaniu odznaczeń,2026-05-26,2026-08-05,2026-08-06T10:25:24,14beee893a594920549272427d76bb5d7ab9faa10dd50e13e7c6591aec010e1b,1,77,0,0,0,ok,,eli2md 0.6.3,2026-09-29T23:24:45Z
MP/2026/765,2026,765,Postanowienie,Postanowienie Prezydenta Rzeczypospolitej Polskiej z dnia 29 maja 2026 r. nr rej. 331/2026 o nadaniu odznaczenia,2026-05-29,2026-08-06,2026-08-07T10:30:03,dfa1c79be198f745d90f8691430619140d54092dcc54736614d49876e792f3a7,1,69,0,0,0,ok,,eli2md 0.6.3,2026-09-29T23:24:45Z
MP/2026/766,2026,766,Obwieszczenie,"Obwieszczenie Ministra Cyfryzacji z dnia 27 lipca 2026 r. w sprawie włączenia kwalifikacji wolnorynkowej ""Programowanie aplikacji wykorzystujących technologię rozszerzonej rzeczywistości (AR)"" do Zintegrowanego Systemu Kwalifikacji",2026-07-27,2026-08-06,2026-08-07T10:30:03,f5795c11ffc790a6cd8b007ce8feabc07f5296286e21d5ee7a9541e3f0a73abb,6,1745,0,0,0,ok,,eli2md 0.6.3,2026-09-29T23:24:45Z
MP/2026/767,2026,767,Uchwała,Uchwała Sejmu Rzeczypospolitej Polskiej z dnia 31 lipca 2026 r. w sprawie uczczenia pamięci uczestników Powstania Warszawskiego oraz ludności cywilnej Warszawy,2026-07-31,2026-08-06,2026-08-07T10:30:03,d11d7549bb393c4fbf13d980ccc5a914ff9a71b2a8f55a00796cfb7ce27c7dbd,1,435,0,0,0,ok,,eli2md 0.6.3,2026-09-29T23:24:45Z
MP/2026/768,2026,768,Obwieszczenie,"Obwieszczenie Ministra Sportu i Turystyki z dnia 9 lipca 2026 r. w sprawie włączenia kwalifikacji sektorowej ""Przygotowanie dań diety pudełkowej w cateringu dietetycznym"" do Zintegrowanego Systemu Kwalifikacji",2026-07-09,2026-08-06,2026-08-07T10:30:03,90f2d9f3481ebca62e00b01bdaea4281c11e939875c11a4be3060bf304519e8f,7,1733,0,0,0,ok,,eli2md 0.6.3,2026-09-29T23:24:45Z
MP/2026/769,2026,769,Zarządzenie,Zarządzenie nr 41 Prezesa Rady Ministrów z dnia 14 lipca 2026 r. w sprawie zniesienia Komisji do spraw wyjaśnienia mechanizmów represji wobec organizacji społeczeństwa obywatelskiego oraz działaczy społecznych w latach 2015-2023,2026-07-14,2026-08-07,2026-08-12T09:26:33,e5fb98eb5824d78df1e2288c6be4e177c12b1c426d78091921935bb6837e4f08,1,144,0,0,0,ok,,eli2md 0.6.3,2026-09-29T23:24:45Z
MP/2026/770,2026,770,Obwieszczenie,"Obwieszczenie Ministra Cyfryzacji z dnia 27 lipca 2026 r. w sprawie włączenia kwalifikacji wolnorynkowej ""Projektowanie i wdrażanie rozwiązań opartych na generatywnej sztucznej inteligencji (AI)"" do Zintegrowanego Systemu Kwalifikacji",2026-07-27,2026-08-07,2026-08-10T10:41:40,96f983b73e7b59849ac569b056740af9ba96628162a508ca3dab1d03d0298527,6,1679,0,0,0,ok,,eli2md 0.6.3,2026-09-29T23:24:45Z
MP/2026/771,2026,771,Obwieszczenie,Obwieszczenie Ministra Sprawiedliwości z dnia 3 sierpnia 2026 r. o wolnych stanowiskach sędziowskich,2026-08-03,2026-08-07,2026-08-10T10:41:40,2fcba76ad61f14455781d46440100ccfca3fd2199fd5261f88564718cc490f22,2,308,0,0,0,ok,,eli2md 0.6.3,2026-09-29T23:24:45Z
MP/2026/772,2026,772,Komunikat,Komunikat Prezesa Państwowej Agencji Atomistyki z dnia 4 sierpnia 2026 r. w sprawie sytuacji radiacyjnej kraju w II kwartale 2026 r.,2026-08-04,2026-08-07,2026-08-10T10:41:40,9fc8de63baa1df7836677d34f397517fab4919de297bf57d6e12fffbba45ec02,1,165,0,0,0,ok,,eli2md 0.6.3,2026-09-29T23:24:45Z
MP/2026/773,2026,773,Obwieszczenie,Obwieszczenie Ministra Edukacji z dnia 22 lipca 2026 r. w sprawie ogólnopolskiej sieci branżowych centrów umiejętności na lata 2023-2028,2026-07-22,2026-08-10,2026-08-11T10:15:54,d9bc7bb9511a20375b851b927a84bf730ccad76844452c9bf8a773923ebea0b2,16,4520,0,0,0,ok,,eli2md 0.6.3,2026-09-29T23:24:45Z
MP/2026/774,2026,774,Komunikat,Komunikat Ministra Rolnictwa i Rozwoju Wsi z dnia 6 sierpnia 2026 r. w sprawie zmienionych wytycznych szczegółowych w zakresie przyznawania i wypłaty pomocy finansowej w ramach Planu Strategicznego dla Wspólnej Polityki Rolnej na lata 2023-2027 dla interwencji I.13.1 LEADER/Rozwój Lokalny Kierowany przez Społeczność (RLKS) - komponent Wdrażanie LSR,2026-08-06,2026-08-10,2026-08-11T10:15:54,02ad7c5ed1afff7578cedb37e8f308cccf60b273797d1d8b8654fc8bcf48f492,1,190,0,0,0,ok,,eli2md 0.6.3,2026-09-29T23:24:45Z
MP/2026/775,2026,775,Komunikat,Komunikat Ministra Funduszy i Polityki Regionalnej z dnia 3 sierpnia 2026 r. w sprawie zmienionych wytycznych dotyczących korzystania z usług ekspertów w programach na lata 2021-2027,2026-08-03,2026-08-10,2026-08-11T10:15:54,62d3bd27a3fc15ee69ee30ea68f4423c99dfdd2f76673b425322cb9261b1734f,1,135,0,0,0,ok,,eli2md 0.6.3,2026-09-29T23:24:45Z
MP/2026/776,2026,776,Obwieszczenie,Obwieszczenie Ministra Finansów i Gospodarki z dnia 6 sierpnia 2026 r. w sprawie terminu uruchomienia usługi polegającej na przeprowadzaniu egzaminu na doradcę podatkowego przy wykorzystaniu systemu teleinformatycznego e-Doradca,2026-08-06,2026-08-10,2026-08-11T10:15:54,eb11df2b4065d7f19ebffd64a9b5380ea481b589788f0397b77d437d0d0647af,1,93,0,0,0,ok,,eli2md 0.6.3,2026-09-29T23:24:45Z
MP/2026/777,2026,777,Apel,Apel Senatu Rzeczypospolitej Polskiej z dnia 6 sierpnia 2026 r. w sprawie przeciwdziałania aktom wrogości w Polsce,2026-08-06,2026-08-10,2026-08-11T10:15:54,a1524458d56c33be06404f90fe41c1967fd4e9273874b47e376cfe6914b0392d,1,211,0,0,0,ok,,eli2md 0.6.3,2026-09-29T23:24:45Z
MP/2026/778,2026,778,Uchwała,Uchwała Senatu Rzeczypospolitej Polskiej z dnia 6 sierpnia 2026 r. w sprawie wyrażenia zgody na powołanie Prezesa Instytutu Pamięci Narodowej - Komisji Ścigania Zbrodni przeciwko Narodowi Polskiemu,2026-08-06,2026-08-10,2026-08-11T10:15:54,d24bf489ffc06ae08761bdf5249aa48ad10f8548b37cff85a6085f4ee9d0de34,1,85,0,0,0,ok,,eli2md 0.6.3,2026-09-29T23:24:45Z
MP/2026/779,2026,779,Komunikat,Komunikat Prezesa Głównego Urzędu Statystycznego z dnia 10 sierpnia 2026 r. w sprawie przeciętnego wynagrodzenia w drugim kwartale 2026 r.,2026-08-10,2026-08-11,2026-08-12T11:01:49,c71c0adfba237fba3b1d5bbb81e0fef2cfa33e001016ee90f12032ac17b0173a,1,75,0,0,0,ok,,eli2md 0.6.3,2026-09-29T23:24:45Z
MP/2026/780,2026,780,Obwieszczenie,Obwieszczenie Prokuratora Generalnego z dnia 7 sierpnia 2026 r. o wolnych stanowiskach prokuratorskich,2026-08-07,2026-08-11,2026-08-12T11:01:49,33ccd1987143aaca54685a9a53f59427581606159be69d9148a4af1ab86115a8,2,295,0,0,0,ok,,eli2md 0.6.3,2026-09-29T23:24:45Z
MP/2026/781,2026,781,Obwieszczenie,Obwieszczenie Ministra Finansów i Gospodarki z dnia 6 sierpnia 2026 r. w sprawie wysokości kwoty wymienionej w art. 41 § 1 ustawy - Ordynacja podatkowa na rok 2027,2026-08-06,2026-08-11,2026-08-12T11:01:49,343359a0352a5916f9ab3b39bc55a7898d272aa8c06bb47bc0d74321d816c81d,1,92,0,0,0,ok,,eli2md 0.6.3,2026-09-29T23:24:45Z
MP/2026/782,2026,782,Obwieszczenie,"Obwieszczenie Prezesa Urzędu Patentowego Rzeczypospolitej Polskiej z dnia 5 sierpnia 2026 r. o wskazaniu wystaw dających pierwszeństwo do uzyskania prawa ochronnego albo prawa z rejestracji, w przypadku wystawiania na nich wzoru użytkowego albo wzoru przemysłowego",2026-08-05,2026-08-11,2026-09-08T08:48:01,e39e035689763edb66837381c1879b3f48fa023557203ebed831598b4365932c,1,324,0,0,0,ok,,eli2md 0.6.3,2026-09-29T23:24:45Z
MP/2026/783,2026,783,Komunikat,"Komunikat Ministra Rolnictwa i Rozwoju Wsi z dnia 9 sierpnia 2026 r. w sprawie zmienionych wytycznych szczegółowych w zakresie przyznawania, wypłaty i zwrotu pomocy finansowej w ramach Planu Strategicznego dla Wspólnej Polityki Rolnej na lata 2023-2027 dla interwencji I.13.3 Promowanie, informowanie i marketing dotyczący żywności wytwarzanej w ramach systemów jakości żywności",2026-08-09,2026-08-11,2026-08-12T11:01:49,bab3428ff76a723b6c40c4134843cc362d09eb41b7a0c5d464f679a605b8e571,1,196,0,0,0,ok,,eli2md 0.6.3,2026-09-29T23:24:45Z
MP/2026/784,2026,784,Obwieszczenie,Obwieszczenie Ministra Finansów i Gospodarki z dnia 7 sierpnia 2026 r. w sprawie wysokości kwoty wymienionej w art. 262 § 1 ustawy - Ordynacja podatkowa na rok 2027,2026-08-07,2026-08-11,2026-08-12T11:01:49,de849d1c43f9c1b8268a47bd7e6783af088eab9fec86f6c377697ff013f0be77,1,91,0,0,0,ok,,eli2md 0.6.3,2026-09-29T23:24:45Z
MP/2026/785,2026,785,Uchwała,Uchwała Senatu Rzeczypospolitej Polskiej z dnia 6 sierpnia 2026 r. w 300. rocznicę kanonizacji św. Stanisława Kostki,2026-08-06,2026-08-12,2026-08-13T10:29:55,b1ca31a93bdd08dfa012d72cd54ee27f17559d0fdb7c8534a619000130b9548f,1,283,0,0,0,ok,,eli2md 0.6.3,2026-09-29T23:24:45Z
MP/2026/786,2026,786,Uchwała,"Uchwała Senatu Rzeczypospolitej Polskiej z dnia 5 sierpnia 2026 r. w 80. rocznicę śmierci Danuty Heleny Siedzikówny ps. ""Inka""",2026-08-05,2026-08-12,2026-08-13T10:29:55,1eb0e07836e54deac0d5f39c0fba802520ac1721ecce67875cadda4e4871945f,1,339,0,0,0,ok,,eli2md 0.6.3,2026-09-29T23:24:45Z
MP/2026/787,2026,787,Uchwała,Uchwała Senatu Rzeczypospolitej Polskiej z dnia 6 sierpnia 2026 r. w sprawie zmiany Regulaminu Senatu,2026-08-06,2026-08-12,2026-08-13T10:29:55,68ae807213e8ae0a1acc65af9aa0427f1f93a8fd258b11d7eee0cf604d8dbb2d,4,1604,0,0,0,ok,,eli2md 0.6.3,2026-09-29T23:24:45Z
MP/2026/788,2026,788,Postanowienie,Postanowienie Prezydenta Rzeczypospolitej Polskiej z dnia 19 czerwca 2026 r. nr rej. 83/2026 o nadaniu odznaczeń,2026-06-19,2026-08-13,2026-08-13T15:41:51,8fee7dd23bfaf5501a3475d011fb3d1a6bca728cf7734a59a41e1b7dca776daf,1,121,0,0,0,ok,,eli2md 0.6.3,2026-09-29T23:24:45Z
MP/2026/789,2026,789,Postanowienie,Postanowienie Prezydenta Rzeczypospolitej Polskiej z dnia 19 czerwca 2026 r. nr rej. 117/2026 o nadaniu odznaczeń,2026-06-19,2026-08-13,2026-08-13T15:41:51,819dc4359d2337d849c81278b92bed2dbf62d226c53285c9a66e2e0da1f6b663,1,121,0,0,0,ok,,eli2md 0.6.3,2026-09-29T23:24:45Z
MP/2026/790,2026,790,Postanowienie,Postanowienie Prezydenta Rzeczypospolitej Polskiej z dnia 19 czerwca 2026 r. nr rej. 118/2026 o nadaniu odznaczeń,2026-06-19,2026-08-13,2026-08-13T15:41:51,1c438da491c9768bfa5f0279615b37c40ae75c9c8db901a48173701c15fcef7c,1,149,0,0,0,ok,,eli2md 0.6.3,2026-09-29T23:24:45Z
MP/2026/791,2026,791,Postanowienie,Postanowienie Prezydenta Rzeczypospolitej Polskiej z dnia 19 czerwca 2026 r. nr rej. 120/2026 o nadaniu odznaczeń,2026-06-19,2026-08-13,2026-08-13T15:41:51,70aa785c22c4802745fcc52b76038dada0f57fd5bdc041343e7dd291985f925b,1,113,0,0,0,ok,,eli2md 0.6.3,2026-09-29T23:24:45Z
MP/2026/792,2026,792,Postanowienie,Postanowienie Prezydenta Rzeczypospolitej Polskiej z dnia 19 czerwca 2026 r. nr rej. 185/2026 o nadaniu orderów i odznaczeń,2026-06-19,2026-08-13,2026-08-13T15:41:52,30d7f27265787bf949e9b477daa884ce7055020bc5318708a760ba1f49a33483,2,279,0,0,0,ok,,eli2md 0.6.3,2026-09-29T23:24:45Z
MP/2026/793,2026,793,Postanowienie,Postanowienie Prezydenta Rzeczypospolitej Polskiej z dnia 27 marca 2026 r. nr 1130.1.2026 o powołaniu do pełnienia urzędu na stanowisku sędziego,2026-03-27,2026-08-13,2026-08-13T15:41:52,da7fd95df3a6da7cdd722136c03f63fa9b7fa06d28f4d730e95a57ac58f87b52,1,88,0,0,0,ok,,eli2md 0.6.3,2026-09-29T23:24:45Z
MP/2026/794,2026,794,Postanowienie,Postanowienie Prezydenta Rzeczypospolitej Polskiej z dnia 10 kwietnia 2026 r. nr 1130.2.2026 o powołaniu do pełnienia urzędu na stanowisku sędziego,2026-04-10,2026-08-13,2026-08-13T15:41:52,ae0382d3ca5d7780d9fad165d7f0dbb84b44263a8caf2fb95e531cc818da8bcb,1,58,0,0,0,ok,,eli2md 0.6.3,2026-09-29T23:24:45Z
MP/2026/795,2026,795,Postanowienie,Postanowienie Prezydenta Rzeczypospolitej Polskiej z dnia 10 kwietnia 2026 r. nr 1130.8.2026 o powołaniu do pełnienia urzędu na stanowisku sędziego,2026-04-10,2026-08-13,2026-08-13T15:41:52,8172aa3367569a3f073488954986c5dd1de6ae6cb83099e3e8cea6d21619288c,1,145,0,0,0,ok,,eli2md 0.6.3,2026-09-29T23:24:45Z
MP/2026/796,2026,796,Postanowienie,Postanowienie Prezydenta Rzeczypospolitej Polskiej z dnia 27 marca 2026 r. nr 1130.9.2026 o powołaniu do pełnienia urzędu na stanowisku sędziego,2026-03-27,2026-08-13,2026-08-13T15:41:52,e34333ce2bf7476f45c4e3204c5509ce16e85e25be429ef0ac8512260b682d8c,2,241,0,0,0,ok,,eli2md 0.6.3,2026-09-29T23:24:45Z
MP/2026/797,2026,797,Postanowienie,Postanowienie Prezydenta Rzeczypospolitej Polskiej z dnia 10 kwietnia 2026 r. nr 1130.10.2026 o powołaniu do pełnienia urzędu na stanowisku sędziego,2026-04-10,2026-08-13,2026-08-13T15:41:52,ae3e40db6492ffd87b49ec9507e9d9ea42dae050103e0c4d527df7b337f64829,1,219,0,0,0,ok,,eli2md 0.6.3,2026-09-29T23:24:45Z
MP/2026/798,2026,798,Obwieszczenie,Obwieszczenie Ministra Energii z dnia 14 sierpnia 2026 r. w sprawie maksymalnej ceny paliw ciekłych na stacji paliw,2026-08-14,2026-08-14,2026-08-17T09:40:10,6f763aac04d047efe40ce7497ffe7c932b9f3efb1feb4bb06a19ee575ad98335,1,210,0,0,0,ok,,eli2md 0.6.3,2026-09-29T23:24:45Z
MP/2026/799,2026,799,Obwieszczenie,Obwieszczenie Ministra Energii z dnia 17 sierpnia 2026 r. w sprawie maksymalnej ceny paliw ciekłych na stacji paliw,2026-08-17,2026-08-17,2026-08-18T07:47:06,6050eaf943c307bf1025d1d2420eee71e1d87780a02bdb6f821a70f5f6a9c167,1,204,0,0,0,ok,,eli2md 0.6.3,2026-09-29T23:24:45Z
MP/2026/800,2026,800,Ogłoszenie,Ogłoszenie Przewodniczącego Krajowej Rady Radiofonii i Telewizji z dnia 12 sierpnia 2026 r. w sprawie wysokości opłat za udzielenie koncesji na rozpowszechnianie programów radiowych i telewizyjnych w 2027 r.,2026-08-12,2026-08-17,2026-08-18T07:47:07,ac785b899784074ceee00316ebccca6a572fa28d622b00b2687ed5e19e4b9d32,2,675,0,0,0,ok,,eli2md 0.6.3,2026-09-29T23:24:45Z
MP/2026/801,2026,801,Postanowienie,Postanowienie Prezydenta Rzeczypospolitej Polskiej z dnia 19 czerwca 2026 r. nr rej. 230/2026 o nadaniu odznaczeń,2026-06-19,2026-08-17,2026-08-18T07:47:09,00ad35ccf4c3c0ab9a85e42dff600b9649d934c160daabd7ea9548cf40e0d2b6,1,122,0,0,0,ok,,eli2md 0.6.3,2026-09-29T23:24:45Z
MP/2026/802,2026,802,Postanowienie,Postanowienie Prezydenta Rzeczypospolitej Polskiej z dnia 18 czerwca 2026 r. nr rej. 258/2026 o nadaniu odznaczeń,2026-06-18,2026-08-17,2026-08-18T07:47:10,dd89da2a1bc914ad5749695bf29c1697afa92632ae9d7c6139dbeab8f0520535,2,191,0,0,0,ok,,eli2md 0.6.3,2026-09-29T23:24:45Z
MP/2026/803,2026,803,Postanowienie,Postanowienie Prezydenta Rzeczypospolitej Polskiej z dnia 19 czerwca 2026 r. nr rej. 283/2026 o nadaniu odznaczeń,2026-06-19,2026-08-17,2026-08-18T07:47:11,672b9b31e7edb37fe9c3f759988b5f44ef40e8a2dc98eab71a9015fe4e384cbe,3,398,0,0,0,ok,,eli2md 0.6.3,2026-09-29T23:24:45Z
MP/2026/804,2026,804,Postanowienie,Postanowienie Prezydenta Rzeczypospolitej Polskiej z dnia 19 czerwca 2026 r. nr rej. 311/2026 o nadaniu odznaczenia,2026-06-19,2026-08-17,2026-08-18T07:47:12,f5680e3bf4d84a655942c7948381199d1cb9af2c4671ab6a9d40a659818a0f97,1,75,0,0,0,ok,,eli2md 0.6.3,2026-09-29T23:24:45Z
MP/2026/805,2026,805,Postanowienie,Postanowienie Prezydenta Rzeczypospolitej Polskiej z dnia 19 czerwca 2026 r. nr rej. 319/2026 o nadaniu odznaczeń,2026-06-19,2026-08-17,2026-08-18T07:47:13,69247817d06f0e15d77bc949edb42beb8a897544b0b9b880ce3ca205863413bf,2,259,0,0,0,ok,,eli2md 0.6.3,2026-09-29T23:24:45Z
MP/2026/806,2026,806,Obwieszczenie,Obwieszczenie Ministra Sprawiedliwości z dnia 12 sierpnia 2026 r. o wolnych stanowiskach sędziowskich,2026-08-12,2026-08-17,2026-08-18T07:47:14,c1185a70f427c8740add8b5ac0f1dabcac32f42e52ed345f44d56ca66c19e9cb,2,308,0,0,0,ok,,eli2md 0.6.3,2026-09-29T23:24:45Z
MP/2026/807,2026,807,Obwieszczenie,Obwieszczenie Ministra Sprawiedliwości z dnia 13 sierpnia 2026 r. o wolnych stanowiskach sędziowskich,2026-08-13,2026-08-17,2026-08-18T07:47:15,6b6f8263ca1c671f9a331de3b98cf5f44877c64b32048a9456b790d6774cbecf,2,308,0,0,0,ok,,eli2md 0.6.3,2026-09-29T23:24:45Z
MP/2026/808,2026,808,Postanowienie,Postanowienie Prezydenta Rzeczypospolitej Polskiej z dnia 14 sierpnia 2026 r. nr 1131.30.2026 o zmianie w składzie Rady Ministrów,2026-08-14,2026-08-17,2026-08-18T10:41:35,4c349cad436a03a704c2223b1990c4bcaf3efbd241d4a8ea2de9d9e940cecf81,1,64,0,0,0,ok,,eli2md 0.6.3,2026-09-29T23:24:45Z
MP/2026/809,2026,809,Obwieszczenie,Obwieszczenie Ministra Energii z dnia 18 sierpnia 2026 r. w sprawie maksymalnej ceny paliw ciekłych na stacji paliw,2026-08-18,2026-08-18,2026-08-19T09:53:09,86b2fe70cbf8b4e503c2a33d875f241226fc8baf08dcce787463e7caa0998ba8,1,204,0,0,0,ok,,eli2md 0.6.3,2026-09-29T23:24:45Z
MP/2026/810,2026,810,Komunikat,"Komunikat Ministra Cyfryzacji z dnia 7 sierpnia 2026 r. w sprawie określenia dnia wdrożenia rozwiązań technicznych umożliwiających udostępnianie dokumentu ""Prawo wykonywania zawodu diagnosty laboratoryjnego"" w postaci dokumentu mobilnego, o którym mowa w art. 2 pkt 7 ustawy z dnia 26 maja 2023 r. o aplikacji mObywatel",2026-08-07,2026-08-18,2026-08-19T09:53:09,95f96c8b522d880985313cb33c76e12dba8b71d01073327ba99b070e73de7de5,1,127,0,0,0,ok,,eli2md 0.6.3,2026-09-29T23:24:45Z
MP/2026/811,2026,811,Postanowienie,Postanowienie Prezydenta Rzeczypospolitej Polskiej z dnia 19 czerwca 2026 r. nr rej. 319/2026 o nadaniu odznaczeń,2026-06-19,2026-08-18,2026-08-19T09:53:09,20efcb758469f793d4bd5ef7d466884293617d7c739f51bd6195502804c07b4c,2,266,0,0,0,ok,,eli2md 0.6.3,2026-09-29T23:24:45Z
MP/2026/812,2026,812,Postanowienie,Postanowienie Prezydenta Rzeczypospolitej Polskiej z dnia 2 lipca 2026 r. nr rej. 328/2026 o nadaniu odznaczeń,2026-07-02,2026-08-18,2026-08-19T09:53:09,b12b86589530e7eb6830055426e5b4311bd3095c3d24873e713bd99e5bf514f4,1,97,0,0,0,ok,,eli2md 0.6.3,2026-09-29T23:24:45Z
MP/2026/813,2026,813,Postanowienie,Postanowienie Prezydenta Rzeczypospolitej Polskiej z dnia 19 czerwca 2026 r. nr rej. 335/2026 o nadaniu odznaczeń,2026-06-19,2026-08-18,2026-08-19T09:53:09,aad0e4230de520fea5dff363d25fda77728f1529a22c88396db2b2a5d585083e,1,96,0,0,0,ok,,eli2md 0.6.3,2026-09-29T23:24:45Z
MP/2026/814,2026,814,Postanowienie,Postanowienie Prezydenta Rzeczypospolitej Polskiej z dnia 9 czerwca 2026 r. nr rej. 336/2026 o nadaniu odznaczenia,2026-06-09,2026-08-18,2026-08-19T09:53:10,7ec9a481519dcecca8adb0a2d871f0798c58b7951345c508ab61f819f0efc871,1,76,0,0,0,ok,,eli2md 0.6.3,2026-09-29T23:24:45Z
MP/2026/815,2026,815,Postanowienie,Postanowienie Prezydenta Rzeczypospolitej Polskiej z dnia 9 czerwca 2026 r. nr rej. 337/2026 o nadaniu odznaczeń,2026-06-09,2026-08-18,2026-08-19T09:54:01,b2965f38e9160f4836bdac275be080799c1582ec295a68dc880330a85929b889,1,107,0,0,0,ok,,eli2md 0.6.3,2026-09-29T23:24:45Z
MP/2026/816,2026,816,Postanowienie,Postanowienie Prezydenta Rzeczypospolitej Polskiej z dnia 9 czerwca 2026 r. nr rej. 338/2026 o nadaniu odznaczeń,2026-06-09,2026-08-18,2026-08-19T09:53:10,eb4ba8beb4a5c4840f966fe91ca3ca240122c2f451338819aa3cfbd0f2d837a1,1,82,0,0,0,ok,,eli2md 0.6.3,2026-09-29T23:24:45Z
MP/2026/817,2026,817,Postanowienie,Postanowienie Prezydenta Rzeczypospolitej Polskiej z dnia 9 czerwca 2026 r. nr rej. 340/2026 o nadaniu orderu,2026-06-09,2026-08-18,2026-08-19T09:53:10,2a8ea84ba89f5b859c8de6bd5ec126b06d7b7a33304adfc0b9e50e253c848465,1,79,0,0,0,ok,,eli2md 0.6.3,2026-09-29T23:24:45Z
MP/2026/818,2026,818,Postanowienie,Postanowienie Prezydenta Rzeczypospolitej Polskiej z dnia 1 lipca 2026 r. nr rej. 341/2026 o nadaniu odznaczeń,2026-07-01,2026-08-18,2026-08-19T09:53:10,4a42d0de61b82adc18a5001bede8491ce4e780fa5ead7897bc156543326f79ea,3,335,0,0,0,ok,,eli2md 0.6.3,2026-09-29T23:24:45Z
MP/2026/819,2026,819,Postanowienie,Postanowienie Prezydenta Rzeczypospolitej Polskiej z dnia 9 czerwca 2026 r. nr rej. 343/2026 o nadaniu odznaczeń,2026-06-09,2026-08-18,2026-08-19T09:57:57,40b6c7f89e33dd354106927422c6dc46cd362b54ffb4c3dbceb812a4af923d93,1,106,0,0,0,ok,,eli2md 0.6.3,2026-09-29T23:24:45Z
MP/2026/820,2026,820,Postanowienie,Postanowienie Prezydenta Rzeczypospolitej Polskiej z dnia 9 czerwca 2026 r. nr rej. 344/2026 o nadaniu odznaczeń,2026-06-09,2026-08-18,2026-08-19T09:53:10,fcf3d9a43e4358d2a9b77adc42571bca77e4bb7d54eb463e4567bef86a4f7e56,2,201,0,0,0,ok,,eli2md 0.6.3,2026-09-29T23:24:45Z
MP/2026/821,2026,821,Obwieszczenie,Obwieszczenie Ministra Energii z dnia 19 sierpnia 2026 r. w sprawie maksymalnej ceny paliw ciekłych na stacji paliw,2026-08-19,2026-08-19,2026-08-20T10:18:14,db49b329cf026d17cc782a8d28e855f77e734863152bca8ba8810c4a37d7c9de,1,204,0,0,0,ok,,eli2md 0.6.3,2026-09-29T23:24:45Z
MP/2026/822,2026,822,Postanowienie,Postanowienie Prezydenta Rzeczypospolitej Polskiej z dnia 9 czerwca 2026 r. nr rej. 345/2026 o nadaniu odznaczenia,2026-06-09,2026-08-19,2026-08-20T10:18:14,e40bdaa9b45ad73cf4bf163644dc825cf98d9f00766c1eeef677d00319737370,1,74,0,0,0,ok,,eli2md 0.6.3,2026-09-29T23:24:45Z
MP/2026/823,2026,823,Postanowienie,Postanowienie Prezydenta Rzeczypospolitej Polskiej z dnia 11 czerwca 2026 r. nr rej. 349/2026 o nadaniu orderów,2026-06-11,2026-08-19,2026-08-20T10:18:14,c4587d45f606d22fbf9c56c146d93ba960c445ecb25e7449a4cec7f302c523e9,1,82,0,0,0,ok,,eli2md 0.6.3,2026-09-29T23:24:45Z
MP/2026/824,2026,824,Postanowienie,Postanowienie Prezydenta Rzeczypospolitej Polskiej z dnia 13 czerwca 2026 r. nr rej. 352/2026 o nadaniu orderu i odznaczeń,2026-06-13,2026-08-19,2026-08-20T10:18:14,54ed112933147315c89a01cccec5b2a299e6555201ac49d74e39abe74a8a3756,1,114,0,0,0,ok,,eli2md 0.6.3,2026-09-29T23:24:45Z
MP/2026/825,2026,825,Postanowienie,Postanowienie Prezydenta Rzeczypospolitej Polskiej z dnia 19 czerwca 2026 r. nr rej. 354/2026 o nadaniu odznaczenia,2026-06-19,2026-08-19,2026-08-20T10:18:14,bd283d8b330883069d086b0e4918e003317d44ea7ebd86326b15c6380799cba0,1,69,0,0,0,ok,,eli2md 0.6.3,2026-09-29T23:24:45Z
MP/2026/826,2026,826,Postanowienie,Postanowienie Prezydenta Rzeczypospolitej Polskiej z dnia 1 lipca 2026 r. nr rej. 360/2026 o nadaniu odznaczeń,2026-07-01,2026-08-19,2026-08-20T10:18:14,8498155216c70eff7fadb024f43f0116797a9fe2e19fcaf17db0226a81ceb524,3,405,0,0,0,ok,,eli2md 0.6.3,2026-09-29T23:24:45Z
MP/2026/827,2026,827,Postanowienie,Postanowienie Prezydenta Rzeczypospolitej Polskiej z dnia 25 czerwca 2026 r. nr rej. 361/2026 o nadaniu odznaczenia,2026-06-25,2026-08-19,2026-08-20T10:18:15,c9adc953efb92c774bbd1ec059d6b78fce12cb73f0d8aeba2291f0777f257fc9,1,73,0,0,0,ok,,eli2md 0.6.3,2026-09-29T23:24:45Z
MP/2026/828,2026,828,Postanowienie,Postanowienie Prezydenta Rzeczypospolitej Polskiej z dnia 18 czerwca 2026 r. nr rej. 364/2026 o nadaniu odznaczenia,2026-06-18,2026-08-19,2026-08-20T10:18:15,b58919246599be3cf38fe9eee192e18282c440e3eb1dbfcab2619d142799ea5b,1,68,0,0,0,ok,,eli2md 0.6.3,2026-09-29T23:24:45Z
MP/2026/829,2026,829,Postanowienie,Postanowienie Prezydenta Rzeczypospolitej Polskiej z dnia 22 czerwca 2026 r. nr rej. 369/2026 o nadaniu orderu,2026-06-22,2026-08-19,2026-08-20T10:18:15,c0849bea5d72d97625d814d0105f463e8b205d4fc867dc59c6bef5a8147fc768,1,88,0,0,0,ok,,eli2md 0.6.3,2026-09-29T23:24:45Z
MP/2026/830,2026,830,Postanowienie,Postanowienie Prezydenta Rzeczypospolitej Polskiej z dnia 22 czerwca 2026 r. nr rej. 370/2026 o nadaniu odznaczenia,2026-06-22,2026-08-19,2026-08-20T10:18:15,0e0bbd5d2895a202cbf988d01abddd51d194c0bc297cc5c2f803df2bace6ef5a,1,70,0,0,0,ok,,eli2md 0.6.3,2026-09-29T23:24:45Z
MP/2026/831,2026,831,Postanowienie,Postanowienie Prezydenta Rzeczypospolitej Polskiej z dnia 20 lipca 2026 r. nr rej. 371/2026 o nadaniu odznaczeń,2026-07-20,2026-08-19,2026-08-25T09:10:30,8f4ae7e6f752633908cb811ff1889952f246b801f83267d3d56cfd65f80cc071,2,307,0,0,0,ok,,eli2md 0.6.3,2026-09-29T23:24:45Z
MP/2026/832,2026,832,Postanowienie,Postanowienie Prezydenta Rzeczypospolitej Polskiej z dnia 29 czerwca 2026 r. nr rej. 373/2026 o nadaniu orderów i odznaczeń,2026-06-29,2026-08-19,2026-08-20T10:18:15,dc8842c5bf0d6752be694a53d942dbaedcb7aa0bf65b55d14c78aa64dcc35254,3,432,0,0,0,ok,,eli2md 0.6.3,2026-09-29T23:24:45Z
MP/2026/833,2026,833,Postanowienie,Postanowienie Prezydenta Rzeczypospolitej Polskiej z dnia 22 czerwca 2026 r. nr rej. 374/2026 o nadaniu orderów i odznacz,2026-06-22,2026-08-19,2026-08-20T10:18:15,047c1e10405af867b82c7277b5f0a23837e4c02a3b5cda56f0b47bc98e15a950,1,144,0,0,0,ok,,eli2md 0.6.3,2026-09-29T23:24:45Z
MP/2026/834,2026,834,Postanowienie,Postanowienie Prezydenta Rzeczypospolitej Polskiej z dnia 29 czerwca 2026 r. nr rej. 375/2026 o nadaniu odznaczenia,2026-06-29,2026-08-19,2026-08-20T10:18:15,3704f6b8b98abd8d3e0d06e569c3064620d1eaa9123b09ce2e7a7e13bcb55e04,1,77,0,0,0,ok,,eli2md 0.6.3,2026-09-29T23:24:45Z
MP/2026/835,2026,835,Postanowienie,Postanowienie Prezydenta Rzeczypospolitej Polskiej z dnia 2 lipca 2026 r. nr rej. 377/2026 o nadaniu orderów i odznaczeń,2026-07-02,2026-08-19,2026-08-20T10:18:15,919e807ecd54015d1e29a40e56a73d1c1c8738b06e9be6c6c583ecd6edecbd81,2,168,0,0,0,ok,,eli2md 0.6.3,2026-09-29T23:24:45Z
MP/2026/836,2026,836,Postanowienie,Postanowienie Prezydenta Rzeczypospolitej Polskiej z dnia 25 czerwca 2026 r. nr rej. 383/2026 o nadaniu odznaczenia,2026-06-25,2026-08-19,2026-08-20T10:18:15,2d3a3f4b613344e73568600dc24d068e74fb4e25b5fcd98cae8ffaaa0a43075e,1,78,0,0,0,ok,,eli2md 0.6.3,2026-09-29T23:24:45Z
MP/2026/837,2026,837,Obwieszczenie,Obwieszczenie Ministra Energii z dnia 20 sierpnia 2026 r. w sprawie maksymalnej ceny paliw ciekłych na stacji paliw,2026-08-20,2026-08-20,2026-08-21T10:13:45,97081eb732cf3d107b073abc4cc7d9baabd7a2f72f4fff77e5f0b89d559e158e,1,204,0,0,0,ok,,eli2md 0.6.3,2026-09-29T23:24:45Z
MP/2026/838,2026,838,Komunikat,"Komunikat Prezesa Zakładu Ubezpieczeń Społecznych z dnia 18 sierpnia 2026 r. w sprawie wysokości wskaźnika kwartalnej waloryzacji składek na ubezpieczenie emerytalne, środków, odsetek za zwłokę i opłaty prolongacyjnej, zewidencjonowanych na subkoncie, za II kwartał 2026 r.",2026-08-18,2026-08-20,2026-08-21T10:13:45,40825787950d8e53a6db7091b7d53cbb95c01f36c9613d897a233f354a459caf,1,100,0,0,0,ok,,eli2md 0.6.3,2026-09-29T23:24:45Z
MP/2026/839,2026,839,Komunikat,Komunikat Prezesa Zakładu Ubezpieczeń Społecznych z dnia 18 sierpnia 2026 r. w sprawie kwot przychodu odpowiadających 70 % i 130 % przeciętnego miesięcznego wynagrodzenia ogłoszonego za II kwartał 2026 r. stosowanych przy zmniejszaniu albo zawieszaniu emerytur i rent,2026-08-18,2026-08-20,2026-08-21T10:13:45,36d3b43965c045739ba04d771961f799c666c0c0fcb3fc7ef740791bfa267ec6,1,125,0,0,0,ok,,eli2md 0.6.3,2026-09-29T23:24:45Z
MP/2026/840,2026,840,Postanowienie,Postanowienie Prezydenta Rzeczypospolitej Polskiej z dnia 30 czerwca 2026 r. nr rej. 388/2026 o nadaniu odznaczeń,2026-06-30,2026-08-20,2026-08-21T10:13:45,1e6df326cca7a41ad6398d3d8877d6479e58e153f82ddaa0c9ede74a705b2eb2,1,77,0,0,0,ok,,eli2md 0.6.3,2026-09-29T23:24:45Z
MP/2026/841,2026,841,Postanowienie,Postanowienie Prezydenta Rzeczypospolitej Polskiej z dnia 20 lipca 2026 r. nr rej. 393/2026 o nadaniu odznaczeń,2026-07-20,2026-08-20,2026-08-21T10:13:45,f67d7fe21e8db5a1338da7d6e24a90a4544f7b87c5077aa6fb0800092a257367,3,378,0,0,0,ok,,eli2md 0.6.3,2026-09-29T23:24:45Z
MP/2026/842,2026,842,Postanowienie,Postanowienie Prezydenta Rzeczypospolitej Polskiej z dnia 2 lipca 2026 r. nr rej. 394/2026 o nadaniu orderu,2026-07-02,2026-08-20,2026-08-21T10:13:45,6e1d380f66f1cc37d1616f1b990ed7d992744df2e52f2b6c1e022eef8df507d9,1,74,0,0,0,ok,,eli2md 0.6.3,2026-09-29T23:24:45Z
MP/2026/843,2026,843,Postanowienie,Postanowienie Prezydenta Rzeczypospolitej Polskiej z dnia 1 lipca 2026 r. nr rej. 395/2026 o nadaniu odznaczenia,2026-07-01,2026-08-20,2026-08-21T10:13:45,d3bb6002709f870f31430962f983bcb21bf881e0558a4c2d7ec8ca11bc26d6f7,1,74,0,0,0,ok,,eli2md 0.6.3,2026-09-29T23:24:45Z
MP/2026/844,2026,844,Postanowienie,Postanowienie Prezydenta Rzeczypospolitej Polskiej z dnia 2 lipca 2026 r. nr rej. 396/2026 o nadaniu orderu,2026-07-02,2026-08-20,2026-08-21T10:13:45,1a447f2f8e2f4b950c9a9aedf7618011b51ce7b3b3c5cc4e9c1567b42681329f,1,74,0,0,0,ok,,eli2md 0.6.3,2026-09-29T23:24:45Z
MP/2026/845,2026,845,Postanowienie,Postanowienie Prezydenta Rzeczypospolitej Polskiej z dnia 20 lipca 2026 r. nr rej. 397/2026 o nadaniu odznaczeń,2026-07-20,2026-08-20,2026-08-21T10:13:45,191fc1f9879447b73bbc32ae33170861d87b16ced56a572e363b3b16eabab5be,2,275,0,0,0,ok,,eli2md 0.6.3,2026-09-29T23:24:45Z
MP/2026/846,2026,846,Postanowienie,Postanowienie Prezydenta Rzeczypospolitej Polskiej z dnia 9 lipca 2026 r. nr rej. 400/2026 o nadaniu orderu,2026-07-09,2026-08-20,2026-08-21T10:13:46,29c63baf373a16afecd6de8c17501065e841b57853e0e872268da2756bd35eed,1,80,0,0,0,ok,,eli2md 0.6.3,2026-09-29T23:24:45Z
MP/2026/847,2026,847,Postanowienie,Postanowienie Prezydenta Rzeczypospolitej Polskiej z dnia 27 lipca 2026 r. nr rej. 406/2026 o nadaniu odznaczeń,2026-07-27,2026-08-20,2026-08-21T10:13:46,c37d5d45aa49426dc097e1323c6c1ae11e450115b0a4e4e28effa642a2a6d20c,3,451,0,0,0,ok,,eli2md 0.6.3,2026-09-29T23:24:45Z
MP/2026/848,2026,848,Postanowienie,Postanowienie Prezydenta Rzeczypospolitej Polskiej z dnia 21 lipca 2026 r. nr rej. 419/2026 o nadaniu odznaczenia,2026-07-21,2026-08-20,2026-08-21T10:13:46,e8bdb415758bc169c60c6f03d9e6e6a0d19c56a032912558b4fb39e6038cac54,1,80,0,0,0,ok,,eli2md 0.6.3,2026-09-29T23:24:45Z
MP/2026/849,2026,849,Postanowienie,Postanowienie Prezydenta Rzeczypospolitej Polskiej z dnia 27 lipca 2026 r. nr rej. 445/2026 o nadaniu orderów,2026-07-27,2026-08-20,2026-08-21T10:13:46,8030cc140169c5e144a29d2211b095ee15e72556e30c4ecbd0b3824c7596f7c2,2,234,0,0,0,ok,,eli2md 0.6.3,2026-09-29T23:24:45Z
MP/2026/850,2026,850,Obwieszczenie,Obwieszczenie Ministra Energii z dnia 21 sierpnia 2026 r. w sprawie maksymalnej ceny paliw ciekłych na stacji paliw,2026-08-21,2026-08-21,2026-08-24T10:12:22,d89ab16835871802267b87c6b558913cda09467032383c5b7ec52ff3632d614e,1,204,0,0,0,ok,,eli2md 0.6.3,2026-09-29T23:24:45Z
MP/2026/851,2026,851,Postanowienie,Postanowienie Prezydenta Rzeczypospolitej Polskiej z dnia 27 kwietnia 2026 r. nr 1130.12.2026 o powołaniu do pełnienia urzędu na stanowisku sędziego,2026-04-27,2026-08-21,2026-09-07T09:39:35,13506a1f94aa8cdba840bf9d6d58f8cdfc046b180ac32139328bcc7eb18108df,1,199,0,0,0,ok,,eli2md 0.6.3,2026-09-29T23:24:45Z
MP/2026/852,2026,852,Postanowienie,Postanowienie Prezydenta Rzeczypospolitej Polskiej z dnia 27 marca 2026 r. nr 1130.13.2026 o powołaniu do pełnienia urzędu na stanowisku sędziego,2026-03-27,2026-08-21,2026-08-24T10:12:22,535788c3f17e8db90148ec86a33a20ed652472cf095fcf8e9cbd640896dfaed3,1,57,0,0,0,ok,,eli2md 0.6.3,2026-09-29T23:24:45Z
MP/2026/853,2026,853,Postanowienie,Postanowienie Prezydenta Rzeczypospolitej Polskiej z dnia 10 kwietnia 2026 r. nr 1130.15.2026 o powołaniu do pełnienia urzędu na stanowisku sędziego,2026-04-10,2026-08-21,2026-08-24T10:12:22,722008f7583c3cab13f927bd190dbce8b63feb72d12e63dad5b91b6dd839f3e1,1,58,0,0,0,ok,,eli2md 0.6.3,2026-09-29T23:24:45Z
MP/2026/854,2026,854,Postanowienie,Postanowienie Prezydenta Rzeczypospolitej Polskiej z dnia 10 kwietnia 2026 r. nr 1130.11.2026 o powołaniu do pełnienia urzędu na stanowisku sędziego,2026-04-10,2026-08-21,2026-08-24T10:12:22,2e33769ce1baead65a9041ed11b67471fbefda9d834fa66d26f14cbfdf136c27,1,132,0,0,0,ok,,eli2md 0.6.3,2026-09-29T23:24:45Z
MP/2026/855,2026,855,Obwieszczenie,Obwieszczenie Ministra Energii z dnia 24 sierpnia 2026 r. w sprawie maksymalnej ceny paliw ciekłych na stacji paliw,2026-08-24,2026-08-24,2026-08-25T10:17:28,087570af5c22c8647aa7cc177ea46f39c693718bd96dc6438896ef8d95d61d3e,1,204,0,0,0,ok,,eli2md 0.6.3,2026-09-29T23:24:45Z
MP/2026/856,2026,856,Zarządzenie,"Zarządzenie nr 13/2026 Prezesa Narodowego Banku Polskiego z dnia 19 sierpnia 2026 r. w sprawie ustalenia wzoru, próby, masy i wielkości emisji monety o wartości nominalnej 10 zł ""Halina Konopacka - w służbie Ojczyźnie""",2026-08-19,2026-08-24,2026-08-25T10:17:28,93655a4188e7976b877bba03e851a7b94673984a7a7cd2970ce1b777988d1e91,2,203,0,0,0,ok,,eli2md 0.6.3,2026-09-29T23:24:45Z
MP/2026/857,2026,857,Obwieszczenie,"Obwieszczenie Ministra Rolnictwa i Rozwoju Wsi z dnia 11 sierpnia 2026 r. w sprawie włączenia kwalifikacji wolnorynkowej ""Wykorzystanie bezzałogowych statków powietrznych w uprawie roślin"" do Zintegrowanego Systemu Kwalifikacji",2026-08-11,2026-08-24,2026-08-25T10:17:28,aead33cf41136adeb87b222a9154877cbcb435bf3b8aa9701567edb17a7ee4d2,7,2046,0,0,0,ok,,eli2md 0.6.3,2026-09-29T23:24:45Z
MP/2026/858,2026,858,Obwieszczenie,Obwieszczenie Prezesa Zakładu Ubezpieczeń Społecznych z dnia 18 sierpnia 2026 r. w sprawie wskaźnika waloryzacji podstawy wymiaru zasiłku chorobowego przyjętej do obliczenia świadczenia rehabilitacyjnego w IV kwartale 2026 r.,2026-08-18,2026-08-24,2026-08-25T10:17:28,2753c7ca6c79bfe801adda922f7e12c340882342e8148d9f9c135e10d0a89281,1,89,0,0,0,ok,,eli2md 0.6.3,2026-09-29T23:24:45Z
MP/2026/859,2026,859,Postanowienie,Postanowienie Prezydenta Rzeczypospolitej Polskiej z dnia 17 lipca 2026 r. nr rej. 447/2026 o nadaniu orderu,2026-07-17,2026-08-24,2026-08-25T10:17:28,a32ed37ecc5461cc7f7b8e6432765dffa81cf0136df1d47d81a49075a9001b5e,1,102,0,0,0,ok,,eli2md 0.6.3,2026-09-29T23:24:45Z
MP/2026/860,2026,860,Postanowienie,Postanowienie Prezydenta Rzeczypospolitej Polskiej z dnia 20 lipca 2026 r. nr rej. 452/2026 o nadaniu orderu,2026-07-20,2026-08-24,2026-08-25T10:17:28,64d9f83ac98068b724b8001b62e76c52a3198054de35e6b75fba2a1ab099c4ab,1,83,0,0,0,ok,,eli2md 0.6.3,2026-09-29T23:24:45Z
MP/2026/861,2026,861,Postanowienie,Postanowienie Prezydenta Rzeczypospolitej Polskiej z dnia 22 lipca 2026 r. nr rej. 454/2026 o nadaniu odznaczenia,2026-07-22,2026-08-24,2026-08-25T10:17:28,1ca5b663e2b9e16d11a3831b37115790cf7f3516b4f758b2979902658e93b6f4,1,67,0,0,0,ok,,eli2md 0.6.3,2026-09-29T23:24:45Z
MP/2026/862,2026,862,Postanowienie,Postanowienie Prezydenta Rzeczypospolitej Polskiej z dnia 27 lipca 2026 r. nr rej. 461/2026 o nadaniu orderów i odznaczeń,2026-07-27,2026-08-24,2026-08-25T10:17:28,aa37fa347661c8fd8c0a86140fc9f004a606edf7ade8926a4d00a8c70bac73b7,2,261,0,0,0,ok,,eli2md 0.6.3,2026-09-29T23:24:45Z
MP/2026/863,2026,863,Postanowienie,Postanowienie Prezydenta Rzeczypospolitej Polskiej z dnia 28 lipca 2026 r. nr rej. 467/2026 o nadaniu orderu,2026-07-28,2026-08-24,2026-08-25T10:17:28,7ec315853f5005038a3214cfdd7f2c051bbfabd9021e8b1da8c55bfcec1542be,1,81,0,0,0,ok,,eli2md 0.6.3,2026-09-29T23:24:45Z
MP/2026/864,2026,864,Postanowienie,Postanowienie Prezydenta Rzeczypospolitej Polskiej z dnia 30 lipca 2026 r. nr rej. 475/2026 o nadaniu odznaczenia,2026-07-30,2026-08-24,2026-08-25T10:17:28,6e5b6d7a94e29d4b93d9ba8307dc9cca53719eca20dcbef0579057b76f004c3d,1,76,0,0,0,ok,,eli2md 0.6.3,2026-09-29T23:24:45Z
MP/2026/865,2026,865,Obwieszczenie,"Obwieszczenie Ministra Finansów i Gospodarki z dnia 19 sierpnia 2026 r. w sprawie włączenia kwalifikacji sektorowej ""Przetwarzanie oraz wykorzystanie danych ze skanowania laserowego"" do Zintegrowanego Systemu Kwalifikacji",2026-08-19,2026-08-24,2026-08-25T10:17:28,92e05fa90937329bb29a93fda27aec8f3c6557729ef0dd46693f5869d40f3e7b,4,1063,0,0,0,ok,,eli2md 0.6.3,2026-09-29T23:24:45Z
MP/2026/866,2026,866,Obwieszczenie,"Obwieszczenie Prezesa Narodowego Banku Polskiego z dnia 6 sierpnia 2026 r. w sprawie ogłoszenia jednolitego tekstu uchwały Zarządu Narodowego Banku Polskiego w sprawie warunków i zasad sprzedaży przez Narodowy Bank Polski monet, banknotów i numizmatów przeznaczonych na cele kolekcjonerskie oraz na inne cele",2026-08-06,2026-08-24,2026-08-25T10:17:28,9b80acb96a1468828f09a13c7e46db08b13d23cf19cc4fd1413a963621fc79d4,21,7734,0,0,0,ok,,eli2md 0.6.3,2026-09-29T23:24:45Z
MP/2026/867,2026,867,Obwieszczenie,Obwieszczenie Ministra Energii z dnia 25 sierpnia 2026 r. w sprawie maksymalnej ceny paliw ciekłych na stacji paliw,2026-08-25,2026-08-25,2026-08-26T10:23:56,3dd31c860d81a054cc8105ac471808a9bfb1cfe51ef02c7ea7a73b4d97aafaef,1,204,0,0,0,ok,,eli2md 0.6.3,2026-09-29T23:24:45Z
MP/2026/868,2026,868,Obwieszczenie,Obwieszczenie Ministra Rolnictwa i Rozwoju Wsi z dnia 21 sierpnia 2026 r. w sprawie wskaźnika referencyjnego stosunku obszarów trwałych użytków zielonych do całkowitej powierzchni użytków rolnych,2026-08-21,2026-08-25,2026-08-26T10:23:57,6d60c889bd7b23824b61ee252422a75d21ec2f787c381b4dff697d611cec19be,1,162,0,0,0,ok,,eli2md 0.6.3,2026-09-29T23:24:45Z
MP/2026/869,2026,869,Umowa międzynarodowa,"Umowa między Rządem Rzeczypospolitej Polskiej a Rządem Królestwa Arabii Saudyjskiej o zniesieniu obowiązku wizowego dla posiadaczy paszportów dyplomatycznych, służbowych i specjalnych, podpisana w Warszawie dnia 26 stycznia 2026 r.",2026-01-26,2026-08-25,2026-08-26T11:00:47,f810bddfaed63903ef6cd5a7913f367b5706aae933f1101106e98015740fa6f2,13,2126,12,1,8,ok,,eli2md 0.6.3,2026-09-29T23:24:45Z
MP/2026/870,2026,870,Oświadczenie rządowe,"Oświadczenie rządowe z dnia 4 sierpnia 2026 r. w sprawie związania Rzeczypospolitej Polskiej Umową między Rządem Rzeczypospolitej Polskiej a Rządem Królestwa Arabii Saudyjskiej o zniesieniu obowiązku wizowego dla posiadaczy paszportów dyplomatycznych, służbowych i specjalnych, podpisaną w Warszawie dnia 26 stycznia 2026 r.",2026-08-04,2026-08-25,2026-08-26T10:59:08,fbf90f0e5f2cef1d8e0c346bdee29e7193e57ea082be5b1d43bac45cdedef180,1,148,0,0,0,ok,,eli2md 0.6.3,2026-09-29T23:24:45Z
MP/2026/871,2026,871,Obwieszczenie,Obwieszczenie Ministra Spraw Zagranicznych z dnia 19 sierpnia 2026 r. w sprawie wykazu jednostek organizacyjnych podległych Ministrowi Spraw Zagranicznych lub przez niego nadzorowanych,2026-08-19,2026-08-25,2026-08-26T10:59:14,b7976f54373bc73083d9e361c4459422eca73ef71aa2e6499e2ec65865d1e6c1,12,3259,0,0,0,ok,,eli2md 0.6.3,2026-09-29T23:24:45Z
MP/2026/872,2026,872,Zarządzenie,Zarządzenie nr 45 Prezesa Rady Ministrów z dnia 20 sierpnia 2026 r. zmieniające zarządzenie w sprawie nadania statutu Urzędowi Regulacji Energetyki,2026-08-20,2026-08-25,2026-08-26T10:23:57,f1a4db28b69573924d91feeadbc0838a160a6254850550158b14d8a516e1b833,1,225,0,0,0,ok,,eli2md 0.6.3,2026-09-29T23:24:45Z
MP/2026/873,2026,873,Obwieszczenie,Obwieszczenie Ministra Energii z dnia 26 sierpnia 2026 r. w sprawie maksymalnej ceny paliw ciekłych na stacji paliw,2026-08-26,2026-08-26,2026-08-27T13:55:43,04e4c563553928bb3fc542c55c4571e45bfe0f13153134424dc465c2d7ca8f1a,1,204,0,0,0,ok,,eli2md 0.6.3,2026-09-29T23:24:45Z
MP/2026/874,2026,874,Obwieszczenie,"Obwieszczenie Ministra Rolnictwa i Rozwoju Wsi z dnia 20 sierpnia 2026 r. w sprawie wskaźnika trwałych użytków zielonych w 2026 r. oraz wielkości, o jaką wskaźnik ten jest większy albo mniejszy od wskaźnika referencyjnego w 2026 r.",2026-08-20,2026-08-26,2026-08-27T13:55:44,e5f2a7effe13ca2f970814733b0c3b6a0574ff02000744433f84683222c121a2,1,208,0,0,0,ok,,eli2md 0.6.3,2026-09-29T23:24:45Z
MP/2026/875,2026,875,Komunikat,"Komunikat Ministra Rolnictwa i Rozwoju Wsi z dnia 24 sierpnia 2026 r. w sprawie zmienionych wytycznych szczegółowych w zakresie przyznawania, wypłaty i zwrotu pomocy finansowej w ramach Planu Strategicznego dla Wspólnej Polityki Rolnej na lata 2023-2027 dla interwencji I.14.2 Kompleksowe doradztwo rolnicze - moduł 2 Doradztwo grupowe",2026-08-24,2026-08-26,2026-08-27T13:55:45,1d99e36dddf3e8ad05decb91910a6dfd36d1c3c575ecdf96282b02c67b522d85,1,188,0,0,0,ok,,eli2md 0.6.3,2026-09-29T23:24:45Z
MP/2026/876,2026,876,Zarządzenie,Zarządzenie nr 46 Prezesa Rady Ministrów z dnia 25 sierpnia 2026 r. zmieniające zarządzenie w sprawie nadania statutu Ministerstwu Cyfryzacji,2026-08-25,2026-08-26,2026-08-27T13:55:46,e65e5810adc54c7a567aa6a53cc42353414bb874d24e73881484d78cef3854bf,1,147,0,0,0,ok,,eli2md 0.6.3,2026-09-29T23:24:45Z
MP/2026/877,2026,877,Obwieszczenie,Obwieszczenie Prezesa Naczelnego Sądu Administracyjnego z dnia 24 sierpnia 2026 r. o wolnych stanowiskach asesorskich w Wojewódzkim Sądzie Administracyjnym w Warszawie,2026-08-24,2026-08-26,2026-08-27T13:55:47,dcae94ed93d51875602537af42f4c1a0418c64c4f9c9eb3c8d3ff2f4269116e8,1,234,0,0,0,ok,,eli2md 0.6.3,2026-09-29T23:24:45Z
MP/2026/878,2026,878,Obwieszczenie,Obwieszczenie Ministra Energii z dnia 27 sierpnia 2026 r. w sprawie maksymalnej ceny paliw ciekłych na stacji paliw,2026-08-27,2026-08-27,2026-08-28T10:45:49,e6f432769894a60b3899cb7f854327ccc8f2f25d6710c28f993ea1c37bbb39af,1,204,0,0,0,ok,,eli2md 0.6.3,2026-09-29T23:24:45Z
MP/2026/879,2026,879,Umowa międzynarodowa,"Umowa między Rządem Rzeczypospolitej Polskiej a Rządem Republiki Czeskiej o wzajemnej współpracy w dziedzinie obronności, podpisana w Pradze dnia 3 czerwca 2022 r.",2022-06-03,2026-08-27,2026-08-28T10:45:49,d743b57eacc9c08bbb6d34a685862e48271e207fd4fc92aceb1f8cd953cb46f4,18,3237,17,1,16,ok,,eli2md 0.6.3,2026-09-29T23:24:45Z
MP/2026/880,2026,880,Oświadczenie rządowe,"Oświadczenie rządowe z dnia 13 maja 2026 r. o związaniu Rzeczypospolitej Polskiej Umową między Rządem Rzeczypospolitej Polskiej a Rządem Republiki Czeskiej o wzajemnej współpracy w dziedzinie obronności, podpisaną w Pradze dnia 3 czerwca 2022 r.",2026-05-13,2026-08-27,2026-08-28T10:45:49,abe54949b01ebe5fc7dd3d28e372412de198d92bfab2bc291d5ab15f1b86991d,1,118,0,0,0,ok,,eli2md 0.6.3,2026-09-29T23:24:45Z
MP/2026/881,2026,881,Obwieszczenie,Obwieszczenie Prezesa Naczelnego Sądu Administracyjnego z dnia 25 sierpnia 2026 r. o wolnych stanowiskach asesorskich w Wojewódzkim Sądzie Administracyjnym w Warszawie,2026-08-25,2026-08-27,2026-08-28T10:45:49,cd004222215dcea2390b5e0a54d229619ad6b84f674c15457606c8b6fa12db83,1,234,0,0,0,ok,,eli2md 0.6.3,2026-09-29T23:24:45Z
MP/2026/882,2026,882,Obwieszczenie,Obwieszczenie Ministra Energii z dnia 28 sierpnia 2026 r. w sprawie maksymalnej ceny paliw ciekłych na stacji paliw,2026-08-28,2026-08-28,2026-08-31T10:31:29,e4d6d2a885ffc9452c48041dd4a3d817cd129cb859faec9e0b77aec3904da9d8,1,204,0,0,0,ok,,eli2md 0.6.3,2026-09-29T23:24:45Z
MP/2026/883,2026,883,Zarządzenie,Zarządzenie nr 51 Prezesa Rady Ministrów z dnia 27 sierpnia 2026 r. zmieniające zarządzenie w sprawie nadania statutu Ministerstwu Kultury i Dziedzictwa Narodowego,2026-08-27,2026-08-28,2026-08-31T10:31:29,a1cf2e1509a73ef47df5bfced8f800d0617f6c02b49684fa6d424c050621817b,1,175,0,0,0,ok,,eli2md 0.6.3,2026-09-29T23:24:45Z
MP/2026/884,2026,884,Obwieszczenie,"Obwieszczenie Ministra Cyfryzacji z dnia 13 sierpnia 2026 r. w sprawie włączenia kwalifikacji sektorowej ""Projektowanie i tworzenie gier komputerowych"" do Zintegrowanego Systemu Kwalifikacji",2026-08-13,2026-08-28,2026-08-31T10:31:30,e676ac25f0ff851fb142d27d67a112fb817e6fed8fa5d5be5add38c900ca0e77,7,1675,0,0,0,ok,,eli2md 0.6.3,2026-09-29T23:24:45Z
MP/2026/885,2026,885,Obwieszczenie,"Obwieszczenie Prezesa Kasy Rolniczego Ubezpieczenia Społecznego z dnia 27 sierpnia 2026 r. w sprawie wysokości miesięcznej składki na ubezpieczenie wypadkowe, chorobowe i macierzyńskie w IV kwartale 2026 r.",2026-08-27,2026-08-28,2026-08-31T10:31:30,b048caf119a377adf64fb67918ffd394a0214c2a15f4319548eee8aba4f3917e,1,82,0,0,0,ok,,eli2md 0.6.3,2026-09-29T23:24:45Z
MP/2026/886,2026,886,Zarządzenie,Zarządzenie nr 52 Prezesa Rady Ministrów z dnia 28 sierpnia 2026 r. zmieniające zarządzenie w sprawie Komitetu Ekonomicznego Rady Ministrów,2026-08-28,2026-08-31,2026-09-01T10:46:10,c2a412c156bcd67c1b3c6673c9035982d03fa75da082965b77ef965d3723276c,1,137,0,0,0,ok,,eli2md 0.6.3,2026-09-29T23:24:45Z
MP/2026/887,2026,887,Zarządzenie,"Zarządzenie nr 53 Prezesa Rady Ministrów z dnia 28 sierpnia 2026 r. zmieniające zarządzenie w sprawie Zespołu ""e-Legislacja""",2026-08-28,2026-08-31,2026-09-01T10:46:10,3a2ee728213f557bd56975f9760bdfaa76f9d532b8e6a9b14da487fa17783151,1,138,0,0,0,ok,,eli2md 0.6.3,2026-09-29T23:24:45Z
MP/2026/888,2026,888,Postanowienie,Postanowienie Prezydenta Rzeczypospolitej Polskiej z dnia 27 sierpnia 2026 r. o użyciu oddziałów i pododdziałów Sił Zbrojnych Rzeczypospolitej Polskiej do pomocy oddziałom i pododdziałom Policji,2026-08-27,2026-08-31,2026-09-01T10:46:10,b13bd2817d084b143d4e74abf06a8f7fcc9d44663d78541e4c846f2ecf5712e2,1,124,0,0,0,ok,,eli2md 0.6.3,2026-09-29T23:24:45Z
MP/2026/889,2026,889,Postanowienie,Postanowienie Marszałka Senatu Rzeczypospolitej Polskiej z dnia 27 sierpnia 2026 r. w sprawie stwierdzenia wygaśnięcia mandatu senatora Mirosława Różańskiego,2026-08-27,2026-08-31,2026-09-01T10:46:10,2b8d60fe1af232bc3e35fc02226e17ed4c713bafe4eabc32584a1dcdb776f601,1,83,0,0,0,ok,,eli2md 0.6.3,2026-09-29T23:24:45Z
MP/2026/890,2026,890,Postanowienie,Postanowienie Prezydenta Rzeczypospolitej Polskiej z dnia 30 sierpnia 2026 r. o przedłużeniu okresu użycia Polskiego Kontyngentu Wojskowego w Republice Libańskiej,2026-08-30,2026-08-31,2026-09-01T10:46:10,184256e72925decb978b9fe18e0f8c516c5cff3345779f7fc2cec6058a3980c8,1,245,0,0,0,ok,,eli2md 0.6.3,2026-09-29T23:24:45Z
MP/2026/891,2026,891,Uchwała,Uchwała nr 177 Rady Ministrów z dnia 31 sierpnia 2026 r. zmieniająca uchwałę w sprawie koordynacji procesu legislacyjnego wdrażającego deregulację,2026-08-31,2026-09-02,2026-09-03T10:09:37,a92678a3d68697dbfd6c59c903a48a4387ab4c184431100045510f5531e60c81,1,194,0,0,0,ok,,eli2md 0.6.3,2026-09-29T23:24:45Z
MP/2026/892,2026,892,Obwieszczenie,Obwieszczenie Ministra Sprawiedliwości z dnia 2 września 2026 r. o wolnych stanowiskach sędziowskich,2026-08-13,2026-08-17,2026-09-07T10:35:38,ce7fba86b39544b0f73a35cfc65105d03a489328d67cf04b8499a37c70ee2051,2,309,0,0,0,ok,,eli2md 0.6.3,2026-09-29T23:24:45Z
MP/2026/893,2026,893,Postanowienie,Postanowienie Prezydenta Rzeczypospolitej Polskiej z dnia 10 kwietnia 2026 r. nr 1130.16.2026 o powołaniu do pełnienia urzędu na stanowisku sędziego,2026-04-10,2026-09-04,2026-09-07T10:35:38,da4924ec006a02e90bde7722ed8d0888c723043ee9372d2c58072114d6b3ab1c,1,59,0,0,0,ok,,eli2md 0.6.3,2026-09-29T23:24:45Z
MP/2026/894,2026,894,Postanowienie,Postanowienie Prezydenta Rzeczypospolitej Polskiej z dnia 10 kwietnia 2026 r. nr 1130.17.2026 o powołaniu do pełnienia urzędu na stanowisku sędziego,2026-04-10,2026-09-04,2026-09-07T10:35:38,c2c584c11785379fbafb8da52ad4854b04fbbe6e592be318fd984c7988fab5ad,1,57,0,0,0,ok,,eli2md 0.6.3,2026-09-29T23:24:45Z
MP/2026/895,2026,895,Postanowienie,Postanowienie Prezydenta Rzeczypospolitej Polskiej z dnia 27 kwietnia 2026 r. nr 1130.18.2026 o powołaniu do pełnienia urzędu na stanowisku sędziego,2026-04-27,2026-09-04,2026-09-07T10:35:38,2f33a4852c48cf5675f0ad7cbb5bc1235e026dcd816bd494fb8f41e291b13b84,1,192,0,0,0,ok,,eli2md 0.6.3,2026-09-29T23:24:45Z
MP/2026/896,2026,896,Obwieszczenie,Obwieszczenie Ministra Finansów i Gospodarki z dnia 23 sierpnia 2026 r. w sprawie ogłoszenia rejestru aktuariuszy,2026-08-23,2026-09-07,2026-09-08T09:22:30,846f44cd945d83538b0ef75cc9b47afeac0447ed2a7ac197f6a5ee9c988af11d,14,3757,0,0,0,ok,,eli2md 0.6.3,2026-09-29T23:24:45Z
MP/2026/897,2026,897,Obwieszczenie,"Obwieszczenie Prezesa Urzędu Patentowego Rzeczypospolitej Polskiej z dnia 3 września 2026 r. o wskazaniu wystaw dających pierwszeństwo do uzyskania prawa ochronnego albo prawa z rejestracji, w przypadku wystawiania na nich wzoru użytkowego albo wzoru przemysłowego",2026-09-03,2026-09-07,2026-09-08T09:22:30,bb1b0c737a2a5bb8183306897e315e74837dc83e7471e2c817f44a38ae686aba,1,185,0,0,0,ok,,eli2md 0.6.3,2026-09-29T23:24:45Z
MP/2026/898,2026,898,Obwieszczenie,Obwieszczenie Ministra Sprawiedliwości z dnia 4 września 2026 r. o wolnych stanowiskach sędziowskich,2026-09-04,2026-09-08,2026-09-09T09:58:23,18da79da4221631fcd92c412c702fa5c3a5535d8429b145a83d5ea1ebd49caf7,2,307,0,0,0,ok,,eli2md 0.6.3,2026-09-29T23:24:45Z
MP/2026/899,2026,899,Obwieszczenie,"Obwieszczenie Ministra Edukacji z dnia 24 sierpnia 2026 r. w sprawie włączenia kwalifikacji wolnorynkowej ""Kształtowanie u dzieci i młodzieży kompetencji przyszłości z wykorzystaniem gier dydaktycznych"" do Zintegrowanego Systemu Kwalifikacji",2026-08-24,2026-09-08,2026-09-09T09:58:23,7878649fab6f6d2f888ff3bb50216bacbecc1808cce3232bd148901cc277536f,9,2704,0,0,0,ok,,eli2md 0.6.3,2026-09-29T23:24:45Z
MP/2026/900,2026,900,Uchwała,Uchwała Sejmu Rzeczypospolitej Polskiej z dnia 4 września 2026 r. w sprawie wyboru sędziego Trybunału Konstytucyjnego,2026-09-04,2026-09-08,2026-09-09T09:58:23,a6b5553e199e66c2d087fc57cafca2cfe6161134ff79c8caba9493d32d42ca88,1,80,0,0,0,ok,,eli2md 0.6.3,2026-09-29T23:24:45Z
MP/2026/901,2026,901,Uchwała,Uchwała Sejmu Rzeczypospolitej Polskiej z dnia 4 września 2026 r. w sprawie zmiany Regulaminu Sejmu Rzeczypospolitej Polskiej,2026-09-04,2026-09-08,2026-09-09T09:58:23,99ca84def86cff426f5d9d0003d33ff44e8605386df5c0c71624ff3b13acecd6,1,93,0,0,0,ok,,eli2md 0.6.3,2026-09-29T23:24:45Z
MP/2026/902,2026,902,Obwieszczenie,Obwieszczenie Prezesa Naczelnego Sądu Administracyjnego z dnia 7 września 2026 r. o wolnych stanowiskach asesorskich w Wojewódzkim Sądzie Administracyjnym w Warszawie,2026-09-07,2026-09-09,2026-09-10T09:18:11,8f6e110971ad5a300096489ea443b33daf82bad55b1e6dd699ee3c441122f1df,1,234,0,0,0,ok,,eli2md 0.6.3,2026-09-29T23:24:45Z
MP/2026/903,2026,903,Obwieszczenie,Obwieszczenie Prezesa Naczelnego Sądu Administracyjnego z dnia 7 września 2026 r. o wolnym stanowisku asesorskim w Wojewódzkim Sądzie Administracyjnym w Szczecinie,2026-09-07,2026-09-09,2026-09-10T09:18:11,f46af81dc93ee48b9ef6e86dacba0e6812202e03edbce059269cda13f4a4b2ab,1,234,0,0,0,ok,,eli2md 0.6.3,2026-09-29T23:24:45Z
MP/2026/904,2026,904,Obwieszczenie,"Obwieszczenie Ministra Rodziny, Pracy i Polityki Społecznej z dnia 4 września 2026 r. w sprawie wskaźnika waloryzacji składek na ubezpieczenie emerytalne za II kwartał 2026 r.",2026-09-04,2026-09-09,2026-09-10T09:18:11,ade11c1c16711fa0043e94e235ef0e7174d350c32e2acfbd2a5100f05fd10ded,1,87,0,0,0,ok,,eli2md 0.6.3,2026-09-29T23:24:45Z
MP/2026/905,2026,905,Komunikat,"Komunikat Ministra Rolnictwa i Rozwoju Wsi z dnia 4 września 2026 r. w sprawie zmienionych wytycznych szczegółowych w zakresie przyznawania, wypłaty i zwrotu pomocy finansowej w ramach Planu Strategicznego dla Wspólnej Polityki Rolnej na lata 2023-2027 dla interwencji I.13.2 Tworzenie i rozwój organizacji producentów i grup producentów rolnych",2026-09-04,2026-09-09,2026-09-10T09:18:12,4d8328635c006716863d070d15eb64ce39073ebb17a6734f4eb6192df3203210,1,190,0,0,0,ok,,eli2md 0.6.3,2026-09-29T23:24:45Z
MP/2026/906,2026,906,Uchwała,Uchwała Sejmu Rzeczypospolitej Polskiej z dnia 4 września 2026 r. w sprawie wyrażenia zgody na przedłużenie okresu obowiązywania czasowego ograniczenia prawa do złożenia wniosku o udzielenie ochrony międzynarodowej na granicy państwowej z Republiką Białorusi,2026-09-04,2026-09-09,2026-09-10T09:18:12,cc8dcf1ca796d4052aeaa32585e21bbfe6597d6560311b73ff2c474dcba05a69,1,350,0,0,0,ok,,eli2md 0.6.3,2026-09-29T23:24:45Z
MP/2026/907,2026,907,Obwieszczenie,"Obwieszczenie Ministra Sportu i Turystyki z dnia 11 sierpnia 2026 r. w sprawie modyfikacji kwalifikacji sektorowej ""Planowanie i prowadzenie procesu dydaktycznego w snowboardzie""",2026-08-11,2026-09-10,2026-09-11T10:42:06,53036939498475f6cbe9e68038180b834fc18c447a1dd9e954e9c39d86155a5b,9,2981,0,0,0,ok,,eli2md 0.6.3,2026-09-29T23:24:45Z
MP/2026/908,2026,908,Obwieszczenie,"Obwieszczenie Ministra Sportu i Turystyki z dnia 11 sierpnia 2026 r. w sprawie modyfikacji kwalifikacji sektorowej ""Prowadzenie procesu dydaktycznego w snowboardzie""",2026-08-11,2026-09-10,2026-09-11T10:42:06,b89696aaa286f7333c7dcb6a2686fd667574beac403faebe3dd54b409abdc247,10,2939,0,0,0,ok,,eli2md 0.6.3,2026-09-29T23:24:45Z
MP/2026/909,2026,909,Uchwała,"Uchwała nr 171 Rady Ministrów z dnia 2 września 2026 r. w sprawie ustanowienia programu wieloletniego pod nazwą ""Krajowy program poszukiwań surowców krytycznych""",2026-09-02,2026-09-10,2026-09-11T10:42:06,f63a8fad68b7510c63e8f7faaa48d0426dcb31da0e542aee648b00f410add727,81,21187,0,1,0,ok,,eli2md 0.6.3,2026-09-29T23:24:45Z
MP/2026/910,2026,910,Umowa międzynarodowa,"Porozumienie między Rządem Rzeczypospolitej Polskiej a Rządem Republiki Rwandy o podejmowaniu działalności zarobkowej przez członków rodziny członka misji dyplomatycznej lub urzędu konsularnego, podpisane w Warszawie dnia 24 lipca 2026 r.",2026-07-24,2026-09-11,2026-09-15T08:39:04,65f3c3c62118c3871c5991b8ec24f865791235f12cbe58f47991f9425deaef7e,10,2382,9,1,9,ok,,eli2md 0.6.3,2026-09-29T23:24:45Z
MP/2026/911,2026,911,Oświadczenie rządowe,"Oświadczenie rządowe z dnia 21 sierpnia 2026 r. w sprawie związania Rzeczypospolitej Polskiej Porozumieniem między Rządem Rzeczypospolitej Polskiej a Rządem Republiki Rwandy o podejmowaniu działalności zarobkowej przez członków rodziny członka misji dyplomatycznej lub urzędu konsularnego, podpisanym w Warszawie dnia 24 lipca 2026 r.",2026-08-21,2026-09-11,2026-09-15T08:38:39,42e1895b9beb3a93d3f5cf9d15b6cc3e81187a42662bd4c001bdbec50dc983b8,1,150,0,0,0,ok,,eli2md 0.6.3,2026-09-29T23:24:45Z
MP/2026/912,2026,912,Uchwała,Uchwała nr 185 Rady Ministrów z dnia 10 września 2026 r. zmieniająca uchwałę w sprawie ustanowienia Rządowego Programu Przeciwdziałania Przemocy Domowej na lata 2024-2030,2026-09-10,2026-09-16,2026-09-17T09:49:32,13d704d906e94508e65b5ec71417938f2a139c5faab12f65be8186aeddcaf04d,3,876,0,0,0,ok,,eli2md 0.6.3,2026-09-29T23:24:45Z
MP/2026/913,2026,913,Postanowienie,Postanowienie Prezydenta Rzeczypospolitej Polskiej z dnia 27 lipca 2026 r. nr 115.10.2026 w sprawie nadania tytułu profesora,2026-07-27,2026-09-16,2026-09-17T09:49:32,9ba6e318982d61e25eada834dacbe9718e984f9c778aeaf213f625a09624bc82,3,864,0,0,0,ok,,eli2md 0.6.3,2026-09-29T23:24:45Z
MP/2026/914,2026,914,Postanowienie,Postanowienie Prezydenta Rzeczypospolitej Polskiej z dnia 27 lipca 2026 r. nr 115.11.2026 w sprawie nadania tytułu profesora,2026-07-27,2026-09-16,2026-09-17T09:49:32,588bc20d12e640e7226a1c8c5ab9dbb990d85b6133f1d27f9a8058befbfc7b1b,2,620,0,0,0,ok,,eli2md 0.6.3,2026-09-29T23:24:45Z
MP/2026/915,2026,915,Postanowienie,Postanowienie Prezydenta Rzeczypospolitej Polskiej z dnia 6 sierpnia 2026 r. nr 115.12.2026 w sprawie nadania tytułu profesora,2026-08-06,2026-09-16,2026-09-17T09:49:32,fdd3ba66260fec7bd964e1414935498511b84c754569f24e32471119bffc6ffa,2,562,0,0,0,ok,,eli2md 0.6.3,2026-09-29T23:24:45Z
MP/2026/916,2026,916,Obwieszczenie,Obwieszczenie Prezesa Polskiego Komitetu Normalizacyjnego z dnia 15 lipca 2026 r. w sprawie wykazu norm zharmonizowanych,2026-07-15,2026-09-17,2026-09-18T10:34:41,1c180e6e75d8794fb721a56529d2663df0107f304bb10d1157f51c85ac89053f,373,89702,0,0,0,ok,,eli2md 0.6.3,2026-09-29T23:24:45Z
MP/2026/917,2026,917,Ogłoszenie,Ogłoszenie Przewodniczącego Krajowej Rady Radiofonii i Telewizji z dnia 11 września 2026 r. o możliwości uzyskania koncesji na rozpowszechnianie programu radiowego,2026-09-11,2026-09-17,2026-09-18T10:34:42,9e59cca4052749ecb664b7baf7478d526b0708d9c0ea1a038b09de076c7959e2,2,879,0,0,0,ok,,eli2md 0.6.3,2026-09-29T23:24:45Z
MP/2026/918,2026,918,Ogłoszenie,Ogłoszenie Przewodniczącego Krajowej Rady Radiofonii i Telewizji z dnia 11 września 2026 r. o możliwości uzyskania koncesji na rozpowszechnianie programu radiowego,2026-09-11,2026-09-17,2026-09-18T10:34:42,a40780a15b094d0d097b1378412b4905ba95a3cdd4d9236747709799db1f9768,2,887,0,0,0,ok,,eli2md 0.6.3,2026-09-29T23:24:45Z
MP/2026/919,2026,919,Ogłoszenie,Ogłoszenie Przewodniczącego Krajowej Rady Radiofonii i Telewizji z dnia 11 września 2026 r. o możliwości uzyskania koncesji na rozpowszechnianie programu radiowego,2026-09-11,2026-09-17,2026-09-18T10:34:42,ce99c675403b7df51324392a5db61aa449255ec902335d739c1783cbf9d432b9,2,875,0,0,0,ok,,eli2md 0.6.3,2026-09-29T23:24:45Z
MP/2026/920,2026,920,Uchwała,Uchwała Sejmu Rzeczypospolitej Polskiej z dnia 17 września 2026 r. w sprawie wyrażenia przez Sejm Rzeczypospolitej Polskiej zgody na zatrzymanie i tymczasowe aresztowanie posła Wojciecha Króla,2026-09-17,2026-09-17,2026-09-18T10:34:42,e9a41ed805fad348c4cb3d35304f056dd832695e99e1b30e50e6dd3d0cb34575,1,97,0,0,0,ok,,eli2md 0.6.3,2026-09-29T23:24:45Z
MP/2026/921,2026,921,Komunikat,"Komunikat Ministra Rolnictwa i Rozwoju Wsi z dnia 15 września 2026 r. w sprawie zmienionych wytycznych szczegółowych w zakresie przyznawania, wypłaty i zwrotu pomocy finansowej w ramach Planu Strategicznego dla Wspólnej Polityki Rolnej na lata 2023-2027 dla interwencji I.13.5 Współpraca Grup Operacyjnych EPI",2026-09-15,2026-09-18,2026-09-21T10:19:13,6b3b6ac7c3622f99dc2dcf5b0a8634f6c26bf83fbe7d00a444b12ec880f1f693,1,180,0,0,0,ok,,eli2md 0.6.3,2026-09-29T23:24:45Z
MP/2026/922,2026,922,Obwieszczenie,Obwieszczenie Ministra Sprawiedliwości z dnia 16 września 2026 r. o wolnych stanowiskach sędziowskich,2026-09-16,2026-09-18,2026-09-21T10:19:13,3bace3a904f0d8e5c52d6afff546adf18ff6197359b13d372b0343613d46a486,2,308,0,0,0,ok,,eli2md 0.6.3,2026-09-29T23:24:45Z
MP/2026/923,2026,923,Zarządzenie,"Zarządzenie nr 15/2026 Prezesa Narodowego Banku Polskiego z dnia 16 września 2026 r. w sprawie ustalenia wzorów, próby, masy i wielkości emisji monet o wartości nominalnej 10 zł i 200 zł, upamiętniających 120-lecie Szkoły Głównej Handlowej w Warszawie",2026-09-16,2026-09-18,2026-09-21T10:19:13,51b32911dd23b896602c8fbbec0d663e31dc3fdb1119e1f7054f678d7c9a3b8c,3,287,0,0,0,ok,,eli2md 0.6.3,2026-09-29T23:24:45Z
MP/2026/924,2026,924,Postanowienie,Postanowienie Prezydenta Rzeczypospolitej Polskiej z dnia 18 września 2026 r. o przedłużeniu okresu użycia Polskiego Kontyngentu Wojskowego w szkoleniowej misji wojskowej Unii Europejskiej w Republice Środkowoafrykańskiej,2026-09-18,2026-09-18,2026-09-21T10:19:13,ae226512a24c33f5d7cadeb89f0a9cf01df7ae93a1f46269290c2a459c365eb2,1,200,0,0,0,ok,,eli2md 0.6.3,2026-09-29T23:24:45Z
MP/2026/925,2026,925,Uchwała,Uchwała Sejmu Rzeczypospolitej Polskiej z dnia 17 września 2026 r. w sprawie zmiany Regulaminu Sejmu Rzeczypospolitej Polskiej,2026-09-17,2026-09-21,2026-09-22T09:59:39,268a395635d6d9cec7a559dbd909faadc6a3741a775939cedf493ec8dd48ec72,1,71,0,0,0,ok,,eli2md 0.6.3,2026-09-29T23:24:45Z
MP/2026/926,2026,926,Zarządzenie,Zarządzenie nr 56 Prezesa Rady Ministrów z dnia 18 września 2026 r. zmieniające zarządzenie w sprawie Komitetu Rady Ministrów do spraw Nadzoru nad Wdrażaniem Polityki Rządu,2026-09-18,2026-09-21,2026-09-22T09:59:39,2d4f1c1c2489460fe2271e784d5939559e777509745d2ae8ec0604abf4797806,1,284,0,0,0,ok,,eli2md 0.6.3,2026-09-29T23:24:45Z
MP/2026/927,2026,927,Ogłoszenie,Ogłoszenie Przewodniczącego Krajowej Rady Radiofonii i Telewizji z dnia 11 września 2026 r. o możliwości uzyskania koncesji na rozpowszechnianie programu radiowego,2026-09-11,2026-09-21,2026-09-22T09:59:39,387b43815b57de514872c432f94fe7bacdebfc9b89197a98ba941be1bc6f06dd,2,872,0,0,0,ok,,eli2md 0.6.3,2026-09-29T23:24:45Z
MP/2026/928,2026,928,Obwieszczenie,Obwieszczenie Prezesa Głównego Urzędu Statystycznego z dnia 18 września 2026 r. w sprawie wysokości przeciętnego dochodu z pracy w indywidualnych gospodarstwach rolnych z 1 ha przeliczeniowego w 2025 r.,2026-09-18,2026-09-22,2026-09-23T10:17:03,d4234e28aa850b2d3f3be737bd9973fc4d7ca5f631f3817babf708543d1b454d,1,83,0,0,0,ok,,eli2md 0.6.3,2026-09-29T23:24:45Z
MP/2026/929,2026,929,Ogłoszenie,Ogłoszenie Przewodniczącego Krajowej Rady Radiofonii i Telewizji z dnia 11 września 2026 r. o możliwości uzyskania koncesji na rozpowszechnianie programu radiowego,2026-09-11,2026-09-22,2026-09-23T10:17:03,eecb2a630324fc1cf95672e72f8e60ee7bd7f5d2be767b05b379188b9247a345,2,909,0,0,0,ok,,eli2md 0.6.3,2026-09-29T23:24:45Z
MP/2026/930,2026,930,Ogłoszenie,Ogłoszenie Przewodniczącego Krajowej Rady Radiofonii i Telewizji z dnia 11 września 2026 r. o możliwości uzyskania koncesji na rozpowszechnianie programu radiowego,2026-09-11,2026-09-22,2026-09-23T10:17:03,75f9b0e6611fb3c681f4e3a837c606a0720febc97758fcfe53fc908a59225fc6,2,804,0,0,0,ok,,eli2md 0.6.3,2026-09-29T23:24:45Z
MP/2026/931,2026,931,Obwieszczenie,"Obwieszczenie Ministra Cyfryzacji z dnia 8 września 2026 r. w sprawie włączenia kwalifikacji sektorowej ""Projektowanie i programowanie aplikacji mobilnych (MOBILE DEVELOPER)"" do Zintegrowanego Systemu Kwalifikacji",2026-09-08,2026-09-22,2026-09-23T10:17:04,248bcae5cee577ddaf90d2b920ace911bcd8983269f0837eaf2d16bd4f83aa9d,10,2620,0,0,0,ok,,eli2md 0.6.3,2026-09-29T23:24:45Z
MP/2026/932,2026,932,Komunikat,Komunikat Ministra Rolnictwa i Rozwoju Wsi z dnia 18 września 2026 r. w sprawie zmienionych wytycznych w zakresie podziału środków dostępnych w ramach niektórych interwencji Planu Strategicznego dla Wspólnej Polityki Rolnej na lata 2023-2027,2026-09-18,2026-09-22,2026-09-23T10:17:04,1ac526558a63418bcd7467a2d4c6ebda79c2893bfe0e0eb61e899b01cbfe0044,1,162,0,0,0,ok,,eli2md 0.6.3,2026-09-29T23:24:45Z
MP/2026/933,2026,933,Uchwała,Uchwała Sejmu Rzeczypospolitej Polskiej z dnia 18 września 2026 r. w sprawie wyrażenia przez Sejm Rzeczypospolitej Polskiej zgody na pociągnięcie do odpowiedzialności karnej posła Tadeusza Chrzana za czyn określony w punkcie pierwszym wniosku z dnia 17 czerwca 2026 r. przedłożonego przez prokuratora Prokuratury Okręgowej w Przemyślu,2026-09-18,2026-09-23,2026-09-24T10:19:57,1ab7b73ee140e3d771bc482f6e44667bf4fdadfd13c06bac1e7283edf1db6b0c,1,122,0,0,0,ok,,eli2md 0.6.3,2026-09-29T23:24:45Z
MP/2026/934,2026,934,Uchwała,Uchwała Sejmu Rzeczypospolitej Polskiej z dnia 18 września 2026 r. w sprawie wyrażenia przez Sejm Rzeczypospolitej Polskiej zgody na pociągnięcie do odpowiedzialności karnej posła Tadeusza Chrzana za czyn określony w punkcie drugim wniosku z dnia 17 czerwca 2026 r. przedłożonego przez prokuratora Prokuratury Okręgowej w Przemyślu,2026-09-18,2026-09-23,2026-09-24T10:19:57,18a9ca417bf1e18f9454f6c0e09aec3b073db1fa90542872095dd10cd03c2422,1,122,0,0,0,ok,,eli2md 0.6.3,2026-09-29T23:24:45Z
MP/2026/935,2026,935,Ogłoszenie,Ogłoszenie Przewodniczącego Krajowej Rady Radiofonii i Telewizji z dnia 11 września 2026 r. o możliwości uzyskania koncesji na rozpowszechnianie programu radiowego,2026-09-11,2026-09-24,2026-09-25T10:28:36,faa2a0e1251cfafd3754b44eebc801aedc8dc9306af0ae074535e037595f22b0,2,893,0,0,0,ok,,eli2md 0.6.3,2026-09-29T23:24:45Z
MP/2026/936,2026,936,Obwieszczenie,Obwieszczenie Ministra Sprawiedliwości z dnia 23 września 2026 r. o wolnych stanowiskach sędziowskich,2026-09-23,2026-09-24,2026-09-25T10:28:37,9ab2804f8acc23a707ec6c416b27c7e9e7f2c9556d036177da5f5a543f824c3a,2,307,0,0,0,ok,,eli2md 0.6.3,2026-09-29T23:24:45Z
MP/2026/937,2026,937,Uchwała,Uchwała Sejmu Rzeczypospolitej Polskiej z dnia 18 września 2026 r. w sprawie Sprawozdania Krajowej Rady Radiofonii i Telewizji z działalności w 2025 roku,2026-09-18,2026-09-24,2026-09-25T10:28:37,f9bb2b511f9f6320e5fe37af300aa01f76b00871ef71b92473a496e756639949,1,168,0,0,0,ok,,eli2md 0.6.3,2026-09-29T23:24:45Z
MP/2026/938,2026,938,Uchwała,Uchwała Sejmu Rzeczypospolitej Polskiej z dnia 18 września 2026 r. w sprawie Informacji o działalności Rady Mediów Narodowych w 2025 roku,2026-09-18,2026-09-24,2026-09-25T10:28:37,fd20962180b662b1e22e2f7ebcbcf445ab9cce3fcee21cd76c681f4d36efb09f,1,38,0,0,0,ok,,eli2md 0.6.3,2026-09-29T23:24:45Z
MP/2026/939,2026,939,Zarządzenie,Zarządzenie nr 12 Marszałka Sejmu Rzeczypospolitej Polskiej z dnia 21 września 2026 r. w sprawie ustalenia wzoru legitymacji służbowej pracownika Państwowej Inspekcji Pracy wykonującego lub nadzorującego czynności kontrolne,2026-09-21,2026-09-24,2026-09-25T10:28:37,f1786f9ab754d9fb067f36754e533ca2c6276deae5ffb223b0b05b2d3c7e26cf,3,548,0,1,0,ok,,eli2md 0.6.3,2026-09-29T23:24:45Z
MP/2026/940,2026,940,Obwieszczenie,Obwieszczenie Ministra Sprawiedliwości z dnia 22 września 2026 r. o wolnych stanowiskach sędziowskich,2026-09-22,2026-09-25,2026-09-28T10:53:42,fd50877d47d3c08328e51116ca497fc42cb144938de47ec9ce888854e50ffb79,1,120,0,0,0,ok,,eli2md 0.6.3,2026-09-29T23:24:45Z
MP/2026/941,2026,941,Uchwała,Uchwała Sejmu Rzeczypospolitej Polskiej z dnia 18 września 2026 r. w sprawie ustanowienia roku 2027 Rokiem Tadeusza Mazowieckiego,2026-09-18,2026-09-25,2026-09-28T10:53:42,5900aa536d213db10afbe878d74355d18277acf364ad993c67bef9ff706a1616,1,432,0,0,0,ok,,eli2md 0.6.3,2026-09-29T23:24:45Z
MP/2026/942,2026,942,Uchwała,Uchwała Sejmu Rzeczypospolitej Polskiej z dnia 18 września 2026 r. w sprawie ustanowienia roku 2027 Rokiem Jerzego Żurawlewa w 100-lecie pierwszego Konkursu Chopinowskiego,2026-09-18,2026-09-25,2026-09-28T10:53:42,48d6b9ab0bfd951990ab617351e58b313a7b33dfc6d9a9658139b422329bc0bd,1,446,0,0,0,ok,,eli2md 0.6.3,2026-09-29T23:24:45Z
MP/2026/943,2026,943,Uchwała,Uchwała nr 6/2026 Rady Polityki Pieniężnej z dnia 8 września 2026 r. w sprawie ustalenia założeń polityki pieniężnej na rok 2027,2026-09-08,2026-09-25,2026-09-28T10:53:42,9488b5d25e8bb6780e20846e5b581672ab4c497f1d6ba7ef2181b957539badd2,12,2824,0,0,0,ok,,eli2md 0.6.3,2026-09-29T23:24:45Z
MP/2026/944,2026,944,Uchwała,Uchwała Sejmu Rzeczypospolitej Polskiej z dnia 18 września 2026 r. w sprawie ustanowienia roku 2027 Rokiem Świętego Andrzeja Boboli,2026-09-18,2026-09-25,2026-09-28T10:53:42,ce677a611c67c772d78f15f219132d1cd8a3f1cc42ce47bdb3313c9b6dbc57c3,2,655,0,0,0,ok,,eli2md 0.6.3,2026-09-29T23:24:45Z
MP/2026/945,2026,945,Uchwała,Uchwała Sejmu Rzeczypospolitej Polskiej z dnia 18 września 2026 r. w sprawie powołania Przewodniczącego Komisji Rozwoju i Bezpieczeństwa Sztucznej Inteligencji,2026-09-18,2026-09-25,2026-09-28T10:53:42,4cd9db330a44fa44684705c91cf986ab5d7c1a932f2d33095fc55e1d3174c404,1,74,0,0,0,ok,,eli2md 0.6.3,2026-09-29T23:24:45Z
MP/2026/946,2026,946,Uchwała,Uchwała Senatu Rzeczypospolitej Polskiej z dnia 24 września 2026 r. w sprawie wyrażenia zgody na powołanie Przewodniczącego Komisji Rozwoju i Bezpieczeństwa Sztucznej Inteligencji,2026-09-24,2026-09-25,2026-09-28T10:53:42,ad18c9a86768b95a7555696acc1b03dad62c57452b6c53ee00d0935d55e9b92d,1,68,0,0,0,ok,,eli2md 0.6.3,2026-09-29T23:24:45Z
MP/2026/947,2026,947,Uchwała,Uchwała Senatu Rzeczypospolitej Polskiej z dnia 23 września 2026 r. w 50. rocznicę powstania Komitetu Obrony Robotników,2026-09-23,2026-09-25,2026-09-28T10:53:42,9deac5e14a044b1436249ed4b4589c3ad538026a4700ef9ad177f02def3c2341,1,321,0,0,0,ok,,eli2md 0.6.3,2026-09-29T23:24:45Z
MP/2026/948,2026,948,Uchwała,"Uchwała nr 195 Rady Ministrów z dnia 25 września 2026 r. zmieniająca uchwałę w sprawie ustanowienia programu wieloletniego pod nazwą ""Program wspierania inwestycji infrastrukturalnych w związku z realizacją kluczowych inwestycji w zakresie strategicznej infrastruktury energetycznej, w tym elektrowni jądrowej, w województwie pomorskim""",2026-09-25,2026-09-25,2026-09-28T10:53:42,c887f31972de00a5eff411c017acb19ad9dbcefd79a278fe640d201d446fead7,6,1318,0,0,0,ok,,eli2md 0.6.3,2026-09-29T23:24:45Z
MP/2026/949,2026,949,Postanowienie,Postanowienie Prezydenta Rzeczypospolitej Polskiej z dnia 25 września 2026 r. o użyciu oddziałów i pododdziałów Sił Zbrojnych Rzeczypospolitej Polskiej do pomocy Straży Granicznej,2026-09-25,2026-09-25,2026-09-28T10:53:42,5b0618ccf8ed1149fd95db7bdd7c2784fd7efd88d29cbc0736929348734bb251,1,130,0,0,0,ok,,eli2md 0.6.3,2026-09-29T23:24:45Z
MP/2026/950,2026,950,Obwieszczenie,"Obwieszczenie Ministra Klimatu i Środowiska z dnia 21 września 2026 r. w sprawie rocznej średniej ceny paliw lotniczych, SAF i syntetycznych paliw lotniczych oraz różnic między tymi cenami za rok 2025",2026-09-21,2026-09-28,2026-09-29T11:21:06,7a073dd1179c1ac69b2d279092717402ef8fd02d13837f6d2329aacc96c2f5a6,1,142,0,0,0,ok,,eli2md 0.6.3,2026-09-29T23:24:45Z
MP/2026/951,2026,951,Zarządzenie,"Zarządzenie nr 17/2026 Prezesa Narodowego Banku Polskiego z dnia 24 września 2026 r. w sprawie ustalenia wzoru, próby, masy i wielkości emisji monety o wartości nominalnej 50 zł, upamiętniającej powrót Pomorza Gdańskiego do Polski w 1466 roku",2026-09-24,2026-09-28,2026-09-29T11:21:06,5bb4e9daa0317d61b43ff0d130ae9e824b51072e930021d92a19df5b2f33fdb8,2,210,0,0,0,ok,,eli2md 0.6.3,2026-09-29T23:24:45Z
MP/2026/952,2026,952,Zarządzenie,"Zarządzenie nr 18/2026 Prezesa Narodowego Banku Polskiego z dnia 24 września 2026 r. w sprawie ustalenia wzoru, próby, masy i wielkości emisji monety o wartości nominalnej 10 zł, upamiętniającej 220. rocznicę powstania przeciwko Królestwu Prus",2026-09-24,2026-09-28,2026-09-29T11:21:06,b3bdca61618d7c5efa4862c6f0bfe278645e4a836d888ef88ede2d4fe15ee61f,2,207,0,0,0,ok,,eli2md 0.6.3,2026-09-29T23:24:45Z
MP/2026/953,2026,953,Uchwała,Uchwała Senatu Rzeczypospolitej Polskiej z dnia 23 września 2026 r. w 50. rocznicę śmierci Stanisława Grochowiaka,2026-09-23,2026-09-28,2026-09-29T11:21:06,c53f084495123b34741eb73e86381d8692c31116997ae7b4f239ff7c4aded7be,1,298,0,0,0,ok,,eli2md 0.6.3,2026-09-29T23:24:45Z
MP/2026/954,2026,954,Uchwała,Uchwała Sejmu Rzeczypospolitej Polskiej z dnia 18 września 2026 r. w sprawie ustanowienia roku 2027 Rokiem Konstytucji Rzeczypospolitej Polskiej z dnia 2 kwietnia 1997 r.,2026-09-18,2026-09-28,2026-09-29T11:21:06,a6f12e0d531e81132ddffeae981d9cee565b070e99e6fe60095e9150cc240b78,1,364,0,0,0,ok,,eli2md 0.6.3,2026-09-29T23:24:45Z
MP/2026/955,2026,955,Uchwała,Uchwała Sejmu Rzeczypospolitej Polskiej z dnia 18 września 2026 r. w sprawie wyboru wicemarszałka Sejmu,2026-09-18,2026-09-28,2026-09-29T11:21:06,36508114e198fba521546a75cbed4cb6aca5c7417f353e93a0b2b9376c115c3c,1,55,0,0,0,ok,,eli2md 0.6.3,2026-09-29T23:24:45Z
